PathwayID,Pathway,Score,Score2,Score3,ProductSMILES,Polymer
1,gonP1;gonP2;gonP3;gonP4;gonP5,0.9100754137182931,0.9907716170422917,0.8562779448356276,C(C)C(=O)C([*])C(-O)C(C)C(O)C([*])C(-O)C([*])C(-O)C=CC=CCCCC(O)CCCC(O)CC(O)CC(O)CC(=O)C(C)C(O)CC,(mmal-pk-ohmmal)(pk-pk-ccmal)(ccmal-redmal)(ohmal-redmal-ohmal)(ohmal-ohmal-mal-ohmmal-redmal)
2,gonP2;gonP3;gonP4;gonP5;gonP1,0.7943609201411856,0.8331475477311987,0.7685031684145103,C([*])C(-O)C([*])C(-O)C=CC=CCCCC(O)CCCC(O)CC(O)CC(O)CC(=O)C(C)C(O)CCC(C)C(=O)C([*])C(-O)C(C)C(O),(pk-pk-ccmal)(ccmal-redmal)(ohmal-redmal-ohmal)(ohmal-ohmal-mal-ohmmal-redmal)(mmal-pk-ohmmal)
3,gonP1;gonP5;gonP2;gonP3;gonP4,0.7796052782944999,0.8109830345912762,0.758686774096649,C(C)C(=O)C([*])C(-O)C(C)C(O)CC(O)CC(O)CC(=O)C(C)C(O)CCC([*])C(-O)C([*])C(-O)C=CC=CCCCC(O)CCCC(O),(mmal-pk-ohmmal)(ohmal-ohmal-mal-ohmmal-redmal)(pk-pk-ccmal)(ccmal-redmal)(ohmal-redmal-ohmal)
4,gonP5;gonP1;gonP2;gonP3;gonP4,0.7786442106826182,0.8410683370295234,0.7370281264513482,CC(O)CC(O)CC(=O)C(C)C(O)CCC(C)C(=O)C([*])C(-O)C(C)C(O)C([*])C(-O)C([*])C(-O)C=CC=CCCCC(O)CCCC(O),(ohmal-ohmal-mal-ohmmal-redmal)(mmal-pk-ohmmal)(pk-pk-ccmal)(ccmal-redmal)(ohmal-redmal-ohmal)
5,gonP3;gonP4;gonP5;gonP1;gonP2,0.7713111812363616,0.8331475477311987,0.7300869369064703,C=CCCCC(O)CCCC(O)CC(O)CC(O)CC(=O)C(C)C(O)CCC(C)C(=O)C([*])C(-O)C(C)C(O)C([*])C(-O)C([*])C(-O)C=C,(ccmal-redmal)(ohmal-redmal-ohmal)(ohmal-ohmal-mal-ohmmal-redmal)(mmal-pk-ohmmal)(pk-pk-ccmal)
6,gonP4;gonP5;gonP1;gonP2;gonP3,0.7668065981827052,0.8331475477311987,0.7225792984837095,CC(O)CCCC(O)CC(O)CC(O)CC(=O)C(C)C(O)CCC(C)C(=O)C([*])C(-O)C(C)C(O)C([*])C(-O)C([*])C(-O)C=CC=CCC,(ohmal-redmal-ohmal)(ohmal-ohmal-mal-ohmmal-redmal)(mmal-pk-ohmmal)(pk-pk-ccmal)(ccmal-redmal)
7,gonP2;gonP3;gonP4;gonP1;gonP5,0.7547311245245907,0.8142178030072035,0.7150733388695155,C([*])C(-O)C([*])C(-O)C=CC=CCCCC(O)CCCC(O)C(C)C(=O)C([*])C(-O)C(C)C(O)CC(O)CC(O)CC(=O)C(C)C(O)CC,(pk-pk-ccmal)(ccmal-redmal)(ohmal-redmal-ohmal)(mmal-pk-ohmmal)(ohmal-ohmal-mal-ohmmal-redmal)
8,gonP1;gonP5;gonP3;gonP4;gonP2,0.7281619634731182,0.7953811319291851,0.683349184502407,C(C)C(=O)C([*])C(-O)C(C)C(O)CC(O)CC(O)CC(=O)C(C)C(O)CCC=CCCCC(O)CCCC(O)C([*])C(-O)C([*])C(-O)C=C,(mmal-pk-ohmmal)(ohmal-ohmal-mal-ohmmal-redmal)(ccmal-redmal)(ohmal-redmal-ohmal)(pk-pk-ccmal)
9,gonP1;gonP3;gonP4;gonP5;gonP2,0.708972060525247,0.7216544228104516,0.7005171523351107,C(C)C(=O)C([*])C(-O)C(C)C(O)C=CCCCC(O)CCCC(O)CC(O)CC(O)CC(=O)C(C)C(O)CCC([*])C(-O)C([*])C(-O)C=C,(mmal-pk-ohmmal)(ccmal-redmal)(ohmal-redmal-ohmal)(ohmal-ohmal-mal-ohmmal-redmal)(pk-pk-ccmal)
10,gonP4;gonP2;gonP3;gonP1;gonP5,0.7049682321054063,0.7430706881809354,0.6795665947217202,CC(O)CCCC(O)C([*])C(-O)C([*])C(-O)C=CC=CCCC(C)C(=O)C([*])C(-O)C(C)C(O)CC(O)CC(O)CC(=O)C(C)C(O)CC,(ohmal-redmal-ohmal)(pk-pk-ccmal)(ccmal-redmal)(mmal-pk-ohmmal)(ohmal-ohmal-mal-ohmmal-redmal)
11,gonP1;gonP2;gonP5;gonP3;gonP4,0.6937934118617379,0.6807857936290712,0.7024651573501823,C(C)C(=O)C([*])C(-O)C(C)C(O)C([*])C(-O)C([*])C(-O)C=CCC(O)CC(O)CC(=O)C(C)C(O)CCC=CCCCC(O)CCCC(O),(mmal-pk-ohmmal)(pk-pk-ccmal)(ohmal-ohmal-mal-ohmmal-redmal)(ccmal-redmal)(ohmal-redmal-ohmal)
12,gonP3;gonP4;gonP2;gonP1;gonP5,0.6909245492650449,0.7688665759336507,0.6389631981526411,C=CCCCC(O)CCCC(O)C([*])C(-O)C([*])C(-O)C=CC(C)C(=O)C([*])C(-O)C(C)C(O)CC(O)CC(O)CC(=O)C(C)C(O)CC,(ccmal-redmal)(ohmal-redmal-ohmal)(pk-pk-ccmal)(mmal-pk-ohmmal)(ohmal-ohmal-mal-ohmmal-redmal)
13,gonP1;gonP3;gonP4;gonP2;gonP5,0.6877913413552696,0.7502498806125514,0.6461523151837486,C(C)C(=O)C([*])C(-O)C(C)C(O)C=CCCCC(O)CCCC(O)C([*])C(-O)C([*])C(-O)C=CCC(O)CC(O)CC(=O)C(C)C(O)CC,(mmal-pk-ohmmal)(ccmal-redmal)(ohmal-redmal-ohmal)(pk-pk-ccmal)(ohmal-ohmal-mal-ohmmal-redmal)
14,gonP5;gonP2;gonP3;gonP4;gonP1,0.6870827552069784,0.6665002222409803,0.7008044438509771,CC(O)CC(O)CC(=O)C(C)C(O)CCC([*])C(-O)C([*])C(-O)C=CC=CCCCC(O)CCCC(O)C(C)C(=O)C([*])C(-O)C(C)C(O),(ohmal-ohmal-mal-ohmmal-redmal)(pk-pk-ccmal)(ccmal-redmal)(ohmal-redmal-ohmal)(mmal-pk-ohmmal)
15,gonP3;gonP4;gonP1;gonP2;gonP5,0.6779409202995654,0.6933986777259225,0.667635748681994,C=CCCCC(O)CCCC(O)C(C)C(=O)C([*])C(-O)C(C)C(O)C([*])C(-O)C([*])C(-O)C=CCC(O)CC(O)CC(=O)C(C)C(O)CC,(ccmal-redmal)(ohmal-redmal-ohmal)(mmal-pk-ohmmal)(pk-pk-ccmal)(ohmal-ohmal-mal-ohmmal-redmal)
16,gonP4;gonP5;gonP2;gonP3;gonP1,0.6724084859551823,0.5936561050975545,0.7249100731936008,CC(O)CCCC(O)CC(O)CC(O)CC(=O)C(C)C(O)CCC([*])C(-O)C([*])C(-O)C=CC=CCCC(C)C(=O)C([*])C(-O)C(C)C(O),(ohmal-redmal-ohmal)(ohmal-ohmal-mal-ohmmal-redmal)(pk-pk-ccmal)(ccmal-redmal)(mmal-pk-ohmmal)
17,gonP1;gonP5;gonP4;gonP2;gonP3,0.6692558580449507,0.7867110688463328,0.5909523841773626,C(C)C(=O)C([*])C(-O)C(C)C(O)CC(O)CC(O)CC(=O)C(C)C(O)CCCC(O)CCCC(O)C([*])C(-O)C([*])C(-O)C=CC=CCC,(mmal-pk-ohmmal)(ohmal-ohmal-mal-ohmmal-redmal)(ohmal-redmal-ohmal)(pk-pk-ccmal)(ccmal-redmal)
18,gonP2;gonP1;gonP3;gonP4;gonP5,0.662712984109437,0.6857617511339931,0.6473471394263997,C([*])C(-O)C([*])C(-O)C=CC(C)C(=O)C([*])C(-O)C(C)C(O)C=CCCCC(O)CCCC(O)CC(O)CC(O)CC(=O)C(C)C(O)CC,(pk-pk-ccmal)(mmal-pk-ohmmal)(ccmal-redmal)(ohmal-redmal-ohmal)(ohmal-ohmal-mal-ohmmal-redmal)
19,gonP3;gonP4;gonP2;gonP5;gonP1,0.6589295644249653,0.6940295292755169,0.6355295878579308,C=CCCCC(O)CCCC(O)C([*])C(-O)C([*])C(-O)C=CCC(O)CC(O)CC(=O)C(C)C(O)CCC(C)C(=O)C([*])C(-O)C(C)C(O),(ccmal-redmal)(ohmal-redmal-ohmal)(pk-pk-ccmal)(ohmal-ohmal-mal-ohmmal-redmal)(mmal-pk-ohmmal)
20,gonP3;gonP4;gonP5;gonP2;gonP1,0.6583648031148209,0.6194519928502698,0.6843066766245216,C=CCCCC(O)CCCC(O)CC(O)CC(O)CC(=O)C(C)C(O)CCC([*])C(-O)C([*])C(-O)C=CC(C)C(=O)C([*])C(-O)C(C)C(O),(ccmal-redmal)(ohmal-redmal-ohmal)(ohmal-ohmal-mal-ohmmal-redmal)(pk-pk-ccmal)(mmal-pk-ohmmal)
21,gonP5;gonP3;gonP4;gonP1;gonP2,0.6550113540944177,0.6571221065600562,0.653604185783992,CC(O)CC(O)CC(=O)C(C)C(O)CCC=CCCCC(O)CCCC(O)C(C)C(=O)C([*])C(-O)C(C)C(O)C([*])C(-O)C([*])C(-O)C=C,(ohmal-ohmal-mal-ohmmal-redmal)(ccmal-redmal)(ohmal-redmal-ohmal)(mmal-pk-ohmmal)(pk-pk-ccmal)
22,gonP5;gonP1;gonP3;gonP4;gonP2,0.6493698414221702,0.7334408320742979,0.5933225143207519,CC(O)CC(O)CC(=O)C(C)C(O)CCC(C)C(=O)C([*])C(-O)C(C)C(O)C=CCCCC(O)CCCC(O)C([*])C(-O)C([*])C(-O)C=C,(ohmal-ohmal-mal-ohmmal-redmal)(mmal-pk-ohmmal)(ccmal-redmal)(ohmal-redmal-ohmal)(pk-pk-ccmal)
23,gonP3;gonP4;gonP1;gonP5;gonP2,0.6404804879783474,0.6465043267494217,0.6364645954642981,C=CCCCC(O)CCCC(O)C(C)C(=O)C([*])C(-O)C(C)C(O)CC(O)CC(O)CC(=O)C(C)C(O)CCC([*])C(-O)C([*])C(-O)C=C,(ccmal-redmal)(ohmal-redmal-ohmal)(mmal-pk-ohmmal)(ohmal-ohmal-mal-ohmmal-redmal)(pk-pk-ccmal)
24,gonP4;gonP5;gonP3;gonP1;gonP2,0.6403370848426215,0.5842779894166306,0.6777098151266157,CC(O)CCCC(O)CC(O)CC(O)CC(=O)C(C)C(O)CCC=CCCC(C)C(=O)C([*])C(-O)C(C)C(O)C([*])C(-O)C([*])C(-O)C=C,(ohmal-redmal-ohmal)(ohmal-ohmal-mal-ohmmal-redmal)(ccmal-redmal)(mmal-pk-ohmmal)(pk-pk-ccmal)
25,gonP4;gonP1;gonP5;gonP2;gonP3,0.6359759049246911,0.6465043267494217,0.6289569570415373,CC(O)CCCC(O)C(C)C(=O)C([*])C(-O)C(C)C(O)CC(O)CC(O)CC(=O)C(C)C(O)CCC([*])C(-O)C([*])C(-O)C=CC=CCC,(ohmal-redmal-ohmal)(mmal-pk-ohmmal)(ohmal-ohmal-mal-ohmmal-redmal)(pk-pk-ccmal)(ccmal-redmal)
26,gonP5;gonP3;gonP4;gonP2;gonP1,0.6142545177396959,0.6117708794865033,0.6159102765751576,CC(O)CC(O)CC(=O)C(C)C(O)CCC=CCCCC(O)CCCC(O)C([*])C(-O)C([*])C(-O)C=CC(C)C(=O)C([*])C(-O)C(C)C(O),(ohmal-ohmal-mal-ohmmal-redmal)(ccmal-redmal)(ohmal-redmal-ohmal)(pk-pk-ccmal)(mmal-pk-ohmmal)
27,gonP2;gonP1;gonP5;gonP3;gonP4,0.61007390312471,0.597998770976112,0.6181239912237753,C([*])C(-O)C([*])C(-O)C=CC(C)C(=O)C([*])C(-O)C(C)C(O)CC(O)CC(O)CC(=O)C(C)C(O)CCC=CCCCC(O)CCCC(O),(pk-pk-ccmal)(mmal-pk-ohmmal)(ohmal-ohmal-mal-ohmmal-redmal)(ccmal-redmal)(ohmal-redmal-ohmal)
28,gonP5;gonP4;gonP1;gonP2;gonP3,0.5961052486662501,0.6484520434772039,0.5612073854589477,CC(O)CC(O)CC(=O)C(C)C(O)CCCC(O)CCCC(O)C(C)C(=O)C([*])C(-O)C(C)C(O)C([*])C(-O)C([*])C(-O)C=CC=CCC,(ohmal-ohmal-mal-ohmmal-redmal)(ohmal-redmal-ohmal)(mmal-pk-ohmmal)(pk-pk-ccmal)(ccmal-redmal)
29,gonP2;gonP5;gonP1;gonP3;gonP4,0.5914487614869831,0.5988495982826255,0.5865148702898882,C([*])C(-O)C([*])C(-O)C=CCC(O)CC(O)CC(=O)C(C)C(O)CCC(C)C(=O)C([*])C(-O)C(C)C(O)C=CCCCC(O)CCCC(O),(pk-pk-ccmal)(ohmal-ohmal-mal-ohmmal-redmal)(mmal-pk-ohmmal)(ccmal-redmal)(ohmal-redmal-ohmal)
30,gonP1;gonP4;gonP5;gonP2;gonP3,0.5901383575710595,0.582645981072665,0.5951332752366557,C(C)C(=O)C([*])C(-O)C(C)C(O)CC(O)CCCC(O)CC(O)CC(O)CC(=O)C(C)C(O)CCC([*])C(-O)C([*])C(-O)C=CC=CCC,(mmal-pk-ohmmal)(ohmal-redmal-ohmal)(ohmal-ohmal-mal-ohmmal-redmal)(pk-pk-ccmal)(ccmal-redmal)
31,gonP4;gonP3;gonP1;gonP2;gonP5,0.5782241995210011,0.4771641714949699,0.6455975515383553,CC(O)CCCC(O)C=CCCC(C)C(=O)C([*])C(-O)C(C)C(O)C([*])C(-O)C([*])C(-O)C=CCC(O)CC(O)CC(=O)C(C)C(O)CC,(ohmal-redmal-ohmal)(ccmal-redmal)(mmal-pk-ohmmal)(pk-pk-ccmal)(ohmal-ohmal-mal-ohmmal-redmal)
32,gonP2;gonP5;gonP3;gonP4;gonP1,0.5777183604504096,0.5163070857872167,0.6186592102258714,C([*])C(-O)C([*])C(-O)C=CCC(O)CC(O)CC(=O)C(C)C(O)CCC=CCCCC(O)CCCC(O)C(C)C(=O)C([*])C(-O)C(C)C(O),(pk-pk-ccmal)(ohmal-ohmal-mal-ohmmal-redmal)(ccmal-redmal)(ohmal-redmal-ohmal)(mmal-pk-ohmmal)
33,gonP5;gonP4;gonP2;gonP3;gonP1,0.5738966782055462,0.5773049286509357,0.5716245112419531,CC(O)CC(O)CC(=O)C(C)C(O)CCCC(O)CCCC(O)C([*])C(-O)C([*])C(-O)C=CC=CCCC(C)C(=O)C([*])C(-O)C(C)C(O),(ohmal-ohmal-mal-ohmmal-redmal)(ohmal-redmal-ohmal)(pk-pk-ccmal)(ccmal-redmal)(mmal-pk-ohmmal)
34,gonP2;gonP3;gonP1;gonP5;gonP4,0.5697160635905603,0.5635328201405444,0.5738382258905709,C([*])C(-O)C([*])C(-O)C=CC=CCCC(C)C(=O)C([*])C(-O)C(C)C(O)CC(O)CC(O)CC(=O)C(C)C(O)CCCC(O)CCCC(O),(pk-pk-ccmal)(ccmal-redmal)(mmal-pk-ohmmal)(ohmal-ohmal-mal-ohmmal-redmal)(ohmal-redmal-ohmal)
35,gonP4;gonP1;gonP2;gonP3;gonP5,0.5662426807069514,0.5916866334311739,0.5492800455574698,CC(O)CCCC(O)C(C)C(=O)C([*])C(-O)C(C)C(O)C([*])C(-O)C([*])C(-O)C=CC=CCCCC(O)CC(O)CC(=O)C(C)C(O)CC,(ohmal-redmal-ohmal)(mmal-pk-ohmmal)(pk-pk-ccmal)(ccmal-redmal)(ohmal-ohmal-mal-ohmmal-redmal)
36,gonP4;gonP2;gonP1;gonP5;gonP3,0.5631476674574086,0.591774983994945,0.5440627897657178,CC(O)CCCC(O)C([*])C(-O)C([*])C(-O)C=CC(C)C(=O)C([*])C(-O)C(C)C(O)CC(O)CC(O)CC(=O)C(C)C(O)CCC=CCC,(ohmal-redmal-ohmal)(pk-pk-ccmal)(mmal-pk-ohmmal)(ohmal-ohmal-mal-ohmmal-redmal)(ccmal-redmal)
37,gonP2;gonP3;gonP1;gonP4;gonP5,0.5624275470492673,0.5209574216434912,0.5900742973197847,C([*])C(-O)C([*])C(-O)C=CC=CCCC(C)C(=O)C([*])C(-O)C(C)C(O)CC(O)CCCC(O)CC(O)CC(O)CC(=O)C(C)C(O)CC,(pk-pk-ccmal)(ccmal-redmal)(mmal-pk-ohmmal)(ohmal-redmal-ohmal)(ohmal-ohmal-mal-ohmmal-redmal)
38,gonP1;gonP2;gonP4;gonP5;gonP3,0.5584670529179847,0.575908731540456,0.5468392671696707,C(C)C(=O)C([*])C(-O)C(C)C(O)C([*])C(-O)C([*])C(-O)C=CCC(O)CCCC(O)CC(O)CC(O)CC(=O)C(C)C(O)CCC=CCC,(mmal-pk-ohmmal)(pk-pk-ccmal)(ohmal-redmal-ohmal)(ohmal-ohmal-mal-ohmmal-redmal)(ccmal-redmal)
39,gonP5;gonP2;gonP1;gonP3;gonP4,0.5557953770094505,0.525969064174536,0.57567958556606,CC(O)CC(O)CC(=O)C(C)C(O)CCC([*])C(-O)C([*])C(-O)C=CC(C)C(=O)C([*])C(-O)C(C)C(O)C=CCCCC(O)CCCC(O),(ohmal-ohmal-mal-ohmmal-redmal)(pk-pk-ccmal)(mmal-pk-ohmmal)(ccmal-redmal)(ohmal-redmal-ohmal)
40,gonP4;gonP1;gonP2;gonP5;gonP3,0.5501640384919291,0.5163070857872167,0.5727353402950707,CC(O)CCCC(O)C(C)C(=O)C([*])C(-O)C(C)C(O)C([*])C(-O)C([*])C(-O)C=CCC(O)CC(O)CC(=O)C(C)C(O)CCC=CCC,(ohmal-redmal-ohmal)(mmal-pk-ohmmal)(pk-pk-ccmal)(ohmal-ohmal-mal-ohmmal-redmal)(ccmal-redmal)
41,gonP4;gonP2;gonP3;gonP5;gonP1,0.5472313248323513,0.5923174849807683,0.5171738847334065,CC(O)CCCC(O)C([*])C(-O)C([*])C(-O)C=CC=CCCCC(O)CC(O)CC(=O)C(C)C(O)CCC(C)C(=O)C([*])C(-O)C(C)C(O),(ohmal-redmal-ohmal)(pk-pk-ccmal)(ccmal-redmal)(ohmal-ohmal-mal-ohmmal-redmal)(mmal-pk-ohmmal)
42,gonP4;gonP2;gonP5;gonP1;gonP3,0.5445225258196817,0.5926258113014584,0.5124536688318305,CC(O)CCCC(O)C([*])C(-O)C([*])C(-O)C=CCC(O)CC(O)CC(=O)C(C)C(O)CCC(C)C(=O)C([*])C(-O)C(C)C(O)C=CCC,(ohmal-redmal-ohmal)(pk-pk-ccmal)(ohmal-ohmal-mal-ohmmal-redmal)(mmal-pk-ohmmal)(ccmal-redmal)
43,gonP4;gonP5;gonP2;gonP1;gonP3,0.5439577645095375,0.5180482748762114,0.5612307575984214,CC(O)CCCC(O)CC(O)CC(O)CC(=O)C(C)C(O)CCC([*])C(-O)C([*])C(-O)C=CC(C)C(=O)C([*])C(-O)C(C)C(O)C=CCC,(ohmal-redmal-ohmal)(ohmal-ohmal-mal-ohmmal-redmal)(pk-pk-ccmal)(mmal-pk-ohmmal)(ccmal-redmal)
44,gonP1;gonP2;gonP5;gonP4;gonP3,0.5425118254605455,0.5208045521603674,0.5569833409939977,C(C)C(=O)C([*])C(-O)C(C)C(O)C([*])C(-O)C([*])C(-O)C=CCC(O)CC(O)CC(=O)C(C)C(O)CCCC(O)CCCC(O)C=CCC,(mmal-pk-ohmmal)(pk-pk-ccmal)(ohmal-ohmal-mal-ohmmal-redmal)(ohmal-redmal-ohmal)(ccmal-redmal)
45,gonP4;gonP3;gonP1;gonP5;gonP2,0.5407637671997834,0.4302698205184692,0.6144263983206594,CC(O)CCCC(O)C=CCCC(C)C(=O)C([*])C(-O)C(C)C(O)CC(O)CC(O)CC(=O)C(C)C(O)CCC([*])C(-O)C([*])C(-O)C=C,(ohmal-redmal-ohmal)(ccmal-redmal)(mmal-pk-ohmmal)(ohmal-ohmal-mal-ohmmal-redmal)(pk-pk-ccmal)
46,gonP3;gonP1;gonP2;gonP4;gonP5,0.5397779046039293,0.5235982877922063,0.5505643158117447,C=CCCC(C)C(=O)C([*])C(-O)C(C)C(O)C([*])C(-O)C([*])C(-O)C=CCC(O)CCCC(O)CC(O)CC(O)CC(=O)C(C)C(O)CC,(ccmal-redmal)(mmal-pk-ohmmal)(pk-pk-ccmal)(ohmal-redmal-ohmal)(ohmal-ohmal-mal-ohmmal-redmal)
47,gonP5;gonP1;gonP4;gonP2;gonP3,0.5305361384679828,0.5944323903365113,0.487938637222297,CC(O)CC(O)CC(=O)C(C)C(O)CCC(C)C(=O)C([*])C(-O)C(C)C(O)CC(O)CCCC(O)C([*])C(-O)C([*])C(-O)C=CC=CCC,(ohmal-ohmal-mal-ohmmal-redmal)(mmal-pk-ohmmal)(ohmal-redmal-ohmal)(pk-pk-ccmal)(ccmal-redmal)
48,gonP4;gonP2;gonP5;gonP3;gonP1,0.5279554680312252,0.44515997096094867,0.5831524660780761,CC(O)CCCC(O)C([*])C(-O)C([*])C(-O)C=CCC(O)CC(O)CC(=O)C(C)C(O)CCC=CCCC(C)C(=O)C([*])C(-O)C(C)C(O),(ohmal-redmal-ohmal)(pk-pk-ccmal)(ohmal-ohmal-mal-ohmmal-redmal)(ccmal-redmal)(mmal-pk-ohmmal)
49,gonP1;gonP2;gonP3;gonP5;gonP4,0.5276936498946128,0.5704036862514703,0.4992202923233745,C(C)C(=O)C([*])C(-O)C(C)C(O)C([*])C(-O)C([*])C(-O)C=CC=CCCCC(O)CC(O)CC(=O)C(C)C(O)CCCC(O)CCCC(O),(mmal-pk-ohmmal)(pk-pk-ccmal)(ccmal-redmal)(ohmal-ohmal-mal-ohmmal-redmal)(ohmal-redmal-ohmal)
50,gonP3;gonP1;gonP5;gonP4;gonP2,0.5272944109769154,0.5573090331593773,0.5072846628552741,C=CCCC(C)C(=O)C([*])C(-O)C(C)C(O)CC(O)CC(O)CC(=O)C(C)C(O)CCCC(O)CCCC(O)C([*])C(-O)C([*])C(-O)C=C,(ccmal-redmal)(mmal-pk-ohmmal)(ohmal-ohmal-mal-ohmmal-redmal)(ohmal-redmal-ohmal)(pk-pk-ccmal)
51,gonP5;gonP4;gonP3;gonP1;gonP2,0.5008931109413424,0.43221753724625134,0.5466768267380697,CC(O)CC(O)CC(=O)C(C)C(O)CCCC(O)CCCC(O)C=CCCC(C)C(=O)C([*])C(-O)C(C)C(O)C([*])C(-O)C([*])C(-O)C=C,(ohmal-ohmal-mal-ohmmal-redmal)(ohmal-redmal-ohmal)(ccmal-redmal)(mmal-pk-ohmmal)(pk-pk-ccmal)
52,gonP3;gonP1;gonP2;gonP5;gonP4,0.49292585936553507,0.44271369485926354,0.5264006357030494,C=CCCC(C)C(=O)C([*])C(-O)C(C)C(O)C([*])C(-O)C([*])C(-O)C=CCC(O)CC(O)CC(=O)C(C)C(O)CCCC(O)CCCC(O),(ccmal-redmal)(mmal-pk-ohmmal)(pk-pk-ccmal)(ohmal-ohmal-mal-ohmmal-redmal)(ohmal-redmal-ohmal)
53,gonP4;gonP3;gonP5;gonP1;gonP2,0.4742277575681474,0.4472300935760838,0.4922262002295231,CC(O)CCCC(O)C=CCCCC(O)CC(O)CC(=O)C(C)C(O)CCC(C)C(=O)C([*])C(-O)C(C)C(O)C([*])C(-O)C([*])C(-O)C=C,(ohmal-redmal-ohmal)(ccmal-redmal)(ohmal-ohmal-mal-ohmmal-redmal)(mmal-pk-ohmmal)(pk-pk-ccmal)
54,gonP4;gonP5;gonP1;gonP3;gonP2,0.4650968106274692,0.49048655028572724,0.44817031752196396,CC(O)CCCC(O)CC(O)CC(O)CC(=O)C(C)C(O)CCC(C)C(=O)C([*])C(-O)C(C)C(O)C=CCCC([*])C(-O)C([*])C(-O)C=C,(ohmal-redmal-ohmal)(ohmal-ohmal-mal-ohmmal-redmal)(mmal-pk-ohmmal)(ccmal-redmal)(pk-pk-ccmal)
55,gonP1;gonP4;gonP2;gonP3;gonP5,0.4617639818621247,0.5095293945800162,0.4299203733835302,C(C)C(=O)C([*])C(-O)C(C)C(O)CC(O)CCCC(O)C([*])C(-O)C([*])C(-O)C=CC=CCCCC(O)CC(O)CC(=O)C(C)C(O)CC,(mmal-pk-ohmmal)(ohmal-redmal-ohmal)(pk-pk-ccmal)(ccmal-redmal)(ohmal-ohmal-mal-ohmmal-redmal)
56,gonP1;gonP5;gonP2;gonP4;gonP3,0.45889373527514643,0.4219005626422946,0.4835558503637143,C(C)C(=O)C([*])C(-O)C(C)C(O)CC(O)CC(O)CC(=O)C(C)C(O)CCC([*])C(-O)C([*])C(-O)C=CCC(O)CCCC(O)C=CCC,(mmal-pk-ohmmal)(ohmal-ohmal-mal-ohmmal-redmal)(pk-pk-ccmal)(ohmal-redmal-ohmal)(ccmal-redmal)
57,gonP2;gonP1;gonP5;gonP4;gonP3,0.4587923167235176,0.43801752950740813,0.47264217486759064,C([*])C(-O)C([*])C(-O)C=CC(C)C(=O)C([*])C(-O)C(C)C(O)CC(O)CC(O)CC(=O)C(C)C(O)CCCC(O)CCCC(O)C=CCC,(pk-pk-ccmal)(mmal-pk-ohmmal)(ohmal-ohmal-mal-ohmmal-redmal)(ohmal-redmal-ohmal)(ccmal-redmal)
58,gonP5;gonP1;gonP2;gonP4;gonP3,0.45793266766326485,0.45198586508054184,0.4618972027184135,CC(O)CC(O)CC(=O)C(C)C(O)CCC(C)C(=O)C([*])C(-O)C(C)C(O)C([*])C(-O)C([*])C(-O)C=CCC(O)CCCC(O)C=CCC,(ohmal-ohmal-mal-ohmmal-redmal)(mmal-pk-ohmmal)(pk-pk-ccmal)(ohmal-redmal-ohmal)(ccmal-redmal)
59,gonP2;gonP4;gonP5;gonP1;gonP3,0.45612240254323005,0.49397253619401027,0.4308889801093765,C([*])C(-O)C([*])C(-O)C=CCC(O)CCCC(O)CC(O)CC(O)CC(=O)C(C)C(O)CCC(C)C(=O)C([*])C(-O)C(C)C(O)C=CCC,(pk-pk-ccmal)(ohmal-redmal-ohmal)(ohmal-ohmal-mal-ohmmal-redmal)(mmal-pk-ohmmal)(ccmal-redmal)
60,gonP5;gonP2;gonP3;gonP1;gonP4,0.45550993994928074,0.36116473468403426,0.518406743459445,CC(O)CC(O)CC(=O)C(C)C(O)CCC([*])C(-O)C([*])C(-O)C=CC=CCCC(C)C(=O)C([*])C(-O)C(C)C(O)CC(O)CCCC(O),(ohmal-ohmal-mal-ohmmal-redmal)(pk-pk-ccmal)(ccmal-redmal)(mmal-pk-ohmmal)(ohmal-redmal-ohmal)
61,gonP3;gonP1;gonP4;gonP5;gonP2,0.44817691050302416,0.3532439453857095,0.5114655539145673,C=CCCC(C)C(=O)C([*])C(-O)C(C)C(O)CC(O)CCCC(O)CC(O)CC(O)CC(=O)C(C)C(O)CCC([*])C(-O)C([*])C(-O)C=C,(ccmal-redmal)(mmal-pk-ohmmal)(ohmal-redmal-ohmal)(ohmal-ohmal-mal-ohmmal-redmal)(pk-pk-ccmal)
62,gonP1;gonP4;gonP2;gonP5;gonP3,0.4456853396471024,0.4341498469360591,0.45337566812113117,C(C)C(=O)C([*])C(-O)C(C)C(O)CC(O)CCCC(O)C([*])C(-O)C([*])C(-O)C=CCC(O)CC(O)CC(=O)C(C)C(O)CCC=CCC,(mmal-pk-ohmmal)(ohmal-redmal-ohmal)(pk-pk-ccmal)(ohmal-ohmal-mal-ohmmal-redmal)(ccmal-redmal)
63,gonP5;gonP4;gonP2;gonP1;gonP3,0.44544595675990134,0.5016970984295926,0.4079451956467737,CC(O)CC(O)CC(=O)C(C)C(O)CCCC(O)CCCC(O)C([*])C(-O)C([*])C(-O)C=CC(C)C(=O)C([*])C(-O)C(C)C(O)C=CCC,(ohmal-ohmal-mal-ohmmal-redmal)(ohmal-redmal-ohmal)(pk-pk-ccmal)(mmal-pk-ohmmal)(ccmal-redmal)
64,gonP2;gonP4;gonP5;gonP3;gonP1,0.4395553447547734,0.34650669585350047,0.5015877773556221,C([*])C(-O)C([*])C(-O)C=CCC(O)CCCC(O)CC(O)CC(O)CC(=O)C(C)C(O)CCC=CCCC(C)C(=O)C([*])C(-O)C(C)C(O),(pk-pk-ccmal)(ohmal-redmal-ohmal)(ohmal-ohmal-mal-ohmmal-redmal)(ccmal-redmal)(mmal-pk-ohmmal)
65,gonP2;gonP4;gonP3;gonP1;gonP5,0.4311829247533543,0.36021200321312086,0.47849687244684314,C([*])C(-O)C([*])C(-O)C=CCC(O)CCCC(O)C=CCCC(C)C(=O)C([*])C(-O)C(C)C(O)CC(O)CC(O)CC(=O)C(C)C(O)CC,(pk-pk-ccmal)(ohmal-redmal-ohmal)(ccmal-redmal)(mmal-pk-ohmmal)(ohmal-ohmal-mal-ohmmal-redmal)
66,gonP4;gonP5;gonP3;gonP2;gonP1,0.42998148694499483,0.36881659769793274,0.4707580797763695,CC(O)CCCC(O)CC(O)CC(O)CC(=O)C(C)C(O)CCC=CCCC([*])C(-O)C([*])C(-O)C=CC(C)C(=O)C([*])C(-O)C(C)C(O),(ohmal-redmal-ohmal)(ohmal-ohmal-mal-ohmmal-redmal)(ccmal-redmal)(pk-pk-ccmal)(mmal-pk-ohmmal)
67,gonP3;gonP1;gonP4;gonP2;gonP5,0.4269961913330469,0.38183940318780946,0.4571007167632052,C=CCCC(C)C(=O)C([*])C(-O)C(C)C(O)CC(O)CCCC(O)C([*])C(-O)C([*])C(-O)C=CCC(O)CC(O)CC(=O)C(C)C(O)CC,(ccmal-redmal)(mmal-pk-ohmmal)(ohmal-redmal-ohmal)(pk-pk-ccmal)(ohmal-ohmal-mal-ohmmal-redmal)
68,gonP5;gonP3;gonP1;gonP2;gonP4,0.423838635296206,0.3544274851518252,0.47011273539245996,CC(O)CC(O)CC(=O)C(C)C(O)CCC=CCCC(C)C(=O)C([*])C(-O)C(C)C(O)C([*])C(-O)C([*])C(-O)C=CCC(O)CCCC(O),(ohmal-ohmal-mal-ohmmal-redmal)(ccmal-redmal)(mmal-pk-ohmmal)(pk-pk-ccmal)(ohmal-redmal-ohmal)
69,gonP2;gonP5;gonP4;gonP3;gonP1,0.42360011729733427,0.2914025164734119,0.5117318511799491,C([*])C(-O)C([*])C(-O)C=CCC(O)CC(O)CC(=O)C(C)C(O)CCCC(O)CCCC(O)C=CCCC(C)C(=O)C([*])C(-O)C(C)C(O),(pk-pk-ccmal)(ohmal-ohmal-mal-ohmmal-redmal)(ohmal-redmal-ohmal)(ccmal-redmal)(mmal-pk-ohmmal)
70,gonP4;gonP3;gonP2;gonP1;gonP5,0.42160906694357564,0.3825219050575531,0.44766717486759067,CC(O)CCCC(O)C=CCCC([*])C(-O)C([*])C(-O)C=CC(C)C(=O)C([*])C(-O)C(C)C(O)CC(O)CC(O)CC(=O)C(C)C(O)CC,(ohmal-redmal-ohmal)(ccmal-redmal)(pk-pk-ccmal)(mmal-pk-ohmmal)(ohmal-ohmal-mal-ohmmal-redmal)
71,gonP2;gonP1;gonP4;gonP5;gonP3,0.4206069824012696,0.36966171745750076,0.4545704923637821,C([*])C(-O)C([*])C(-O)C=CC(C)C(=O)C([*])C(-O)C(C)C(O)CC(O)CCCC(O)CC(O)CC(O)CC(=O)C(C)C(O)CCC=CCC,(pk-pk-ccmal)(mmal-pk-ohmmal)(ohmal-redmal-ohmal)(ohmal-ohmal-mal-ohmmal-redmal)(ccmal-redmal)
72,gonP4;gonP2;gonP1;gonP3;gonP5,0.41558338880060264,0.4449316883835627,0.3960178557452959,CC(O)CCCC(O)C([*])C(-O)C([*])C(-O)C=CC(C)C(=O)C([*])C(-O)C(C)C(O)C=CCCCC(O)CC(O)CC(=O)C(C)C(O)CC,(ohmal-redmal-ohmal)(pk-pk-ccmal)(mmal-pk-ohmmal)(ccmal-redmal)(ohmal-ohmal-mal-ohmmal-redmal)
73,gonP4;gonP1;gonP5;gonP3;gonP2,0.41209717180852146,0.3958689315970847,0.422915998616146,CC(O)CCCC(O)C(C)C(=O)C([*])C(-O)C(C)C(O)CC(O)CC(O)CC(=O)C(C)C(O)CCC=CCCC([*])C(-O)C([*])C(-O)C=C,(ohmal-redmal-ohmal)(mmal-pk-ohmmal)(ohmal-ohmal-mal-ohmmal-redmal)(ccmal-redmal)(pk-pk-ccmal)
74,gonP2;gonP3;gonP5;gonP4;gonP1,0.4116185984832845,0.40592497840961594,0.4154143451990636,C([*])C(-O)C([*])C(-O)C=CC=CCCCC(O)CC(O)CC(=O)C(C)C(O)CCCC(O)CCCC(O)C(C)C(=O)C([*])C(-O)C(C)C(O),(pk-pk-ccmal)(ccmal-redmal)(ohmal-ohmal-mal-ohmmal-redmal)(ohmal-redmal-ohmal)(mmal-pk-ohmmal)
75,gonP3;gonP1;gonP5;gonP2;gonP4,0.40930776918013595,0.3438097053411908,0.45297314507276604,C=CCCC(C)C(=O)C([*])C(-O)C(C)C(O)CC(O)CC(O)CC(=O)C(C)C(O)CCC([*])C(-O)C([*])C(-O)C=CCC(O)CCCC(O),(ccmal-redmal)(mmal-pk-ohmmal)(ohmal-ohmal-mal-ohmmal-redmal)(pk-pk-ccmal)(ohmal-redmal-ohmal)
76,gonP2;gonP5;gonP4;gonP1;gonP3,0.408909799470615,0.40623330473030606,0.4106941292974876,C([*])C(-O)C([*])C(-O)C=CCC(O)CC(O)CC(=O)C(C)C(O)CCCC(O)CCCC(O)C(C)C(=O)C([*])C(-O)C(C)C(O)C=CCC,(pk-pk-ccmal)(ohmal-ohmal-mal-ohmmal-redmal)(ohmal-redmal-ohmal)(mmal-pk-ohmmal)(ccmal-redmal)
77,gonP1;gonP5;gonP4;gonP3;gonP2,0.40444495877713793,0.40036639797023527,0.40716399931507297,C(C)C(=O)C([*])C(-O)C(C)C(O)CC(O)CC(O)CC(=O)C(C)C(O)CCCC(O)CCCC(O)C=CCCC([*])C(-O)C([*])C(-O)C=C,(mmal-pk-ohmmal)(ohmal-ohmal-mal-ohmmal-redmal)(ohmal-redmal-ohmal)(ccmal-redmal)(pk-pk-ccmal)
78,gonP5;gonP3;gonP1;gonP4;gonP2,0.40406662512789915,0.3455628320219431,0.4430691538652031,CC(O)CC(O)CC(=O)C(C)C(O)CCC=CCCC(C)C(=O)C([*])C(-O)C(C)C(O)CC(O)CCCC(O)C([*])C(-O)C([*])C(-O)C=C,(ohmal-ohmal-mal-ohmmal-redmal)(ccmal-redmal)(mmal-pk-ohmmal)(ohmal-redmal-ohmal)(pk-pk-ccmal)
79,gonP2;gonP4;gonP1;gonP5;gonP3,0.40312276372428224,0.3993549175053677,0.4056346612035586,C([*])C(-O)C([*])C(-O)C=CCC(O)CCCC(O)C(C)C(=O)C([*])C(-O)C(C)C(O)CC(O)CC(O)CC(=O)C(C)C(O)CCC=CCC,(pk-pk-ccmal)(ohmal-redmal-ohmal)(mmal-pk-ohmmal)(ohmal-ohmal-mal-ohmmal-redmal)(ccmal-redmal)
80,gonP1;gonP3;gonP5;gonP4;gonP2,0.3984192806341649,0.4627761812962448,0.3555146801927782,C(C)C(=O)C([*])C(-O)C(C)C(O)C=CCCCC(O)CC(O)CC(=O)C(C)C(O)CCCC(O)CCCC(O)C([*])C(-O)C([*])C(-O)C=C,(mmal-pk-ohmmal)(ccmal-redmal)(ohmal-ohmal-mal-ohmmal-redmal)(ohmal-redmal-ohmal)(pk-pk-ccmal)
81,gonP4;gonP3;gonP2;gonP5;gonP1,0.389614082103496,0.3076848583994194,0.4442335645728804,CC(O)CCCC(O)C=CCCC([*])C(-O)C([*])C(-O)C=CCC(O)CC(O)CC(=O)C(C)C(O)CCC(C)C(=O)C([*])C(-O)C(C)C(O),(ohmal-redmal-ohmal)(ccmal-redmal)(pk-pk-ccmal)(ohmal-ohmal-mal-ohmmal-redmal)(mmal-pk-ohmmal)
82,gonP1;gonP2;gonP4;gonP3;gonP5,0.38916051105740684,0.36708286932404677,0.40387893887964676,C(C)C(=O)C([*])C(-O)C(C)C(O)C([*])C(-O)C([*])C(-O)C=CCC(O)CCCC(O)C=CCCCC(O)CC(O)CC(=O)C(C)C(O)CC,(mmal-pk-ohmmal)(pk-pk-ccmal)(ohmal-redmal-ohmal)(ccmal-redmal)(ohmal-ohmal-mal-ohmmal-redmal)
83,gonP3;gonP5;gonP4;gonP1;gonP2,0.38856885957846055,0.4059249784096159,0.37699811369102365,C=CCCCC(O)CC(O)CC(=O)C(C)C(O)CCCC(O)CCCC(O)C(C)C(=O)C([*])C(-O)C(C)C(O)C([*])C(-O)C([*])C(-O)C=C,(ccmal-redmal)(ohmal-ohmal-mal-ohmmal-redmal)(ohmal-redmal-ohmal)(mmal-pk-ohmmal)(pk-pk-ccmal)
84,gonP2;gonP5;gonP1;gonP4;gonP3,0.3802395775597708,0.30852997815898736,0.428045977160293,C([*])C(-O)C([*])C(-O)C=CCC(O)CC(O)CC(=O)C(C)C(O)CCC(C)C(=O)C([*])C(-O)C(C)C(O)CC(O)CCCC(O)C=CCC,(pk-pk-ccmal)(ohmal-ohmal-mal-ohmmal-redmal)(mmal-pk-ohmmal)(ohmal-redmal-ohmal)(ccmal-redmal)
85,gonP1;gonP3;gonP2;gonP4;gonP5,0.38002956411672867,0.4103393260336902,0.3598230561720876,C(C)C(=O)C([*])C(-O)C(C)C(O)C=CCCC([*])C(-O)C([*])C(-O)C=CCC(O)CCCC(O)CC(O)CC(O)CC(=O)C(C)C(O)CC,(mmal-pk-ohmmal)(ccmal-redmal)(pk-pk-ccmal)(ohmal-redmal-ohmal)(ohmal-ohmal-mal-ohmmal-redmal)
86,gonP4;gonP1;gonP3;gonP2;gonP5,0.371726549690673,0.35073768028045105,0.38571912929748764,CC(O)CCCC(O)C(C)C(=O)C([*])C(-O)C(C)C(O)C=CCCC([*])C(-O)C([*])C(-O)C=CCC(O)CC(O)CC(=O)C(C)C(O)CC,(ohmal-redmal-ohmal)(mmal-pk-ohmmal)(ccmal-redmal)(pk-pk-ccmal)(ohmal-ohmal-mal-ohmmal-redmal)
87,gonP1;gonP4;gonP5;gonP3;gonP2,0.3662596244548898,0.3320105859203279,0.3890923168112645,C(C)C(=O)C([*])C(-O)C(C)C(O)CC(O)CCCC(O)CC(O)CC(O)CC(=O)C(C)C(O)CCC=CCCC([*])C(-O)C([*])C(-O)C=C,(mmal-pk-ohmmal)(ohmal-redmal-ohmal)(ohmal-ohmal-mal-ohmmal-redmal)(ccmal-redmal)(pk-pk-ccmal)
88,gonP2;gonP3;gonP5;gonP1;gonP4,0.36542140199383805,0.3581291122500904,0.37028292848966976,C([*])C(-O)C([*])C(-O)C=CC=CCCCC(O)CC(O)CC(=O)C(C)C(O)CCC(C)C(=O)C([*])C(-O)C(C)C(O)CC(O)CCCC(O),(pk-pk-ccmal)(ccmal-redmal)(ohmal-ohmal-mal-ohmmal-redmal)(mmal-pk-ohmmal)(ohmal-redmal-ohmal)
89,gonP4;gonP1;gonP3;gonP5;gonP2,0.36513932751390527,0.3225694391993338,0.39351925305695296,CC(O)CCCC(O)C(C)C(=O)C([*])C(-O)C(C)C(O)C=CCCCC(O)CC(O)CC(=O)C(C)C(O)CCC([*])C(-O)C([*])C(-O)C=C,(ohmal-redmal-ohmal)(mmal-pk-ohmmal)(ccmal-redmal)(ohmal-ohmal-mal-ohmmal-redmal)(pk-pk-ccmal)
90,gonP5;gonP2;gonP4;gonP3;gonP1,0.363534555435742,0.21249442244689765,0.4642279774283048,CC(O)CC(O)CC(=O)C(C)C(O)CCC([*])C(-O)C([*])C(-O)C=CCC(O)CCCC(O)C=CCCC(C)C(=O)C([*])C(-O)C(C)C(O),(ohmal-ohmal-mal-ohmmal-redmal)(pk-pk-ccmal)(ohmal-redmal-ohmal)(ccmal-redmal)(mmal-pk-ohmmal)
91,gonP4;gonP3;gonP5;gonP2;gonP1,0.36128137944660665,0.23353453869515486,0.4464459399475745,CC(O)CCCC(O)C=CCCCC(O)CC(O)CC(=O)C(C)C(O)CCC([*])C(-O)C([*])C(-O)C=CC(C)C(=O)C([*])C(-O)C(C)C(O),(ohmal-redmal-ohmal)(ccmal-redmal)(ohmal-ohmal-mal-ohmmal-redmal)(pk-pk-ccmal)(mmal-pk-ohmmal)
92,gonP3;gonP2;gonP4;gonP5;gonP1,0.35116778718642416,0.35411897469665565,0.3492003288462698,C=CCCC([*])C(-O)C([*])C(-O)C=CCC(O)CCCC(O)CC(O)CC(O)CC(=O)C(C)C(O)CCC(C)C(=O)C([*])C(-O)C(C)C(O),(ccmal-redmal)(pk-pk-ccmal)(ohmal-redmal-ohmal)(ohmal-ohmal-mal-ohmmal-redmal)(mmal-pk-ohmmal)
93,gonP5;gonP2;gonP4;gonP1;gonP3,0.3488442376090227,0.32732521070379184,0.3631902555458434,CC(O)CC(O)CC(=O)C(C)C(O)CCC([*])C(-O)C([*])C(-O)C=CCC(O)CCCC(O)C(C)C(=O)C([*])C(-O)C(C)C(O)C=CCC,(ohmal-ohmal-mal-ohmmal-redmal)(pk-pk-ccmal)(ohmal-redmal-ohmal)(mmal-pk-ohmmal)(ccmal-redmal)
94,gonP3;gonP5;gonP4;gonP2;gonP1,0.3478120232237387,0.36057375133606306,0.3393042044821892,C=CCCCC(O)CC(O)CC(=O)C(C)C(O)CCCC(O)CCCC(O)C([*])C(-O)C([*])C(-O)C=CC(C)C(=O)C([*])C(-O)C(C)C(O),(ccmal-redmal)(ohmal-ohmal-mal-ohmmal-redmal)(ohmal-redmal-ohmal)(pk-pk-ccmal)(mmal-pk-ohmmal)
95,gonP2;gonP5;gonP3;gonP1;gonP4,0.34614554519271196,0.21097159823027076,0.43626150983433937,C([*])C(-O)C([*])C(-O)C=CCC(O)CC(O)CC(=O)C(C)C(O)CCC=CCCC(C)C(=O)C([*])C(-O)C(C)C(O)CC(O)CCCC(O),(pk-pk-ccmal)(ohmal-ohmal-mal-ohmmal-redmal)(ccmal-redmal)(mmal-pk-ohmmal)(ohmal-redmal-ohmal)
96,gonP5;gonP2;gonP1;gonP4;gonP3,0.3445861930822381,0.23564944405089788,0.41721069243646486,CC(O)CC(O)CC(=O)C(C)C(O)CCC([*])C(-O)C([*])C(-O)C=CC(C)C(=O)C([*])C(-O)C(C)C(O)CC(O)CCCC(O)C=CCC,(ohmal-ohmal-mal-ohmmal-redmal)(pk-pk-ccmal)(mmal-pk-ohmmal)(ohmal-redmal-ohmal)(ccmal-redmal)
97,gonP3;gonP5;gonP1;gonP2;gonP4,0.34277175954850003,0.3607699783988054,0.3307729469816298,C=CCCCC(O)CC(O)CC(=O)C(C)C(O)CCC(C)C(=O)C([*])C(-O)C(C)C(O)C([*])C(-O)C([*])C(-O)C=CCC(O)CCCC(O),(ccmal-redmal)(ohmal-ohmal-mal-ohmmal-redmal)(mmal-pk-ohmmal)(pk-pk-ccmal)(ohmal-redmal-ohmal)
98,gonP3;gonP2;gonP1;gonP5;gonP4,0.3363107267881095,0.34807142842184674,0.3284702590322848,C=CCCC([*])C(-O)C([*])C(-O)C=CC(C)C(=O)C([*])C(-O)C(C)C(O)CC(O)CC(O)CC(=O)C(C)C(O)CCCC(O)CCCC(O),(ccmal-redmal)(pk-pk-ccmal)(mmal-pk-ohmmal)(ohmal-ohmal-mal-ohmmal-redmal)(ohmal-redmal-ohmal)
99,gonP1;gonP3;gonP2;gonP5;gonP4,0.33317751887833436,0.32945473310074747,0.33565937606339236,C(C)C(=O)C([*])C(-O)C(C)C(O)C=CCCC([*])C(-O)C([*])C(-O)C=CCC(O)CC(O)CC(=O)C(C)C(O)CCCC(O)CCCC(O),(mmal-pk-ohmmal)(ccmal-redmal)(pk-pk-ccmal)(ohmal-ohmal-mal-ohmmal-redmal)(ohmal-redmal-ohmal)
100,gonP3;gonP2;gonP1;gonP4;gonP5,0.32902221024681655,0.30549602992479347,0.34470633046149857,C=CCCC([*])C(-O)C([*])C(-O)C=CC(C)C(=O)C([*])C(-O)C(C)C(O)CC(O)CCCC(O)CC(O)CC(O)CC(=O)C(C)C(O)CC,(ccmal-redmal)(pk-pk-ccmal)(mmal-pk-ohmmal)(ohmal-redmal-ohmal)(ohmal-ohmal-mal-ohmmal-redmal)
101,gonP1;gonP5;gonP3;gonP2;gonP4,0.3273904831320016,0.3225763458758092,0.33059990796946326,C(C)C(=O)C([*])C(-O)C(C)C(O)CC(O)CC(O)CC(=O)C(C)C(O)CCC=CCCC([*])C(-O)C([*])C(-O)C=CCC(O)CCCC(O),(mmal-pk-ohmmal)(ohmal-ohmal-mal-ohmmal-redmal)(ccmal-redmal)(pk-pk-ccmal)(ohmal-redmal-ohmal)
102,gonP3;gonP5;gonP1;gonP4;gonP2,0.32299974938019316,0.35190532526892326,0.303729365454373,C=CCCCC(O)CC(O)CC(=O)C(C)C(O)CCC(C)C(=O)C([*])C(-O)C(C)C(O)CC(O)CCCC(O)C([*])C(-O)C([*])C(-O)C=C,(ccmal-redmal)(ohmal-ohmal-mal-ohmmal-redmal)(mmal-pk-ohmmal)(ohmal-redmal-ohmal)(pk-pk-ccmal)
103,gonP3;gonP2;gonP4;gonP1;gonP5,0.3115379915698292,0.33518922997266043,0.295770499301275,C=CCCC([*])C(-O)C([*])C(-O)C=CCC(O)CCCC(O)C(C)C(=O)C([*])C(-O)C(C)C(O)CC(O)CC(O)CC(=O)C(C)C(O)CC,(ccmal-redmal)(pk-pk-ccmal)(ohmal-redmal-ohmal)(mmal-pk-ohmmal)(ohmal-ohmal-mal-ohmmal-redmal)
104,gonP1;gonP4;gonP3;gonP2;gonP5,0.3041467391332694,0.2248967679986673,0.3569800532230041,C(C)C(=O)C([*])C(-O)C(C)C(O)CC(O)CCCC(O)C=CCCC([*])C(-O)C([*])C(-O)C=CCC(O)CC(O)CC(=O)C(C)C(O)CC,(mmal-pk-ohmmal)(ohmal-redmal-ohmal)(ccmal-redmal)(pk-pk-ccmal)(ohmal-ohmal-mal-ohmmal-redmal)
105,gonP3;gonP2;gonP5;gonP4;gonP1,0.3039551841138092,0.26637974323295144,0.32900547803438096,C=CCCC([*])C(-O)C([*])C(-O)C=CCC(O)CC(O)CC(=O)C(C)C(O)CCCC(O)CCCC(O)C(C)C(=O)C([*])C(-O)C(C)C(O),(ccmal-redmal)(pk-pk-ccmal)(ohmal-ohmal-mal-ohmmal-redmal)(ohmal-redmal-ohmal)(mmal-pk-ohmmal)
106,gonP1;gonP4;gonP3;gonP5;gonP2,0.2975595169565016,0.19672852691755005,0.36478017698246934,C(C)C(=O)C([*])C(-O)C(C)C(O)CC(O)CCCC(O)C=CCCCC(O)CC(O)CC(=O)C(C)C(O)CCC([*])C(-O)C([*])C(-O)C=C,(mmal-pk-ohmmal)(ohmal-redmal-ohmal)(ccmal-redmal)(ohmal-ohmal-mal-ohmmal-redmal)(pk-pk-ccmal)
107,gonP5;gonP4;gonP1;gonP3;gonP2,0.2943954611110142,0.30579104603173246,0.286798404497202,CC(O)CC(O)CC(=O)C(C)C(O)CCCC(O)CCCC(O)C(C)C(=O)C([*])C(-O)C(C)C(O)C=CCCC([*])C(-O)C([*])C(-O)C=C,(ohmal-ohmal-mal-ohmmal-redmal)(ohmal-redmal-ohmal)(mmal-pk-ohmmal)(ccmal-redmal)(pk-pk-ccmal)
108,gonP5;gonP4;gonP3;gonP2;gonP1,0.29053751304371556,0.21675614552755357,0.33972509138782353,CC(O)CC(O)CC(=O)C(C)C(O)CCCC(O)CCCC(O)C=CCCC([*])C(-O)C([*])C(-O)C=CC(C)C(=O)C([*])C(-O)C(C)C(O),(ohmal-ohmal-mal-ohmmal-redmal)(ohmal-redmal-ohmal)(ccmal-redmal)(pk-pk-ccmal)(mmal-pk-ohmmal)
109,gonP1;gonP3;gonP5;gonP2;gonP4,0.2804326388373854,0.24927685347805822,0.3012031624102702,C(C)C(=O)C([*])C(-O)C(C)C(O)C=CCCCC(O)CC(O)CC(=O)C(C)C(O)CCC([*])C(-O)C([*])C(-O)C=CCC(O)CCCC(O),(mmal-pk-ohmmal)(ccmal-redmal)(ohmal-ohmal-mal-ohmmal-redmal)(pk-pk-ccmal)(ohmal-redmal-ohmal)
110,gonP2;gonP1;gonP3;gonP5;gonP4,0.28033122028575663,0.2653938203431717,0.2902894869141466,C([*])C(-O)C([*])C(-O)C=CC(C)C(=O)C([*])C(-O)C(C)C(O)C=CCCCC(O)CC(O)CC(=O)C(C)C(O)CCCC(O)CCCC(O),(pk-pk-ccmal)(mmal-pk-ohmmal)(ccmal-redmal)(ohmal-ohmal-mal-ohmmal-redmal)(ohmal-redmal-ohmal)
111,gonP2;gonP4;gonP3;gonP5;gonP1,0.2734460174802993,0.2094588000129538,0.3161041624585295,C([*])C(-O)C([*])C(-O)C=CCC(O)CCCC(O)C=CCCCC(O)CC(O)CC(=O)C(C)C(O)CCC(C)C(=O)C([*])C(-O)C(C)C(O),(pk-pk-ccmal)(ohmal-redmal-ohmal)(ccmal-redmal)(ohmal-ohmal-mal-ohmmal-redmal)(mmal-pk-ohmmal)
112,gonP5;gonP1;gonP4;gonP3;gonP2,0.26572523920016994,0.20808771946041377,0.30415025236000737,CC(O)CC(O)CC(=O)C(C)C(O)CCC(C)C(=O)C([*])C(-O)C(C)C(O)CC(O)CCCC(O)C=CCCC([*])C(-O)C([*])C(-O)C=C,(ohmal-ohmal-mal-ohmmal-redmal)(mmal-pk-ohmmal)(ohmal-redmal-ohmal)(ccmal-redmal)(pk-pk-ccmal)
113,gonP3;gonP2;gonP5;gonP1;gonP4,0.25775798762436264,0.21858387707342594,0.2838740613249871,C=CCCC([*])C(-O)C([*])C(-O)C=CCC(O)CC(O)CC(=O)C(C)C(O)CCC(C)C(=O)C([*])C(-O)C(C)C(O)CC(O)CCCC(O),(ccmal-redmal)(pk-pk-ccmal)(ohmal-ohmal-mal-ohmmal-redmal)(mmal-pk-ohmmal)(ohmal-redmal-ohmal)
114,gonP2;gonP4;gonP1;gonP3;gonP5,0.25555848506747625,0.25251162189398546,0.2575897271831368,C([*])C(-O)C([*])C(-O)C=CCC(O)CCCC(O)C(C)C(=O)C([*])C(-O)C(C)C(O)C=CCCCC(O)CC(O)CC(=O)C(C)C(O)CC,(pk-pk-ccmal)(ohmal-redmal-ohmal)(mmal-pk-ohmmal)(ccmal-redmal)(ohmal-ohmal-mal-ohmmal-redmal)
115,gonP2;gonP1;gonP4;gonP3;gonP5,0.2513004405406916,0.1608358552410916,0.3116101640737583,C([*])C(-O)C([*])C(-O)C=CC(C)C(=O)C([*])C(-O)C(C)C(O)CC(O)CCCC(O)C=CCCCC(O)CC(O)CC(=O)C(C)C(O)CC,(pk-pk-ccmal)(mmal-pk-ohmmal)(ohmal-redmal-ohmal)(ccmal-redmal)(ohmal-ohmal-mal-ohmmal-redmal)
116,gonP3;gonP5;gonP2;gonP4;gonP1,0.25121030407286016,0.18620186361026222,0.29454926438125884,C=CCCCC(O)CC(O)CC(=O)C(C)C(O)CCC([*])C(-O)C([*])C(-O)C=CCC(O)CCCC(O)C(C)C(=O)C([*])C(-O)C(C)C(O),(ccmal-redmal)(ohmal-ohmal-mal-ohmmal-redmal)(pk-pk-ccmal)(ohmal-redmal-ohmal)(mmal-pk-ohmmal)
117,gonP5;gonP1;gonP3;gonP2;gonP4,0.2485983610810537,0.26063604602092194,0.2405732377878082,CC(O)CC(O)CC(=O)C(C)C(O)CCC(C)C(=O)C([*])C(-O)C(C)C(O)C=CCCC([*])C(-O)C([*])C(-O)C=CCC(O)CCCC(O),(ohmal-ohmal-mal-ohmmal-redmal)(mmal-pk-ohmmal)(ccmal-redmal)(pk-pk-ccmal)(ohmal-redmal-ohmal)
118,gonP5;gonP3;gonP2;gonP4;gonP1,0.23486796004448016,0.1780935335255132,0.27271757772379146,CC(O)CC(O)CC(=O)C(C)C(O)CCC=CCCC([*])C(-O)C([*])C(-O)C=CCC(O)CCCC(O)C(C)C(=O)C([*])C(-O)C(C)C(O),(ohmal-ohmal-mal-ohmmal-redmal)(ccmal-redmal)(pk-pk-ccmal)(ohmal-redmal-ohmal)(mmal-pk-ohmmal)
119,gonP3;gonP5;gonP2;gonP1;gonP4,0.22942528496747328,0.14443355736916147,0.28608643669968115,C=CCCCC(O)CC(O)CC(=O)C(C)C(O)CCC([*])C(-O)C([*])C(-O)C=CC(C)C(=O)C([*])C(-O)C(C)C(O)CC(O)CCCC(O),(ccmal-redmal)(ohmal-ohmal-mal-ohmmal-redmal)(pk-pk-ccmal)(mmal-pk-ohmmal)(ohmal-redmal-ohmal)
120,gonP5;gonP3;gonP2;gonP1;gonP4,0.21308294093909325,0.13632522728441243,0.2642547500422138,CC(O)CC(O)CC(=O)C(C)C(O)CCC=CCCC([*])C(-O)C([*])C(-O)C=CC(C)C(=O)C([*])C(-O)C(C)C(O)CC(O)CCCC(O),(ohmal-ohmal-mal-ohmmal-redmal)(ccmal-redmal)(pk-pk-ccmal)(mmal-pk-ohmmal)(ohmal-redmal-ohmal)
