PathwayID,Pathway,Score,Score2,Score3,ProductSMILES,Polymer
1,APK71_RS29950;APK71_RS29920;APK71_RS29935;APK71_RS29940;APK71_RS29945,0.5937431090607403,0.483719604067609,0.6670921123894947,CC(O)CC(O)C=CCC(O)C(C)CC(C)C(=O)CCC=CC=CC([*])C(-O),(ohmal-ohmal)(ccmal-ohmal-redmmal-mmal)(redmal)(ccmal-ccmal)(pk)
2,APK71_RS29920;APK71_RS29935;APK71_RS29940;APK71_RS29945;APK71_RS29950,0.5796325810663716,0.5024138422016253,0.6311117403095359,C=CCC(O)C(C)CC(C)C(=O)CCC=CC=CC([*])C(-O)CC(O)CC(O),(ccmal-ohmal-redmmal-mmal)(redmal)(ccmal-ccmal)(pk)(ohmal-ohmal)
3,APK71_RS29920;APK71_RS29950;APK71_RS29935;APK71_RS29940;APK71_RS29945,0.5693302353012124,0.4963347485135425,0.6179938931596591,C=CCC(O)C(C)CC(C)C(=O)CC(O)CC(O)CCC=CC=CC([*])C(-O),(ccmal-ohmal-redmmal-mmal)(ohmal-ohmal)(redmal)(ccmal-ccmal)(pk)
4,APK71_RS29935;APK71_RS29940;APK71_RS29945;APK71_RS29920;APK71_RS29950,0.549215373984492,0.48016979107415564,0.595245762591383,CCC=CC=CC([*])C(-O)C=CCC(O)C(C)CC(C)C(=O)CC(O)CC(O),(redmal)(ccmal-ccmal)(pk)(ccmal-ohmal-redmmal-mmal)(ohmal-ohmal)
5,APK71_RS29945;APK71_RS29950;APK71_RS29920;APK71_RS29935;APK71_RS29940,0.5412659227000287,0.425263552990363,0.6186008358398057,C([*])C(-O)CC(O)CC(O)C=CCC(O)C(C)CC(C)C(=O)CCC=CC=C,(pk)(ohmal-ohmal)(ccmal-ohmal-redmmal-mmal)(redmal)(ccmal-ccmal)
6,APK71_RS29945;APK71_RS29935;APK71_RS29940;APK71_RS29920;APK71_RS29950,0.5350824531028044,0.4538923647901141,0.5892091786445981,C([*])C(-O)CCC=CC=CC=CCC(O)C(C)CC(C)C(=O)CC(O)CC(O),(pk)(redmal)(ccmal-ccmal)(ccmal-ohmal-redmmal-mmal)(ohmal-ohmal)
7,APK71_RS29950;APK71_RS29935;APK71_RS29940;APK71_RS29945;APK71_RS29920,0.532304907955584,0.46316270342082455,0.578399710978757,CC(O)CC(O)CCC=CC=CC([*])C(-O)C=CCC(O)C(C)CC(C)C(=O),(ohmal-ohmal)(redmal)(ccmal-ccmal)(pk)(ccmal-ohmal-redmmal-mmal)
8,APK71_RS29935;APK71_RS29940;APK71_RS29945;APK71_RS29950;APK71_RS29920,0.5305936357245702,0.45727700354720224,0.5794713905094822,CCC=CC=CC([*])C(-O)CC(O)CC(O)C=CCC(O)C(C)CC(C)C(=O),(redmal)(ccmal-ccmal)(pk)(ohmal-ohmal)(ccmal-ohmal-redmmal-mmal)
9,APK71_RS29920;APK71_RS29950;APK71_RS29945;APK71_RS29935;APK71_RS29940,0.5265017209432505,0.4812948251995552,0.5566396514390475,C=CCC(O)C(C)CC(C)C(=O)CC(O)CC(O)C([*])C(-O)CCC=CC=C,(ccmal-ohmal-redmmal-mmal)(ohmal-ohmal)(pk)(redmal)(ccmal-ccmal)
10,APK71_RS29945;APK71_RS29920;APK71_RS29935;APK71_RS29940;APK71_RS29950,0.5257311318839644,0.4407263830971087,0.5824009644085348,C([*])C(-O)C=CCC(O)C(C)CC(C)C(=O)CCC=CC=CCC(O)CC(O),(pk)(ccmal-ohmal-redmmal-mmal)(redmal)(ccmal-ccmal)(ohmal-ohmal)
11,APK71_RS29920;APK71_RS29935;APK71_RS29940;APK71_RS29950;APK71_RS29945,0.5238945871387931,0.46227764167245516,0.5649725507830186,C=CCC(O)C(C)CC(C)C(=O)CCC=CC=CCC(O)CC(O)C([*])C(-O),(ccmal-ohmal-redmmal-mmal)(redmal)(ccmal-ccmal)(ohmal-ohmal)(pk)
12,APK71_RS29950;APK71_RS29945;APK71_RS29920;APK71_RS29935;APK71_RS29940,0.5210257888691509,0.4365355539999449,0.5773526121152881,CC(O)CC(O)C([*])C(-O)C=CCC(O)C(C)CC(C)C(=O)CCC=CC=C,(ohmal-ohmal)(pk)(ccmal-ohmal-redmmal-mmal)(redmal)(ccmal-ccmal)
13,APK71_RS29945;APK71_RS29920;APK71_RS29950;APK71_RS29935;APK71_RS29940,0.5147065183948318,0.42339194958640614,0.5755828976004489,C([*])C(-O)C=CCC(O)C(C)CC(C)C(=O)CC(O)CC(O)CCC=CC=C,(pk)(ccmal-ohmal-redmmal-mmal)(ohmal-ohmal)(redmal)(ccmal-ccmal)
14,APK71_RS29940;APK71_RS29950;APK71_RS29920;APK71_RS29935;APK71_RS29945,0.5122883561867632,0.37757826904317215,0.6020950809491572,C=CC=CCC(O)CC(O)C=CCC(O)C(C)CC(C)C(=O)CCC([*])C(-O),(ccmal-ccmal)(ohmal-ohmal)(ccmal-ohmal-redmmal-mmal)(redmal)(pk)
15,APK71_RS29945;APK71_RS29935;APK71_RS29940;APK71_RS29950;APK71_RS29920,0.5104387951524734,0.4481061189198752,0.551993912640872,C([*])C(-O)CCC=CC=CCC(O)CC(O)C=CCC(O)C(C)CC(C)C(=O),(pk)(redmal)(ccmal-ccmal)(ohmal-ohmal)(ccmal-ohmal-redmmal-mmal)
16,APK71_RS29940;APK71_RS29945;APK71_RS29950;APK71_RS29920;APK71_RS29935,0.5094269491511936,0.38251502130326814,0.5940349010498106,C=CC=CC([*])C(-O)CC(O)CC(O)C=CCC(O)C(C)CC(C)C(=O)CC,(ccmal-ccmal)(pk)(ohmal-ohmal)(ccmal-ohmal-redmmal-mmal)(redmal)
17,APK71_RS29950;APK71_RS29920;APK71_RS29935;APK71_RS29945;APK71_RS29940,0.5043265920610273,0.4307893720856363,0.5533514053779546,CC(O)CC(O)C=CCC(O)C(C)CC(C)C(=O)CCC([*])C(-O)C=CC=C,(ohmal-ohmal)(ccmal-ohmal-redmmal-mmal)(redmal)(pk)(ccmal-ccmal)
18,APK71_RS29940;APK71_RS29920;APK71_RS29935;APK71_RS29945;APK71_RS29950,0.5020532173371347,0.3646792176705836,0.5936358837815022,C=CC=CC=CCC(O)C(C)CC(C)C(=O)CCC([*])C(-O)CC(O)CC(O),(ccmal-ccmal)(ccmal-ohmal-redmmal-mmal)(redmal)(pk)(ohmal-ohmal)
19,APK71_RS29935;APK71_RS29940;APK71_RS29920;APK71_RS29950;APK71_RS29945,0.4994992997473228,0.422927048888271,0.5505474669866908,CCC=CC=CC=CCC(O)C(C)CC(C)C(=O)CC(O)CC(O)C([*])C(-O),(redmal)(ccmal-ccmal)(ccmal-ohmal-redmmal-mmal)(ohmal-ohmal)(pk)
20,APK71_RS29950;APK71_RS29920;APK71_RS29945;APK71_RS29935;APK71_RS29940,0.49899442624026613,0.44427505266543404,0.5354740086234875,CC(O)CC(O)C=CCC(O)C(C)CC(C)C(=O)C([*])C(-O)CCC=CC=C,(ohmal-ohmal)(ccmal-ohmal-redmmal-mmal)(pk)(redmal)(ccmal-ccmal)
21,APK71_RS29950;APK71_RS29945;APK71_RS29935;APK71_RS29940;APK71_RS29920,0.4962205810120048,0.4422715782727426,0.5321865828381795,CC(O)CC(O)C([*])C(-O)CCC=CC=CC=CCC(O)C(C)CC(C)C(=O),(ohmal-ohmal)(pk)(redmal)(ccmal-ccmal)(ccmal-ohmal-redmmal-mmal)
22,APK71_RS29950;APK71_RS29940;APK71_RS29920;APK71_RS29935;APK71_RS29945,0.4942058876939842,0.3516477794730426,0.5892446265079454,CC(O)CC(O)C=CC=CC=CCC(O)C(C)CC(C)C(=O)CCC([*])C(-O),(ohmal-ohmal)(ccmal-ccmal)(ccmal-ohmal-redmmal-mmal)(redmal)(pk)
23,APK71_RS29940;APK71_RS29920;APK71_RS29950;APK71_RS29935;APK71_RS29945,0.4917508715719756,0.35860012398250074,0.5805180366316256,C=CC=CC=CCC(O)C(C)CC(C)C(=O)CC(O)CC(O)CCC([*])C(-O),(ccmal-ccmal)(ccmal-ohmal-redmmal-mmal)(ohmal-ohmal)(redmal)(pk)
24,APK71_RS29920;APK71_RS29935;APK71_RS29945;APK71_RS29940;APK71_RS29950,0.49093833179063184,0.4607389500422724,0.5110712529562049,C=CCC(O)C(C)CC(C)C(=O)CCC([*])C(-O)C=CC=CCC(O)CC(O),(ccmal-ohmal-redmmal-mmal)(redmal)(pk)(ccmal-ccmal)(ohmal-ohmal)
25,APK71_RS29920;APK71_RS29950;APK71_RS29940;APK71_RS29945;APK71_RS29935,0.49079849304210504,0.4184503445894633,0.5390305920105329,C=CCC(O)C(C)CC(C)C(=O)CC(O)CC(O)C=CC=CC([*])C(-O)CC,(ccmal-ohmal-redmmal-mmal)(ohmal-ohmal)(ccmal-ccmal)(pk)(redmal)
26,APK71_RS29920;APK71_RS29935;APK71_RS29945;APK71_RS29950;APK71_RS29940,0.4896082308252704,0.37198572915702777,0.5680232319374322,C=CCC(O)C(C)CC(C)C(=O)CCC([*])C(-O)CC(O)CC(O)C=CC=C,(ccmal-ohmal-redmmal-mmal)(redmal)(pk)(ohmal-ohmal)(ccmal-ccmal)
27,APK71_RS29940;APK71_RS29945;APK71_RS29935;APK71_RS29920;APK71_RS29950,0.4883138442465481,0.4094011838548826,0.5409222845076584,C=CC=CC([*])C(-O)CCC=CCC(O)C(C)CC(C)C(=O)CC(O)CC(O),(ccmal-ccmal)(pk)(redmal)(ccmal-ohmal-redmmal-mmal)(ohmal-ohmal)
28,APK71_RS29945;APK71_RS29950;APK71_RS29935;APK71_RS29940;APK71_RS29920,0.48657190900925495,0.39885545050948396,0.5450495480091022,C([*])C(-O)CC(O)CC(O)CCC=CC=CC=CCC(O)C(C)CC(C)C(=O),(pk)(ohmal-ohmal)(redmal)(ccmal-ccmal)(ccmal-ohmal-redmmal-mmal)
29,APK71_RS29920;APK71_RS29945;APK71_RS29935;APK71_RS29940;APK71_RS29950,0.4856061659698707,0.4742246306220702,0.4931938562017377,C=CCC(O)C(C)CC(C)C(=O)C([*])C(-O)CCC=CC=CCC(O)CC(O),(ccmal-ohmal-redmmal-mmal)(pk)(redmal)(ccmal-ccmal)(ohmal-ohmal)
30,APK71_RS29950;APK71_RS29940;APK71_RS29945;APK71_RS29920;APK71_RS29935,0.4853225609680053,0.373691073389853,0.5597435526867736,CC(O)CC(O)C=CC=CC([*])C(-O)C=CCC(O)C(C)CC(C)C(=O)CC,(ohmal-ohmal)(ccmal-ccmal)(pk)(ccmal-ohmal-redmmal-mmal)(redmal)
31,APK71_RS29940;APK71_RS29945;APK71_RS29920;APK71_RS29935;APK71_RS29950,0.48422181879530934,0.4011059067958431,0.5396324267949535,C=CC=CC([*])C(-O)C=CCC(O)C(C)CC(C)C(=O)CCCC(O)CC(O),(ccmal-ccmal)(pk)(ccmal-ohmal-redmmal-mmal)(redmal)(ohmal-ohmal)
32,APK71_RS29940;APK71_RS29945;APK71_RS29920;APK71_RS29950;APK71_RS29935,0.48286754484599675,0.3806434178993112,0.5510169628104538,C=CC=CC([*])C(-O)C=CCC(O)C(C)CC(C)C(=O)CC(O)CC(O)CC,(ccmal-ccmal)(pk)(ccmal-ohmal-redmmal-mmal)(ohmal-ohmal)(redmal)
33,APK71_RS29920;APK71_RS29950;APK71_RS29935;APK71_RS29945;APK71_RS29940,0.4799137183014993,0.44340451653156976,0.5042531861481191,C=CCC(O)C(C)CC(C)C(=O)CC(O)CC(O)CCC([*])C(-O)C=CC=C,(ccmal-ohmal-redmmal-mmal)(ohmal-ohmal)(redmal)(pk)(ccmal-ccmal)
34,APK71_RS29920;APK71_RS29935;APK71_RS29950;APK71_RS29940;APK71_RS29945,0.47852101969782773,0.4025612164481926,0.5291608885309178,C=CCC(O)C(C)CC(C)C(=O)CCCC(O)CC(O)C=CC=CC([*])C(-O),(ccmal-ohmal-redmmal-mmal)(redmal)(ohmal-ohmal)(ccmal-ccmal)(pk)
35,APK71_RS29950;APK71_RS29935;APK71_RS29940;APK71_RS29920;APK71_RS29945,0.47584980782102115,0.40627972407766255,0.5222298636499269,CC(O)CC(O)CCC=CC=CC=CCC(O)C(C)CC(C)C(=O)C([*])C(-O),(ohmal-ohmal)(redmal)(ccmal-ccmal)(ccmal-ohmal-redmmal-mmal)(pk)
36,APK71_RS29950;APK71_RS29920;APK71_RS29940;APK71_RS29945;APK71_RS29935,0.47234626239551175,0.44256154299479983,0.4922027419959864,CC(O)CC(O)C=CCC(O)C(C)CC(C)C(=O)C=CC=CC([*])C(-O)CC,(ohmal-ohmal)(ccmal-ohmal-redmmal-mmal)(ccmal-ccmal)(pk)(redmal)
37,APK71_RS29920;APK71_RS29945;APK71_RS29950;APK71_RS29935;APK71_RS29940,0.4712521509523073,0.4266176737616477,0.5010084690794137,C=CCC(O)C(C)CC(C)C(=O)C([*])C(-O)CC(O)CC(O)CCC=CC=C,(ccmal-ohmal-redmmal-mmal)(pk)(ohmal-ohmal)(redmal)(ccmal-ccmal)
38,APK71_RS29940;APK71_RS29945;APK71_RS29935;APK71_RS29950;APK71_RS29920,0.4689294820638183,0.40848564261860965,0.5092253750272908,C=CC=CC([*])C(-O)CCCC(O)CC(O)C=CCC(O)C(C)CC(C)C(=O),(ccmal-ccmal)(pk)(redmal)(ohmal-ohmal)(ccmal-ohmal-redmmal-mmal)
39,APK71_RS29935;APK71_RS29940;APK71_RS29950;APK71_RS29920;APK71_RS29945,0.46811661589959797,0.41750056586075474,0.5018606492588269,CCC=CC=CCC(O)CC(O)C=CCC(O)C(C)CC(C)C(=O)C([*])C(-O),(redmal)(ccmal-ccmal)(ohmal-ohmal)(ccmal-ohmal-redmmal-mmal)(pk)
40,APK71_RS29935;APK71_RS29945;APK71_RS29940;APK71_RS29920;APK71_RS29950,0.46654304439916156,0.4213883572580882,0.49664616915987714,CCC([*])C(-O)C=CC=CC=CCC(O)C(C)CC(C)C(=O)CC(O)CC(O),(redmal)(pk)(ccmal-ccmal)(ccmal-ohmal-redmmal-mmal)(ohmal-ohmal)
41,APK71_RS29940;APK71_RS29935;APK71_RS29945;APK71_RS29920;APK71_RS29950,0.46283020243135736,0.34693660737211496,0.5400925991375191,C=CC=CCCC([*])C(-O)C=CCC(O)C(C)CC(C)C(=O)CC(O)CC(O),(ccmal-ccmal)(redmal)(pk)(ccmal-ohmal-redmmal-mmal)(ohmal-ohmal)
42,APK71_RS29935;APK71_RS29945;APK71_RS29920;APK71_RS29950;APK71_RS29940,0.4591910237433908,0.349741678029558,0.5321572542192794,CCC([*])C(-O)C=CCC(O)C(C)CC(C)C(=O)CC(O)CC(O)C=CC=C,(redmal)(pk)(ccmal-ohmal-redmmal-mmal)(ohmal-ohmal)(ccmal-ccmal)
43,APK71_RS29935;APK71_RS29940;APK71_RS29950;APK71_RS29945;APK71_RS29920,0.458598583256954,0.421348293302158,0.4834321098934847,CCC=CC=CCC(O)CC(O)C([*])C(-O)C=CCC(O)C(C)CC(C)C(=O),(redmal)(ccmal-ccmal)(ohmal-ohmal)(pk)(ccmal-ohmal-redmmal-mmal)
44,APK71_RS29935;APK71_RS29940;APK71_RS29920;APK71_RS29945;APK71_RS29950,0.4578814770499695,0.40460151448816617,0.4934014520911718,CCC=CC=CC=CCC(O)C(C)CC(C)C(=O)C([*])C(-O)CC(O)CC(O),(redmal)(ccmal-ccmal)(ccmal-ohmal-redmmal-mmal)(pk)(ohmal-ohmal)
45,APK71_RS29920;APK71_RS29950;APK71_RS29940;APK71_RS29935;APK71_RS29945,0.45712940333387575,0.34839191702446437,0.5296210608734834,C=CCC(O)C(C)CC(C)C(=O)CC(O)CC(O)C=CC=CCCC([*])C(-O),(ccmal-ohmal-redmmal-mmal)(ohmal-ohmal)(ccmal-ccmal)(redmal)(pk)
46,APK71_RS29940;APK71_RS29950;APK71_RS29935;APK71_RS29945;APK71_RS29920,0.45085015508160675,0.3570213683963878,0.5134026795384194,C=CC=CCC(O)CC(O)CCC([*])C(-O)C=CCC(O)C(C)CC(C)C(=O),(ccmal-ccmal)(ohmal-ohmal)(redmal)(pk)(ccmal-ohmal-redmmal-mmal)
47,APK71_RS29945;APK71_RS29940;APK71_RS29950;APK71_RS29920;APK71_RS29935,0.4504325341126927,0.3997807529137258,0.48420038824533734,C([*])C(-O)C=CC=CCC(O)CC(O)C=CCC(O)C(C)CC(C)C(=O)CC,(pk)(ccmal-ccmal)(ohmal-ohmal)(ccmal-ohmal-redmmal-mmal)(redmal)
48,APK71_RS29950;APK71_RS29935;APK71_RS29945;APK71_RS29940;APK71_RS29920,0.44963257837025356,0.4043812696047571,0.47980011754725116,CC(O)CC(O)CCC([*])C(-O)C=CC=CC=CCC(O)C(C)CC(C)C(=O),(ohmal-ohmal)(redmal)(pk)(ccmal-ccmal)(ccmal-ohmal-redmmal-mmal)
49,APK71_RS29920;APK71_RS29940;APK71_RS29945;APK71_RS29935;APK71_RS29950,0.4492876625852964,0.4756391763372653,0.43171998675065054,C=CCC(O)C(C)CC(C)C(=O)C=CC=CC([*])C(-O)CCCC(O)CC(O),(ccmal-ohmal-redmmal-mmal)(ccmal-ccmal)(pk)(redmal)(ohmal-ohmal)
50,APK71_RS29935;APK71_RS29920;APK71_RS29950;APK71_RS29940;APK71_RS29945,0.4488664365387561,0.3583399190300425,0.5092174482112319,CCC=CCC(O)C(C)CC(C)C(=O)CC(O)CC(O)C=CC=CC([*])C(-O),(redmal)(ccmal-ohmal-redmmal-mmal)(ohmal-ohmal)(ccmal-ccmal)(pk)
51,APK71_RS29920;APK71_RS29940;APK71_RS29950;APK71_RS29935;APK71_RS29945,0.4474653941431226,0.41996741183091757,0.4657973823512593,C=CCC(O)C(C)CC(C)C(=O)C=CC=CCC(O)CC(O)CCC([*])C(-O),(ccmal-ohmal-redmmal-mmal)(ccmal-ccmal)(ohmal-ohmal)(redmal)(pk)
52,APK71_RS29940;APK71_RS29920;APK71_RS29950;APK71_RS29945;APK71_RS29935,0.4467832179024175,0.35975229275122916,0.5048038346698764,C=CC=CC=CCC(O)C(C)CC(C)C(=O)CC(O)CC(O)C([*])C(-O)CC,(ccmal-ccmal)(ccmal-ohmal-redmmal-mmal)(ohmal-ohmal)(pk)(redmal)
53,APK71_RS29950;APK71_RS29940;APK71_RS29945;APK71_RS29935;APK71_RS29920,0.44558771780343803,0.3776844484145141,0.4908565640627207,CC(O)CC(O)C=CC=CC([*])C(-O)CCC=CCC(O)C(C)CC(C)C(=O),(ohmal-ohmal)(ccmal-ccmal)(pk)(redmal)(ccmal-ohmal-redmmal-mmal)
54,APK71_RS29920;APK71_RS29940;APK71_RS29945;APK71_RS29950;APK71_RS29935,0.44460398710755294,0.4249041640910135,0.45773720245191263,C=CCC(O)C(C)CC(C)C(=O)C=CC=CC([*])C(-O)CC(O)CC(O)CC,(ccmal-ohmal-redmmal-mmal)(ccmal-ccmal)(pk)(ohmal-ohmal)(redmal)
55,APK71_RS29950;APK71_RS29935;APK71_RS29945;APK71_RS29920;APK71_RS29940,0.44459659587348027,0.3942253241584074,0.47817744368352894,CC(O)CC(O)CCC([*])C(-O)C=CCC(O)C(C)CC(C)C(=O)C=CC=C,(ohmal-ohmal)(redmal)(pk)(ccmal-ohmal-redmmal-mmal)(ccmal-ccmal)
56,APK71_RS29940;APK71_RS29935;APK71_RS29945;APK71_RS29950;APK71_RS29920,0.44420846417143556,0.3240438198451616,0.5243182270556181,C=CC=CCCC([*])C(-O)CC(O)CC(O)C=CCC(O)C(C)CC(C)C(=O),(ccmal-ccmal)(redmal)(pk)(ohmal-ohmal)(ccmal-ohmal-redmmal-mmal)
57,APK71_RS29935;APK71_RS29945;APK71_RS29950;APK71_RS29920;APK71_RS29940,0.4428853236424664,0.3883396242847851,0.47924912321425406,CCC([*])C(-O)CC(O)CC(O)C=CCC(O)C(C)CC(C)C(=O)C=CC=C,(redmal)(pk)(ohmal-ohmal)(ccmal-ohmal-redmmal-mmal)(ccmal-ccmal)
58,APK71_RS29935;APK71_RS29945;APK71_RS29940;APK71_RS29950;APK71_RS29920,0.4418993864488304,0.4156021113878493,0.45943090315615115,CCC([*])C(-O)C=CC=CCC(O)CC(O)C=CCC(O)C(C)CC(C)C(=O),(redmal)(pk)(ccmal-ccmal)(ohmal-ohmal)(ccmal-ohmal-redmmal-mmal)
59,APK71_RS29940;APK71_RS29945;APK71_RS29950;APK71_RS29935;APK71_RS29920,0.43980330015299857,0.3543642695742525,0.4967626538721627,C=CC=CC([*])C(-O)CC(O)CC(O)CCC=CCC(O)C(C)CC(C)C(=O),(ccmal-ccmal)(pk)(ohmal-ohmal)(redmal)(ccmal-ohmal-redmmal-mmal)
60,APK71_RS29945;APK71_RS29950;APK71_RS29940;APK71_RS29920;APK71_RS29935,0.4395895620216762,0.3093838204785123,0.5263933897171189,C([*])C(-O)CC(O)CC(O)C=CC=CC=CCC(O)C(C)CC(C)C(=O)CC,(pk)(ohmal-ohmal)(ccmal-ccmal)(ccmal-ohmal-redmmal-mmal)(redmal)
61,APK71_RS29950;APK71_RS29920;APK71_RS29940;APK71_RS29935;APK71_RS29945,0.43867717268728246,0.37250311542980086,0.48279321085893684,CC(O)CC(O)C=CCC(O)C(C)CC(C)C(=O)C=CC=CCCC([*])C(-O),(ohmal-ohmal)(ccmal-ohmal-redmmal-mmal)(ccmal-ccmal)(redmal)(pk)
62,APK71_RS29940;APK71_RS29950;APK71_RS29945;APK71_RS29920;APK71_RS29935,0.4374318966835774,0.34658631105822385,0.4979956204338131,C=CC=CCC(O)CC(O)C([*])C(-O)C=CCC(O)C(C)CC(C)C(=O)CC,(ccmal-ccmal)(ohmal-ohmal)(pk)(ccmal-ohmal-redmmal-mmal)(redmal)
63,APK71_RS29950;APK71_RS29945;APK71_RS29940;APK71_RS29920;APK71_RS29935,0.43621431997222415,0.39394621226659315,0.46439305844264483,CC(O)CC(O)C([*])C(-O)C=CC=CC=CCC(O)C(C)CC(C)C(=O)CC,(ohmal-ohmal)(pk)(ccmal-ccmal)(ccmal-ohmal-redmmal-mmal)(redmal)
64,APK71_RS29940;APK71_RS29920;APK71_RS29935;APK71_RS29950;APK71_RS29945,0.4345057445581401,0.34386316460995847,0.4949341311902613,C=CC=CC=CCC(O)C(C)CC(C)C(=O)CCCC(O)CC(O)C([*])C(-O),(ccmal-ccmal)(ccmal-ohmal-redmmal-mmal)(redmal)(ohmal-ohmal)(pk)
65,APK71_RS29950;APK71_RS29935;APK71_RS29920;APK71_RS29940;APK71_RS29945,0.4342720086688455,0.4028235651588918,0.45523763767548137,CC(O)CC(O)CCC=CCC(O)C(C)CC(C)C(=O)C=CC=CC([*])C(-O),(ohmal-ohmal)(redmal)(ccmal-ohmal-redmmal-mmal)(ccmal-ccmal)(pk)
66,APK71_RS29935;APK71_RS29950;APK71_RS29920;APK71_RS29940;APK71_RS29945,0.4317981125150237,0.41891511157594985,0.44038677980773966,CCCC(O)CC(O)C=CCC(O)C(C)CC(C)C(=O)C=CC=CC([*])C(-O),(redmal)(ohmal-ohmal)(ccmal-ohmal-redmmal-mmal)(ccmal-ccmal)(pk)
67,APK71_RS29945;APK71_RS29940;APK71_RS29920;APK71_RS29935;APK71_RS29950,0.4312493234472177,0.40126509674958627,0.4512388079123054,C([*])C(-O)C=CC=CC=CCC(O)C(C)CC(C)C(=O)CCCC(O)CC(O),(pk)(ccmal-ccmal)(ccmal-ohmal-redmmal-mmal)(redmal)(ohmal-ohmal)
68,APK71_RS29935;APK71_RS29945;APK71_RS29950;APK71_RS29940;APK71_RS29920,0.43105641435781394,0.3252051789526359,0.5016239046279327,CCC([*])C(-O)CC(O)CC(O)C=CC=CC=CCC(O)C(C)CC(C)C(=O),(redmal)(pk)(ohmal-ohmal)(ccmal-ccmal)(ccmal-ohmal-redmmal-mmal)
69,APK71_RS29945;APK71_RS29940;APK71_RS29920;APK71_RS29950;APK71_RS29935,0.42989504949790514,0.3808026078530543,0.4626233439278057,C([*])C(-O)C=CC=CC=CCC(O)C(C)CC(C)C(=O)CC(O)CC(O)CC,(pk)(ccmal-ccmal)(ccmal-ohmal-redmmal-mmal)(ohmal-ohmal)(redmal)
70,APK71_RS29945;APK71_RS29935;APK71_RS29920;APK71_RS29950;APK71_RS29940,0.4279893282426858,0.3379136945800957,0.4880397506844127,C([*])C(-O)CCC=CCC(O)C(C)CC(C)C(=O)CC(O)CC(O)C=CC=C,(pk)(redmal)(ccmal-ohmal-redmmal-mmal)(ohmal-ohmal)(ccmal-ccmal)
71,APK71_RS29935;APK71_RS29945;APK71_RS29920;APK71_RS29940;APK71_RS29950,0.4273505328264022,0.40380245439153073,0.4430492517829831,CCC([*])C(-O)C=CCC(O)C(C)CC(C)C(=O)C=CC=CCC(O)CC(O),(redmal)(pk)(ccmal-ohmal-redmmal-mmal)(ccmal-ccmal)(ohmal-ohmal)
72,APK71_RS29920;APK71_RS29940;APK71_RS29935;APK71_RS29945;APK71_RS29950,0.4245666446929136,0.3911973535638173,0.4468128387789779,C=CCC(O)C(C)CC(C)C(=O)C=CC=CCCC([*])C(-O)CC(O)CC(O),(ccmal-ohmal-redmmal-mmal)(ccmal-ccmal)(redmal)(pk)(ohmal-ohmal)
73,APK71_RS29945;APK71_RS29920;APK71_RS29935;APK71_RS29950;APK71_RS29940,0.42389730279144705,0.32961841752105614,0.4867498929717077,C([*])C(-O)C=CCC(O)C(C)CC(C)C(=O)CCCC(O)CC(O)C=CC=C,(pk)(ccmal-ohmal-redmmal-mmal)(redmal)(ohmal-ohmal)(ccmal-ccmal)
74,APK71_RS29920;APK71_RS29935;APK71_RS29950;APK71_RS29945;APK71_RS29940,0.4226685912876639,0.4286675571590275,0.4186692807067548,C=CCC(O)C(C)CC(C)C(=O)CCCC(O)CC(O)C([*])C(-O)C=CC=C,(ccmal-ohmal-redmmal-mmal)(redmal)(ohmal-ohmal)(pk)(ccmal-ccmal)
75,APK71_RS29950;APK71_RS29940;APK71_RS29935;APK71_RS29945;APK71_RS29920,0.4201040759882473,0.31521987193174644,0.49002687869258116,CC(O)CC(O)C=CC=CCCC([*])C(-O)C=CCC(O)C(C)CC(C)C(=O),(ohmal-ohmal)(ccmal-ccmal)(redmal)(pk)(ccmal-ohmal-redmmal-mmal)
76,APK71_RS29935;APK71_RS29920;APK71_RS29940;APK71_RS29945;APK71_RS29950,0.416303677897794,0.4011453555693954,0.42640922611672644,CCC=CCC(O)C(C)CC(C)C(=O)C=CC=CC([*])C(-O)CC(O)CC(O),(redmal)(ccmal-ohmal-redmmal-mmal)(ccmal-ccmal)(pk)(ohmal-ohmal)
77,APK71_RS29940;APK71_RS29950;APK71_RS29920;APK71_RS29945;APK71_RS29935,0.4154005340546926,0.35432580972371297,0.45611701694201245,C=CC=CCC(O)CC(O)C=CCC(O)C(C)CC(C)C(=O)C([*])C(-O)CC,(ccmal-ccmal)(ohmal-ohmal)(ccmal-ohmal-redmmal-mmal)(pk)(redmal)
78,APK71_RS29935;APK71_RS29950;APK71_RS29940;APK71_RS29945;APK71_RS29920,0.4132250158159886,0.36163186807789544,0.44762044764138403,CCCC(O)CC(O)C=CC=CC([*])C(-O)C=CCC(O)C(C)CC(C)C(=O),(redmal)(ohmal-ohmal)(ccmal-ccmal)(pk)(ccmal-ohmal-redmmal-mmal)
79,APK71_RS29945;APK71_RS29935;APK71_RS29950;APK71_RS29920;APK71_RS29940,0.41092100421895345,0.39848888712600294,0.41920908228092046,C([*])C(-O)CCCC(O)CC(O)C=CCC(O)C(C)CC(C)C(=O)C=CC=C,(pk)(redmal)(ohmal-ohmal)(ccmal-ohmal-redmmal-mmal)(ccmal-ccmal)
80,APK71_RS29920;APK71_RS29940;APK71_RS29950;APK71_RS29945;APK71_RS29935,0.40249774047356446,0.421119580599646,0.3900831803895101,C=CCC(O)C(C)CC(C)C(=O)C=CC=CCC(O)CC(O)C([*])C(-O)CC,(ccmal-ohmal-redmmal-mmal)(ccmal-ccmal)(ohmal-ohmal)(pk)(redmal)
81,APK71_RS29945;APK71_RS29920;APK71_RS29950;APK71_RS29940;APK71_RS29935,0.40036654711589886,0.2916412101800437,0.47285010507313574,C([*])C(-O)C=CCC(O)C(C)CC(C)C(=O)CC(O)CC(O)C=CC=CCC,(pk)(ccmal-ohmal-redmmal-mmal)(ohmal-ohmal)(ccmal-ccmal)(redmal)
82,APK71_RS29920;APK71_RS29950;APK71_RS29945;APK71_RS29940;APK71_RS29935,0.3991378356121157,0.3906903498180149,0.40476949280818286,C=CCC(O)C(C)CC(C)C(=O)CC(O)CC(O)C([*])C(-O)C=CC=CCC,(ccmal-ohmal-redmmal-mmal)(ohmal-ohmal)(pk)(ccmal-ccmal)(redmal)
83,APK71_RS29945;APK71_RS29935;APK71_RS29950;APK71_RS29940;APK71_RS29920,0.399092094934301,0.3353544417938538,0.4415838636945991,C([*])C(-O)CCCC(O)CC(O)C=CC=CC=CCC(O)C(C)CC(C)C(=O),(pk)(redmal)(ohmal-ohmal)(ccmal-ccmal)(ccmal-ohmal-redmmal-mmal)
84,APK71_RS29940;APK71_RS29950;APK71_RS29945;APK71_RS29935;APK71_RS29920,0.3976970535190101,0.350579686082885,0.4291086318097602,C=CC=CCC(O)CC(O)C([*])C(-O)CCC=CCC(O)C(C)CC(C)C(=O),(ccmal-ccmal)(ohmal-ohmal)(pk)(redmal)(ccmal-ohmal-redmmal-mmal)
85,APK71_RS29950;APK71_RS29940;APK71_RS29920;APK71_RS29945;APK71_RS29935,0.3973180655619137,0.32839532015358336,0.44326656250080065,CC(O)CC(O)C=CC=CC=CCC(O)C(C)CC(C)C(=O)C([*])C(-O)CC,(ohmal-ohmal)(ccmal-ccmal)(ccmal-ohmal-redmmal-mmal)(pk)(redmal)
86,APK71_RS29940;APK71_RS29920;APK71_RS29945;APK71_RS29935;APK71_RS29950,0.39621732338921767,0.3558101535595735,0.42315543660898053,C=CC=CC=CCC(O)C(C)CC(C)C(=O)C([*])C(-O)CCCC(O)CC(O),(ccmal-ccmal)(ccmal-ohmal-redmmal-mmal)(pk)(redmal)(ohmal-ohmal)
87,APK71_RS29945;APK71_RS29935;APK71_RS29920;APK71_RS29940;APK71_RS29950,0.3961488373256971,0.3919744709420683,0.3989317482481164,C([*])C(-O)CCC=CCC(O)C(C)CC(C)C(=O)C=CC=CCC(O)CC(O),(pk)(redmal)(ccmal-ohmal-redmmal-mmal)(ccmal-ccmal)(ohmal-ohmal)
88,APK71_RS29940;APK71_RS29935;APK71_RS29920;APK71_RS29950;APK71_RS29945,0.39604535357517073,0.3041433080208094,0.45731338394474497,C=CC=CCCC=CCC(O)C(C)CC(C)C(=O)CC(O)CC(O)C([*])C(-O),(ccmal-ccmal)(redmal)(ccmal-ohmal-redmmal-mmal)(ohmal-ohmal)(pk)
89,APK71_RS29935;APK71_RS29920;APK71_RS29950;APK71_RS29945;APK71_RS29940,0.3930140081285922,0.3844462597408773,0.3987258403870688,CCC=CCC(O)C(C)CC(C)C(=O)CC(O)CC(O)C([*])C(-O)C=CC=C,(redmal)(ccmal-ohmal-redmmal-mmal)(ohmal-ohmal)(pk)(ccmal-ccmal)
90,APK71_RS29945;APK71_RS29940;APK71_RS29935;APK71_RS29920;APK71_RS29950,0.39278893246424834,0.36154524016043726,0.41361806066678913,C([*])C(-O)C=CC=CCCC=CCC(O)C(C)CC(C)C(=O)CC(O)CC(O),(pk)(ccmal-ccmal)(redmal)(ccmal-ohmal-redmmal-mmal)(ohmal-ohmal)
91,APK71_RS29940;APK71_RS29920;APK71_RS29945;APK71_RS29950;APK71_RS29935,0.3915336479114742,0.3050751413133217,0.4491726523102426,C=CC=CC=CCC(O)C(C)CC(C)C(=O)C([*])C(-O)CC(O)CC(O)CC,(ccmal-ccmal)(ccmal-ohmal-redmmal-mmal)(pk)(ohmal-ohmal)(redmal)
92,APK71_RS29950;APK71_RS29945;APK71_RS29935;APK71_RS29920;APK71_RS29940,0.3914434943108836,0.38778364184490455,0.39388339595486965,CC(O)CC(O)C([*])C(-O)CCC=CCC(O)C(C)CC(C)C(=O)C=CC=C,(ohmal-ohmal)(pk)(redmal)(ccmal-ohmal-redmmal-mmal)(ccmal-ccmal)
93,APK71_RS29945;APK71_RS29920;APK71_RS29940;APK71_RS29950;APK71_RS29935,0.39070253792514575,0.36321670498649694,0.4090264265509116,C([*])C(-O)C=CCC(O)C(C)CC(C)C(=O)C=CC=CCC(O)CC(O)CC,(pk)(ccmal-ohmal-redmmal-mmal)(ccmal-ccmal)(ohmal-ohmal)(redmal)
94,APK71_RS29945;APK71_RS29950;APK71_RS29920;APK71_RS29940;APK71_RS29935,0.3840608470149745,0.33023915643527063,0.4199419740681104,C([*])C(-O)CC(O)CC(O)C=CCC(O)C(C)CC(C)C(=O)C=CC=CCC,(pk)(ohmal-ohmal)(ccmal-ohmal-redmmal-mmal)(ccmal-ccmal)(redmal)
95,APK71_RS29920;APK71_RS29945;APK71_RS29935;APK71_RS29950;APK71_RS29940,0.3837723368773534,0.3631166650460177,0.39754278476491056,C=CCC(O)C(C)CC(C)C(=O)C([*])C(-O)CCCC(O)CC(O)C=CC=C,(ccmal-ohmal-redmmal-mmal)(pk)(redmal)(ohmal-ohmal)(ccmal-ccmal)
96,APK71_RS29945;APK71_RS29950;APK71_RS29935;APK71_RS29920;APK71_RS29940,0.3817948223081337,0.34436751408164584,0.4067463611257923,C([*])C(-O)CC(O)CC(O)CCC=CCC(O)C(C)CC(C)C(=O)C=CC=C,(pk)(ohmal-ohmal)(redmal)(ccmal-ohmal-redmmal-mmal)(ccmal-ccmal)
97,APK71_RS29945;APK71_RS29940;APK71_RS29950;APK71_RS29935;APK71_RS29920,0.38080888511449773,0.3716300011847101,0.38692814106768947,C([*])C(-O)C=CC=CCC(O)CC(O)CCC=CCC(O)C(C)CC(C)C(=O),(pk)(ccmal-ccmal)(ohmal-ohmal)(redmal)(ccmal-ohmal-redmmal-mmal)
98,APK71_RS29920;APK71_RS29945;APK71_RS29940;APK71_RS29950;APK71_RS29935,0.38041876236497135,0.40113487368501044,0.3666080214849453,C=CCC(O)C(C)CC(C)C(=O)C([*])C(-O)C=CC=CCC(O)CC(O)CC,(ccmal-ohmal-redmmal-mmal)(pk)(ccmal-ccmal)(ohmal-ohmal)(redmal)
99,APK71_RS29940;APK71_RS29950;APK71_RS29935;APK71_RS29920;APK71_RS29945,0.3773262803280264,0.3145878318878049,0.4191519126215074,C=CC=CCC(O)CC(O)CCC=CCC(O)C(C)CC(C)C(=O)C([*])C(-O),(ccmal-ccmal)(ohmal-ohmal)(redmal)(ccmal-ohmal-redmmal-mmal)(pk)
100,APK71_RS29945;APK71_RS29940;APK71_RS29935;APK71_RS29950;APK71_RS29920,0.3734045702815185,0.3606296989241643,0.3819211511864214,C([*])C(-O)C=CC=CCCCC(O)CC(O)C=CCC(O)C(C)CC(C)C(=O),(pk)(ccmal-ccmal)(redmal)(ohmal-ohmal)(ccmal-ohmal-redmmal-mmal)
101,APK71_RS29950;APK71_RS29920;APK71_RS29945;APK71_RS29940;APK71_RS29935,0.3716305409091312,0.35367057728389373,0.3836038499926229,CC(O)CC(O)C=CCC(O)C(C)CC(C)C(=O)C([*])C(-O)C=CC=CCC,(ohmal-ohmal)(ccmal-ohmal-redmmal-mmal)(pk)(ccmal-ccmal)(redmal)
102,APK71_RS29940;APK71_RS29935;APK71_RS29950;APK71_RS29920;APK71_RS29945,0.3699219654950472,0.30358752962725905,0.4141449227402393,C=CC=CCCCC(O)CC(O)C=CCC(O)C(C)CC(C)C(=O)C([*])C(-O),(ccmal-ccmal)(redmal)(ohmal-ohmal)(ccmal-ohmal-redmmal-mmal)(pk)
103,APK71_RS29950;APK71_RS29935;APK71_RS29920;APK71_RS29945;APK71_RS29940,0.3693645162022905,0.36779893493026894,0.3704082370503049,CC(O)CC(O)CCC=CCC(O)C(C)CC(C)C(=O)C([*])C(-O)C=CC=C,(ohmal-ohmal)(redmal)(ccmal-ohmal-redmmal-mmal)(pk)(ccmal-ccmal)
104,APK71_RS29935;APK71_RS29950;APK71_RS29920;APK71_RS29945;APK71_RS29940,0.36689062004846873,0.38389048134732706,0.35555737918256314,CCCC(O)CC(O)C=CCC(O)C(C)CC(C)C(=O)C([*])C(-O)C=CC=C,(redmal)(ohmal-ohmal)(ccmal-ohmal-redmmal-mmal)(pk)(ccmal-ccmal)
105,APK71_RS29935;APK71_RS29950;APK71_RS29945;APK71_RS29940;APK71_RS29920,0.3641167748202074,0.38188700695463557,0.35226995339725525,CCCC(O)CC(O)C([*])C(-O)C=CC=CC=CCC(O)C(C)CC(C)C(=O),(redmal)(ohmal-ohmal)(pk)(ccmal-ccmal)(ccmal-ohmal-redmmal-mmal)
106,APK71_RS29950;APK71_RS29945;APK71_RS29920;APK71_RS29940;APK71_RS29935,0.3638207131840967,0.3415111574448525,0.3786937503435928,CC(O)CC(O)C([*])C(-O)C=CCC(O)C(C)CC(C)C(=O)C=CC=CCC,(ohmal-ohmal)(pk)(ccmal-ohmal-redmmal-mmal)(ccmal-ccmal)(redmal)
107,APK71_RS29935;APK71_RS29920;APK71_RS29940;APK71_RS29950;APK71_RS29945,0.3605656839702155,0.3610091550402252,0.36027003659020906,CCC=CCC(O)C(C)CC(C)C(=O)C=CC=CCC(O)CC(O)C([*])C(-O),(redmal)(ccmal-ohmal-redmmal-mmal)(ccmal-ccmal)(ohmal-ohmal)(pk)
108,APK71_RS29940;APK71_RS29935;APK71_RS29950;APK71_RS29945;APK71_RS29920,0.36040393285240324,0.3074352570686623,0.3957163833748972,C=CC=CCCCC(O)CC(O)C([*])C(-O)C=CCC(O)C(C)CC(C)C(=O),(ccmal-ccmal)(redmal)(ohmal-ohmal)(pk)(ccmal-ohmal-redmmal-mmal)
109,APK71_RS29935;APK71_RS29950;APK71_RS29945;APK71_RS29920;APK71_RS29940,0.3590807923234341,0.37173106150828583,0.35064727953353303,CCCC(O)CC(O)C([*])C(-O)C=CCC(O)C(C)CC(C)C(=O)C=CC=C,(redmal)(ohmal-ohmal)(pk)(ccmal-ohmal-redmmal-mmal)(ccmal-ccmal)
110,APK71_RS29945;APK71_RS29920;APK71_RS29940;APK71_RS29935;APK71_RS29950,0.3588557166590903,0.34883004192784567,0.36553949981325334,C([*])C(-O)C=CCC(O)C(C)CC(C)C(=O)C=CC=CCCCC(O)CC(O),(pk)(ccmal-ohmal-redmmal-mmal)(ccmal-ccmal)(redmal)(ohmal-ohmal)
111,APK71_RS29945;APK71_RS29950;APK71_RS29940;APK71_RS29935;APK71_RS29920,0.3573023024229008,0.26536206185498495,0.41859579613484466,C([*])C(-O)CC(O)CC(O)C=CC=CCCC=CCC(O)C(C)CC(C)C(=O),(pk)(ohmal-ohmal)(ccmal-ccmal)(redmal)(ccmal-ohmal-redmmal-mmal)
112,APK71_RS29920;APK71_RS29940;APK71_RS29935;APK71_RS29950;APK71_RS29945,0.357019171913919,0.3703813005031921,0.348111086187737,C=CCC(O)C(C)CC(C)C(=O)C=CC=CCCCC(O)CC(O)C([*])C(-O),(ccmal-ohmal-redmmal-mmal)(ccmal-ccmal)(redmal)(ohmal-ohmal)(pk)
113,APK71_RS29920;APK71_RS29945;APK71_RS29950;APK71_RS29940;APK71_RS29935,0.3569121796733744,0.2948669343552853,0.3982756765521005,C=CCC(O)C(C)CC(C)C(=O)C([*])C(-O)CC(O)CC(O)C=CC=CCC,(ccmal-ohmal-redmmal-mmal)(pk)(ohmal-ohmal)(ccmal-ccmal)(redmal)
114,APK71_RS29935;APK71_RS29950;APK71_RS29940;APK71_RS29920;APK71_RS29945,0.3567699156814257,0.3047488887347334,0.39145060031255385,CCCC(O)CC(O)C=CC=CC=CCC(O)C(C)CC(C)C(=O)C([*])C(-O),(redmal)(ohmal-ohmal)(ccmal-ccmal)(ccmal-ohmal-redmmal-mmal)(pk)
115,APK71_RS29940;APK71_RS29935;APK71_RS29920;APK71_RS29945;APK71_RS29950,0.3544275308778174,0.2858177736207046,0.4001673690492261,C=CC=CCCC=CCC(O)C(C)CC(C)C(=O)C([*])C(-O)CC(O)CC(O),(ccmal-ccmal)(redmal)(ccmal-ohmal-redmmal-mmal)(pk)(ohmal-ohmal)
116,APK71_RS29950;APK71_RS29945;APK71_RS29940;APK71_RS29935;APK71_RS29920,0.3539270603734487,0.34992445364306574,0.35659546486037064,CC(O)CC(O)C([*])C(-O)C=CC=CCCC=CCC(O)C(C)CC(C)C(=O),(ohmal-ohmal)(pk)(ccmal-ccmal)(redmal)(ccmal-ohmal-redmmal-mmal)
117,APK71_RS29935;APK71_RS29920;APK71_RS29945;APK71_RS29940;APK71_RS29950,0.3521184531552124,0.37737606516339234,0.33528004514975907,CCC=CCC(O)C(C)CC(C)C(=O)C([*])C(-O)C=CC=CCC(O)CC(O),(redmal)(ccmal-ohmal-redmmal-mmal)(pk)(ccmal-ccmal)(ohmal-ohmal)
118,APK71_RS29935;APK71_RS29920;APK71_RS29945;APK71_RS29950;APK71_RS29940,0.35078835218985094,0.2886228442781477,0.39223202413098646,CCC=CCC(O)C(C)CC(C)C(=O)C([*])C(-O)CC(O)CC(O)C=CC=C,(redmal)(ccmal-ohmal-redmmal-mmal)(pk)(ohmal-ohmal)(ccmal-ccmal)
119,APK71_RS29920;APK71_RS29945;APK71_RS29940;APK71_RS29935;APK71_RS29950,0.3485719410989159,0.3867482106263592,0.32312109474728706,C=CCC(O)C(C)CC(C)C(=O)C([*])C(-O)C=CC=CCCCC(O)CC(O),(ccmal-ohmal-redmmal-mmal)(pk)(ccmal-ccmal)(redmal)(ohmal-ohmal)
120,APK71_RS29950;APK71_RS29940;APK71_RS29935;APK71_RS29920;APK71_RS29945,0.34658020123466693,0.2727863354231636,0.3957761117756692,CC(O)CC(O)C=CC=CCCC=CCC(O)C(C)CC(C)C(=O)C([*])C(-O),(ohmal-ohmal)(ccmal-ccmal)(redmal)(ccmal-ohmal-redmmal-mmal)(pk)
