PathwayID,Pathway,Score,Score2,Score3,ProductSMILES,Polymer
1,stzD;stzC;stzB,0.38578941828880203,0.20424296412219387,0.5068203877332075,CC(=O)C=CC=CC=CC=CC=C,(mal-ccmal-ccmal)(ccmal-ccmal)(ccmal)
2,stzD;stzB;stzC,0.3583003974722697,0.13245520460181462,0.5088638593859065,CC(=O)C=CC=CC=CC=CC=C,(mal-ccmal-ccmal)(ccmal)(ccmal-ccmal)
3,stzC;stzB;stzD,0.3476835959760178,0.1630006282176092,0.4708055744816235,C=CC=CC=CCC(=O)C=CC=C,(ccmal-ccmal)(ccmal)(mal-ccmal-ccmal)
4,stzB;stzD;stzC,0.3423010155721571,0.1647145424651378,0.4606919976435033,C=CCC(=O)C=CC=CC=CC=C,(ccmal)(mal-ccmal-ccmal)(ccmal-ccmal)
5,stzC;stzD;stzB,0.31631903433113717,0.07493396097691456,0.4772424165672856,C=CC=CCC(=O)C=CC=CC=C,(ccmal-ccmal)(mal-ccmal-ccmal)(ccmal)
6,stzB;stzC;stzD,0.30642980760602523,0.10852401561994449,0.43836700226341235,C=CC=CC=CCC(=O)C=CC=C,(ccmal)(ccmal-ccmal)(mal-ccmal-ccmal)
