PathwayID,Pathway,Score,Score2,Score3,ProductSMILES,Polymer
1,lkmAI;lkmAII;lkmAIII,0.5887149170650797,0.598575030424473,0.5821415081588175,C(C)C(O)C(C)C(O)C([*])C(-O)C(C)CC(C)C(O)C(C)C(O)C(C)C(O),(ohmmal-ohmmal-pk)(redmmal-ohmmal)(ohmmal-ohmmal)
2,lkmAIII;lkmAI;lkmAII,0.5003630316100811,0.5338545588416939,0.47803534678900594,C(C)C(O)C(C)C(O)C(C)C(O)C(C)C(O)C([*])C(-O)C(C)CC(C)C(O),(ohmmal-ohmmal)(ohmmal-ohmmal-pk)(redmmal-ohmmal)
3,lkmAII;lkmAIII;lkmAI,0.4826707939617111,0.4852012213396143,0.4809838423764423,C(C)CC(C)C(O)C(C)C(O)C(C)C(O)C(C)C(O)C(C)C(O)C([*])C(-O),(redmmal-ohmmal)(ohmmal-ohmmal)(ohmmal-ohmmal-pk)
4,lkmAII;lkmAI;lkmAIII,0.40480223738914217,0.3100882821383566,0.46794487422299924,C(C)CC(C)C(O)C(C)C(O)C(C)C(O)C([*])C(-O)C(C)C(O)C(C)C(O),(redmmal-ohmmal)(ohmmal-ohmmal-pk)(ohmmal-ohmmal)
5,lkmAI;lkmAIII;lkmAII,0.29744735531048316,0.21594026713264566,0.35178541409570824,C(C)C(O)C(C)C(O)C([*])C(-O)C(C)C(O)C(C)C(O)C(C)CC(C)C(O),(ohmmal-ohmmal-pk)(ohmmal-ohmmal)(redmmal-ohmmal)
6,lkmAIII;lkmAII;lkmAI,0.2782448929139004,0.17776679980668986,0.34523028831870745,C(C)C(O)C(C)C(O)C(C)CC(C)C(O)C(C)C(O)C(C)C(O)C([*])C(-O),(ohmmal-ohmmal)(redmmal-ohmmal)(ohmmal-ohmmal-pk)
