PathwayID,Pathway,Score,Score2,Score3,ProductSMILES,Polymer
1,ctg1_orf27;ctg1_orf28;ctg1_orf29;ctg1_orf30;ctg1_orf31,0.6606676510590401,0.7272457275263677,0.6162822667474883,CC(=O)CC(O)C=CC=CC(C)C(O)C(CC)CC(OC)C(O)CC(O),(mal-ohmal-ccmal)(ccmal)(ohmmal-redemal)(ohmxmal)(ohmal)
2,ctg1_orf30;ctg1_orf31;ctg1_orf27;ctg1_orf28;ctg1_orf29,0.62429816299045,0.7376890116135667,0.5487042639083725,C(OC)C(O)CC(O)CC(=O)CC(O)C=CC=CC(C)C(O)C(CC)C,(ohmxmal)(ohmal)(mal-ohmal-ccmal)(ccmal)(ohmmal-redemal)
3,ctg1_orf27;ctg1_orf29;ctg1_orf28;ctg1_orf30;ctg1_orf31,0.5937615093975277,0.6547709026213563,0.5530885805816419,CC(=O)CC(O)C=CC(C)C(O)C(CC)CC=CC(OC)C(O)CC(O),(mal-ohmal-ccmal)(ohmmal-redemal)(ccmal)(ohmxmal)(ohmal)
4,ctg1_orf31;ctg1_orf27;ctg1_orf28;ctg1_orf29;ctg1_orf30,0.5895526941914336,0.5402446507067549,0.6224247231812196,CC(O)CC(=O)CC(O)C=CC=CC(C)C(O)C(CC)CC(OC)C(O),(ohmal)(mal-ohmal-ccmal)(ccmal)(ohmmal-redemal)(ohmxmal)
5,ctg1_orf30;ctg1_orf27;ctg1_orf28;ctg1_orf29;ctg1_orf31,0.5803179615436197,0.663186177246012,0.5250724844086914,C(OC)C(O)CC(=O)CC(O)C=CC=CC(C)C(O)C(CC)CCC(O),(ohmxmal)(mal-ohmal-ccmal)(ccmal)(ohmmal-redemal)(ohmal)
6,ctg1_orf31;ctg1_orf30;ctg1_orf27;ctg1_orf28;ctg1_orf29,0.5749641141533417,0.6184105854054468,0.5459997999852717,CC(O)C(OC)C(O)CC(=O)CC(O)C=CC=CC(C)C(O)C(CC)C,(ohmal)(ohmxmal)(mal-ohmal-ccmal)(ccmal)(ohmmal-redemal)
7,ctg1_orf29;ctg1_orf30;ctg1_orf31;ctg1_orf27;ctg1_orf28,0.5679466161904179,0.5929633057417474,0.5512688231561982,C(C)C(O)C(CC)CC(OC)C(O)CC(O)CC(=O)CC(O)C=CC=C,(ohmmal-redemal)(ohmxmal)(ohmal)(mal-ohmal-ccmal)(ccmal)
8,ctg1_orf28;ctg1_orf29;ctg1_orf30;ctg1_orf31;ctg1_orf27,0.5678383126402627,0.5332993501472834,0.5908642876355824,C=CC(C)C(O)C(CC)CC(OC)C(O)CC(O)CC(=O)CC(O)C=C,(ccmal)(ohmmal-redemal)(ohmxmal)(ohmal)(mal-ohmal-ccmal)
9,ctg1_orf28;ctg1_orf29;ctg1_orf27;ctg1_orf30;ctg1_orf31,0.5658172301046328,0.6035560975288999,0.5406579851551214,C=CC(C)C(O)C(CC)CCC(=O)CC(O)C=CC(OC)C(O)CC(O),(ccmal)(ohmmal-redemal)(mal-ohmal-ccmal)(ohmxmal)(ohmal)
10,ctg1_orf30;ctg1_orf31;ctg1_orf27;ctg1_orf29;ctg1_orf28,0.5608004626729081,0.6135448406262461,0.5256375440373493,C(OC)C(O)CC(O)CC(=O)CC(O)C=CC(C)C(O)C(CC)CC=C,(ohmxmal)(ohmal)(mal-ohmal-ccmal)(ohmmal-redemal)(ccmal)
11,ctg1_orf29;ctg1_orf27;ctg1_orf28;ctg1_orf30;ctg1_orf31,0.5600987021611015,0.6342104642294791,0.5106908607821832,C(C)C(O)C(CC)CCC(=O)CC(O)C=CC=CC(OC)C(O)CC(O),(ohmmal-redemal)(mal-ohmal-ccmal)(ccmal)(ohmxmal)(ohmal)
12,ctg1_orf28;ctg1_orf30;ctg1_orf31;ctg1_orf27;ctg1_orf29,0.5427777291791416,0.5604599633723297,0.5309895730503494,C=CC(OC)C(O)CC(O)CC(=O)CC(O)C=CC(C)C(O)C(CC)C,(ccmal)(ohmxmal)(ohmal)(mal-ohmal-ccmal)(ohmmal-redemal)
13,ctg1_orf28;ctg1_orf27;ctg1_orf29;ctg1_orf30;ctg1_orf31,0.5258112992177593,0.5030684601800475,0.540973191909567,C=CCC(=O)CC(O)C=CC(C)C(O)C(CC)CC(OC)C(O)CC(O),(ccmal)(mal-ohmal-ccmal)(ohmmal-redemal)(ohmxmal)(ohmal)
14,ctg1_orf29;ctg1_orf28;ctg1_orf30;ctg1_orf31;ctg1_orf27,0.5226926166460563,0.5449972136939987,0.5078228852807615,C(C)C(O)C(CC)CC=CC(OC)C(O)CC(O)CC(=O)CC(O)C=C,(ohmmal-redemal)(ccmal)(ohmxmal)(ohmal)(mal-ohmal-ccmal)
15,ctg1_orf31;ctg1_orf27;ctg1_orf29;ctg1_orf28;ctg1_orf30,0.5226465525299212,0.4677698258017433,0.5592310370153731,CC(O)CC(=O)CC(O)C=CC(C)C(O)C(CC)CC=CC(OC)C(O),(ohmal)(mal-ohmal-ccmal)(ohmmal-redemal)(ccmal)(ohmxmal)
16,ctg1_orf27;ctg1_orf30;ctg1_orf31;ctg1_orf28;ctg1_orf29,0.5222264716094858,0.5760271937868351,0.4863593234912529,CC(=O)CC(O)C=CC(OC)C(O)CC(O)C=CC(C)C(O)C(CC)C,(mal-ohmal-ccmal)(ohmxmal)(ohmal)(ccmal)(ohmmal-redemal)
17,ctg1_orf28;ctg1_orf29;ctg1_orf30;ctg1_orf27;ctg1_orf31,0.5203324284974664,0.40882124042093276,0.5946732205484888,C=CC(C)C(O)C(CC)CC(OC)C(O)CC(=O)CC(O)C=CCC(O),(ccmal)(ohmmal-redemal)(ohmxmal)(mal-ohmal-ccmal)(ohmal)
18,ctg1_orf27;ctg1_orf28;ctg1_orf30;ctg1_orf31;ctg1_orf29,0.5174288916405638,0.6052339304239376,0.45889219911831464,CC(=O)CC(O)C=CC=CC(OC)C(O)CC(O)C(C)C(O)C(CC)C,(mal-ohmal-ccmal)(ccmal)(ohmxmal)(ohmal)(ohmmal-redemal)
19,ctg1_orf27;ctg1_orf28;ctg1_orf29;ctg1_orf31;ctg1_orf30,0.5159187612306985,0.593285084665663,0.4643412122740554,CC(=O)CC(O)C=CC=CC(C)C(O)C(CC)CCC(O)C(OC)C(O),(mal-ohmal-ccmal)(ccmal)(ohmmal-redemal)(ohmal)(ohmxmal)
20,ctg1_orf31;ctg1_orf30;ctg1_orf27;ctg1_orf29;ctg1_orf28,0.5114664138357996,0.49426641441812624,0.5229330801142485,CC(O)C(OC)C(O)CC(=O)CC(O)C=CC(C)C(O)C(CC)CC=C,(ohmal)(ohmxmal)(mal-ohmal-ccmal)(ohmmal-redemal)(ccmal)
21,ctg1_orf29;ctg1_orf28;ctg1_orf27;ctg1_orf30;ctg1_orf31,0.5081445768343901,0.5682846454779104,0.4680511977387099,C(C)C(O)C(CC)CC=CCC(=O)CC(O)C=CC(OC)C(O)CC(O),(ohmmal-redemal)(ccmal)(mal-ohmal-ccmal)(ohmxmal)(ohmal)
22,ctg1_orf28;ctg1_orf30;ctg1_orf27;ctg1_orf29;ctg1_orf31,0.4987975277323111,0.48595712900477506,0.5073577935506683,C=CC(OC)C(O)CC(=O)CC(O)C=CC(C)C(O)C(CC)CCC(O),(ccmal)(ohmxmal)(mal-ohmal-ccmal)(ohmmal-redemal)(ohmal)
23,ctg1_orf27;ctg1_orf29;ctg1_orf30;ctg1_orf31;ctg1_orf28,0.4981559393426188,0.4708395259533784,0.5163668816021125,CC(=O)CC(O)C=CC(C)C(O)C(CC)CC(OC)C(O)CC(O)C=C,(mal-ohmal-ccmal)(ohmmal-redemal)(ohmxmal)(ohmal)(ccmal)
24,ctg1_orf31;ctg1_orf29;ctg1_orf30;ctg1_orf27;ctg1_orf28,0.4928124302886373,0.43537537911793656,0.5311037977357711,CC(O)C(C)C(O)C(CC)CC(OC)C(O)CC(=O)CC(O)C=CC=C,(ohmal)(ohmmal-redemal)(ohmxmal)(mal-ohmal-ccmal)(ccmal)
25,ctg1_orf31;ctg1_orf28;ctg1_orf29;ctg1_orf30;ctg1_orf27,0.4917831787638729,0.37715905358694923,0.5681992622151554,CC(O)C=CC(C)C(O)C(CC)CC(OC)C(O)CC(=O)CC(O)C=C,(ohmal)(ccmal)(ohmmal-redemal)(ohmxmal)(mal-ohmal-ccmal)
26,ctg1_orf29;ctg1_orf30;ctg1_orf27;ctg1_orf28;ctg1_orf31,0.4864089034111251,0.503897811924156,0.4747496310691045,C(C)C(O)C(CC)CC(OC)C(O)CC(=O)CC(O)C=CC=CCC(O),(ohmmal-redemal)(ohmxmal)(mal-ohmal-ccmal)(ccmal)(ohmal)
27,ctg1_orf28;ctg1_orf29;ctg1_orf31;ctg1_orf27;ctg1_orf30,0.48318644717143866,0.4706635791600017,0.49153502584573006,C=CC(C)C(O)C(CC)CCC(O)CC(=O)CC(O)C=CC(OC)C(O),(ccmal)(ohmmal-redemal)(ohmal)(mal-ohmal-ccmal)(ohmxmal)
28,ctg1_orf27;ctg1_orf30;ctg1_orf31;ctg1_orf29;ctg1_orf28,0.481410164933859,0.5346080811877646,0.44594488743125527,CC(=O)CC(O)C=CC(OC)C(O)CC(O)C(C)C(O)C(CC)CC=C,(mal-ohmal-ccmal)(ohmxmal)(ohmal)(ohmmal-redemal)(ccmal)
29,ctg1_orf30;ctg1_orf31;ctg1_orf29;ctg1_orf27;ctg1_orf28,0.4800283722305982,0.55358568083425,0.43099016649483035,C(OC)C(O)CC(O)C(C)C(O)C(CC)CCC(=O)CC(O)C=CC=C,(ohmxmal)(ohmal)(ohmmal-redemal)(mal-ohmal-ccmal)(ccmal)
30,ctg1_orf30;ctg1_orf27;ctg1_orf29;ctg1_orf28;ctg1_orf31,0.47926274989361534,0.5244793468086546,0.4491183519502557,C(OC)C(O)CC(=O)CC(O)C=CC(C)C(O)C(CC)CC=CCC(O),(ohmxmal)(mal-ohmal-ccmal)(ohmmal-redemal)(ccmal)(ohmal)
31,ctg1_orf30;ctg1_orf31;ctg1_orf28;ctg1_orf29;ctg1_orf27,0.4789991207058338,0.4953693553032626,0.4680856309742146,C(OC)C(O)CC(O)C=CC(C)C(O)C(CC)CCC(=O)CC(O)C=C,(ohmxmal)(ohmal)(ccmal)(ohmmal-redemal)(mal-ohmal-ccmal)
32,ctg1_orf29;ctg1_orf31;ctg1_orf27;ctg1_orf28;ctg1_orf30,0.4774679192279074,0.5013179458605808,0.4615679014727918,C(C)C(O)C(CC)CCC(O)CC(=O)CC(O)C=CC=CC(OC)C(O),(ohmmal-redemal)(ohmal)(mal-ohmal-ccmal)(ccmal)(ohmxmal)
33,ctg1_orf31;ctg1_orf27;ctg1_orf30;ctg1_orf28;ctg1_orf29,0.47569412776805536,0.41242280910713036,0.5178750068753388,CC(O)CC(=O)CC(O)C=CC(OC)C(O)C=CC(C)C(O)C(CC)C,(ohmal)(mal-ohmal-ccmal)(ohmxmal)(ccmal)(ohmmal-redemal)
34,ctg1_orf29;ctg1_orf28;ctg1_orf30;ctg1_orf27;ctg1_orf31,0.47518673250325993,0.4205191039676481,0.5116318181936679,C(C)C(O)C(CC)CC=CC(OC)C(O)CC(=O)CC(O)C=CCC(O),(ohmmal-redemal)(ccmal)(ohmxmal)(mal-ohmal-ccmal)(ohmal)
35,ctg1_orf31;ctg1_orf28;ctg1_orf30;ctg1_orf27;ctg1_orf29,0.46672259530275173,0.4043196668119956,0.5083245476299224,CC(O)C=CC(OC)C(O)CC(=O)CC(O)C=CC(C)C(O)C(CC)C,(ohmal)(ccmal)(ohmxmal)(mal-ohmal-ccmal)(ohmmal-redemal)
36,ctg1_orf29;ctg1_orf31;ctg1_orf30;ctg1_orf27;ctg1_orf28,0.4662877805337858,0.5278145344769637,0.42526994457166717,C(C)C(O)C(CC)CCC(O)C(OC)C(O)CC(=O)CC(O)C=CC=C,(ohmmal-redemal)(ohmal)(ohmxmal)(mal-ohmal-ccmal)(ccmal)
37,ctg1_orf28;ctg1_orf29;ctg1_orf31;ctg1_orf30;ctg1_orf27,0.4661794769836307,0.46815057888249967,0.46486540905105145,C=CC(C)C(O)C(CC)CCC(O)C(OC)C(O)CC(=O)CC(O)C=C,(ccmal)(ohmmal-redemal)(ohmal)(ohmxmal)(mal-ohmal-ccmal)
38,ctg1_orf31;ctg1_orf27;ctg1_orf28;ctg1_orf30;ctg1_orf29,0.4649737483556373,0.44400662247795847,0.47895183227408994,CC(O)CC(=O)CC(O)C=CC=CC(OC)C(O)C(C)C(O)C(CC)C,(ohmal)(mal-ohmal-ccmal)(ccmal)(ohmxmal)(ohmmal-redemal)
39,ctg1_orf27;ctg1_orf30;ctg1_orf28;ctg1_orf29;ctg1_orf31,0.4597388290171217,0.4561091799632676,0.4621585950530245,CC(=O)CC(O)C=CC(OC)C(O)C=CC(C)C(O)C(CC)CCC(O),(mal-ohmal-ccmal)(ohmxmal)(ccmal)(ohmmal-redemal)(ohmal)
40,ctg1_orf31;ctg1_orf27;ctg1_orf29;ctg1_orf30;ctg1_orf28,0.45162359550118847,0.3072351412736737,0.5478825649861983,CC(O)CC(=O)CC(O)C=CC(C)C(O)C(CC)CC(OC)C(O)C=C,(ohmal)(mal-ohmal-ccmal)(ohmmal-redemal)(ohmxmal)(ccmal)
41,ctg1_orf27;ctg1_orf28;ctg1_orf30;ctg1_orf29;ctg1_orf31,0.4490184496047037,0.48769299333409566,0.4232354204517757,CC(=O)CC(O)C=CC=CC(OC)C(O)C(C)C(O)C(CC)CCC(O),(mal-ohmal-ccmal)(ccmal)(ohmxmal)(ohmmal-redemal)(ohmal)
42,ctg1_orf31;ctg1_orf29;ctg1_orf28;ctg1_orf30;ctg1_orf27,0.4475584307442758,0.38740928707018785,0.4876578598603345,CC(O)C(C)C(O)C(CC)CC=CC(OC)C(O)CC(=O)CC(O)C=C,(ohmal)(ohmmal-redemal)(ccmal)(ohmxmal)(mal-ohmal-ccmal)
43,ctg1_orf31;ctg1_orf28;ctg1_orf29;ctg1_orf27;ctg1_orf30,0.4466720420565333,0.37860392937264475,0.4920507838457925,CC(O)C=CC(C)C(O)C(CC)CCC(=O)CC(O)C=CC(OC)C(O),(ohmal)(ccmal)(ohmmal-redemal)(mal-ohmal-ccmal)(ohmxmal)
44,ctg1_orf31;ctg1_orf29;ctg1_orf27;ctg1_orf28;ctg1_orf30,0.4418744620876114,0.40781066600974714,0.4645836594728542,CC(O)C(C)C(O)C(CC)CCC(=O)CC(O)C=CC=CC(OC)C(O),(ohmal)(ohmmal-redemal)(mal-ohmal-ccmal)(ccmal)(ohmxmal)
45,ctg1_orf30;ctg1_orf31;ctg1_orf28;ctg1_orf27;ctg1_orf29,0.44141157996867625,0.4755606529306041,0.418645531327391,C(OC)C(O)CC(O)C=CCC(=O)CC(O)C=CC(C)C(O)C(CC)C,(ohmxmal)(ohmal)(ccmal)(mal-ohmal-ccmal)(ohmmal-redemal)
46,ctg1_orf30;ctg1_orf27;ctg1_orf31;ctg1_orf28;ctg1_orf29,0.4359327092483834,0.3813134331714895,0.47234555996631267,C(OC)C(O)CC(=O)CC(O)C=CCC(O)C=CC(C)C(O)C(CC)C,(ohmxmal)(mal-ohmal-ccmal)(ohmal)(ccmal)(ohmmal-redemal)
47,ctg1_orf27;ctg1_orf31;ctg1_orf28;ctg1_orf29;ctg1_orf30,0.4292121431452637,0.30205827748836955,0.5139813869165265,CC(=O)CC(O)C=CCC(O)C=CC(C)C(O)C(CC)CC(OC)C(O),(mal-ohmal-ccmal)(ohmal)(ccmal)(ohmmal-redemal)(ohmxmal)
48,ctg1_orf31;ctg1_orf27;ctg1_orf30;ctg1_orf29;ctg1_orf28,0.4289550216489325,0.3733807732417854,0.46600452058703057,CC(O)CC(=O)CC(O)C=CC(OC)C(O)C(C)C(O)C(CC)CC=C,(ohmal)(mal-ohmal-ccmal)(ohmxmal)(ohmmal-redemal)(ccmal)
49,ctg1_orf29;ctg1_orf27;ctg1_orf30;ctg1_orf31;ctg1_orf28,0.4250659640555175,0.4313225844076374,0.420894883820771,C(C)C(O)C(CC)CCC(=O)CC(O)C=CC(OC)C(O)CC(O)C=C,(ohmmal-redemal)(mal-ohmal-ccmal)(ohmxmal)(ohmal)(ccmal)
50,ctg1_orf30;ctg1_orf31;ctg1_orf29;ctg1_orf28;ctg1_orf27,0.4222474154102004,0.4586502731887963,0.3979788435578031,C(OC)C(O)CC(O)C(C)C(O)C(CC)CC=CCC(=O)CC(O)C=C,(ohmxmal)(ohmal)(ohmmal-redemal)(ccmal)(mal-ohmal-ccmal)
51,ctg1_orf28;ctg1_orf31;ctg1_orf27;ctg1_orf29;ctg1_orf30,0.4215584035721095,0.3509132518765081,0.468655171369177,C=CCC(O)CC(=O)CC(O)C=CC(C)C(O)C(CC)CC(OC)C(O),(ccmal)(ohmal)(mal-ohmal-ccmal)(ohmmal-redemal)(ohmxmal)
52,ctg1_orf30;ctg1_orf28;ctg1_orf29;ctg1_orf31;ctg1_orf27,0.4209509507988157,0.3858735290742725,0.44433589861517786,C(OC)C(O)C=CC(C)C(O)C(CC)CCC(O)CC(=O)CC(O)C=C,(ohmxmal)(ccmal)(ohmmal-redemal)(ohmal)(mal-ohmal-ccmal)
53,ctg1_orf28;ctg1_orf30;ctg1_orf31;ctg1_orf29;ctg1_orf27,0.4201600805364405,0.4008653654502757,0.433023223927217,C=CC(OC)C(O)CC(O)C(C)C(O)C(CC)CCC(=O)CC(O)C=C,(ccmal)(ohmxmal)(ohmal)(ohmmal-redemal)(mal-ohmal-ccmal)
54,ctg1_orf30;ctg1_orf27;ctg1_orf29;ctg1_orf31;ctg1_orf28,0.41780624982719844,0.4067799756730227,0.4251570992633155,C(OC)C(O)CC(=O)CC(O)C=CC(C)C(O)C(CC)CCC(O)C=C,(ohmxmal)(mal-ohmal-ccmal)(ohmmal-redemal)(ohmal)(ccmal)
55,ctg1_orf30;ctg1_orf29;ctg1_orf31;ctg1_orf27;ctg1_orf28,0.416057402880084,0.4464669313389855,0.3957843839074831,C(OC)C(O)C(C)C(O)C(CC)CCC(O)CC(=O)CC(O)C=CC=C,(ohmxmal)(ohmmal-redemal)(ohmal)(mal-ohmal-ccmal)(ccmal)
56,ctg1_orf28;ctg1_orf29;ctg1_orf27;ctg1_orf31;ctg1_orf30,0.41512426743060915,0.3389412443332052,0.4659129494955452,C=CC(C)C(O)C(CC)CCC(=O)CC(O)C=CCC(O)C(OC)C(O),(ccmal)(ohmmal-redemal)(mal-ohmal-ccmal)(ohmal)(ohmxmal)
57,ctg1_orf27;ctg1_orf29;ctg1_orf28;ctg1_orf31;ctg1_orf30,0.41486354958069405,0.45457825422830556,0.3883870798156197,CC(=O)CC(O)C=CC(C)C(O)C(CC)CC=CCC(O)C(OC)C(O),(mal-ohmal-ccmal)(ohmmal-redemal)(ccmal)(ohmal)(ohmxmal)
58,ctg1_orf30;ctg1_orf28;ctg1_orf29;ctg1_orf27;ctg1_orf31,0.41298579541750385,0.3254760661208992,0.4713256149485736,C(OC)C(O)C=CC(C)C(O)C(CC)CCC(=O)CC(O)C=CCC(O),(ohmxmal)(ccmal)(ohmmal-redemal)(mal-ohmal-ccmal)(ohmal)
59,ctg1_orf31;ctg1_orf30;ctg1_orf28;ctg1_orf29;ctg1_orf27,0.4111576307231918,0.3306757496391299,0.4648122181125664,CC(O)C(OC)C(O)C=CC(C)C(O)C(CC)CCC(=O)CC(O)C=C,(ohmal)(ohmxmal)(ccmal)(ohmmal-redemal)(mal-ohmal-ccmal)
60,ctg1_orf28;ctg1_orf27;ctg1_orf30;ctg1_orf31;ctg1_orf29,0.41005151341012025,0.43457498482876483,0.39370253246435716,C=CCC(=O)CC(O)C=CC(OC)C(O)CC(O)C(C)C(O)C(CC)C,(ccmal)(mal-ohmal-ccmal)(ohmxmal)(ohmal)(ohmmal-redemal)
61,ctg1_orf27;ctg1_orf29;ctg1_orf31;ctg1_orf28;ctg1_orf30,0.40767724238010844,0.3791941660722118,0.42666595991870615,CC(=O)CC(O)C=CC(C)C(O)C(CC)CCC(O)C=CC(OC)C(O),(mal-ohmal-ccmal)(ohmmal-redemal)(ohmal)(ccmal)(ohmxmal)
62,ctg1_orf28;ctg1_orf31;ctg1_orf30;ctg1_orf27;ctg1_orf29,0.40696982353401756,0.42907918657520006,0.39223024817322916,C=CCC(O)C(OC)C(O)CC(=O)CC(O)C=CC(C)C(O)C(CC)C,(ccmal)(ohmal)(ohmxmal)(mal-ohmal-ccmal)(ohmmal-redemal)
63,ctg1_orf29;ctg1_orf30;ctg1_orf31;ctg1_orf28;ctg1_orf27,0.40671217528579484,0.3553436799160476,0.44095783886562634,C(C)C(O)C(CC)CC(OC)C(O)CC(O)C=CCC(=O)CC(O)C=C,(ohmmal-redemal)(ohmxmal)(ohmal)(ccmal)(mal-ohmal-ccmal)
64,ctg1_orf31;ctg1_orf28;ctg1_orf27;ctg1_orf29;ctg1_orf30,0.4066661111696598,0.27811629202379223,0.4923659906002381,CC(O)C=CCC(=O)CC(O)C=CC(C)C(O)C(CC)CC(OC)C(O),(ohmal)(ccmal)(mal-ohmal-ccmal)(ohmmal-redemal)(ohmxmal)
65,ctg1_orf31;ctg1_orf30;ctg1_orf29;ctg1_orf27;ctg1_orf28,0.40626408280446014,0.3912691519038428,0.4162607034048717,CC(O)C(OC)C(O)C(C)C(O)C(CC)CCC(=O)CC(O)C=CC=C,(ohmal)(ohmxmal)(ohmmal-redemal)(mal-ohmal-ccmal)(ccmal)
66,ctg1_orf29;ctg1_orf28;ctg1_orf31;ctg1_orf27;ctg1_orf30,0.40389168118874025,0.416129437174371,0.3957331771983198,C(C)C(O)C(CC)CC=CCC(O)CC(=O)CC(O)C=CC(OC)C(O),(ohmmal-redemal)(ccmal)(ohmal)(mal-ohmal-ccmal)(ohmxmal)
67,ctg1_orf30;ctg1_orf27;ctg1_orf28;ctg1_orf31;ctg1_orf29,0.4029301321366514,0.47494237461123584,0.35492197048692836,C(OC)C(O)CC(=O)CC(O)C=CC=CCC(O)C(C)C(O)C(CC)C,(ohmxmal)(mal-ohmal-ccmal)(ccmal)(ohmal)(ohmmal-redemal)
68,ctg1_orf27;ctg1_orf29;ctg1_orf30;ctg1_orf28;ctg1_orf31,0.3981107854177925,0.33635885267977406,0.4392787405764715,CC(=O)CC(O)C=CC(C)C(O)C(CC)CC(OC)C(O)C=CCC(O),(mal-ohmal-ccmal)(ohmmal-redemal)(ohmxmal)(ccmal)(ohmal)
69,ctg1_orf27;ctg1_orf28;ctg1_orf31;ctg1_orf29;ctg1_orf30,0.39620956603353175,0.39568721892811587,0.39655779743714226,CC(=O)CC(O)C=CC=CCC(O)C(C)C(O)C(CC)CC(OC)C(O),(mal-ohmal-ccmal)(ccmal)(ohmal)(ohmmal-redemal)(ohmxmal)
70,ctg1_orf27;ctg1_orf31;ctg1_orf30;ctg1_orf28;ctg1_orf29,0.3961161219616382,0.3348090327310487,0.43698751478203124,CC(=O)CC(O)C=CCC(O)C(OC)C(O)C=CC(C)C(O)C(CC)C,(mal-ohmal-ccmal)(ohmal)(ohmxmal)(ccmal)(ohmmal-redemal)
71,ctg1_orf30;ctg1_orf27;ctg1_orf31;ctg1_orf29;ctg1_orf28,0.3951164025727566,0.339894320572419,0.43193112390631494,C(OC)C(O)CC(=O)CC(O)C=CCC(O)C(C)C(O)C(CC)CC=C,(ohmxmal)(mal-ohmal-ccmal)(ohmal)(ohmmal-redemal)(ccmal)
72,ctg1_orf31;ctg1_orf29;ctg1_orf28;ctg1_orf27;ctg1_orf30,0.3899203367608999,0.3418848472581784,0.42194399642938096,CC(O)C(C)C(O)C(CC)CC=CCC(=O)CC(O)C=CC(OC)C(O),(ohmal)(ohmmal-redemal)(ccmal)(mal-ohmal-ccmal)(ohmxmal)
73,ctg1_orf29;ctg1_orf28;ctg1_orf31;ctg1_orf30;ctg1_orf27,0.3868847110009323,0.413616436896869,0.3690635604036412,C(C)C(O)C(CC)CC=CCC(O)C(OC)C(O)CC(=O)CC(O)C=C,(ohmmal-redemal)(ccmal)(ohmal)(ohmxmal)(mal-ohmal-ccmal)
74,ctg1_orf27;ctg1_orf31;ctg1_orf29;ctg1_orf28;ctg1_orf30,0.3849873951256666,0.31230851097160806,0.4334399845617056,CC(=O)CC(O)C=CCC(O)C(C)C(O)C(CC)CC=CC(OC)C(O),(mal-ohmal-ccmal)(ohmal)(ohmmal-redemal)(ccmal)(ohmxmal)
75,ctg1_orf29;ctg1_orf27;ctg1_orf28;ctg1_orf31;ctg1_orf30,0.3812007423442678,0.4340178158364284,0.34598936001616093,C(C)C(O)C(CC)CCC(=O)CC(O)C=CC=CCC(O)C(OC)C(O),(ohmmal-redemal)(mal-ohmal-ccmal)(ccmal)(ohmal)(ohmxmal)
76,ctg1_orf28;ctg1_orf27;ctg1_orf29;ctg1_orf31;ctg1_orf30,0.3810624093894176,0.3691078173193426,0.3890321374361342,C=CCC(=O)CC(O)C=CC(C)C(O)C(CC)CCC(O)C(OC)C(O),(ccmal)(mal-ohmal-ccmal)(ohmmal-redemal)(ohmal)(ohmxmal)
77,ctg1_orf29;ctg1_orf31;ctg1_orf28;ctg1_orf30;ctg1_orf27,0.3796984038003467,0.33823234874077523,0.40734244050672763,C(C)C(O)C(CC)CCC(O)C=CC(OC)C(O)CC(=O)CC(O)C=C,(ohmmal-redemal)(ohmal)(ccmal)(ohmxmal)(mal-ohmal-ccmal)
78,ctg1_orf29;ctg1_orf30;ctg1_orf27;ctg1_orf31;ctg1_orf28,0.3795811624483511,0.23658772729967023,0.47491011921413834,C(C)C(O)C(CC)CC(OC)C(O)CC(=O)CC(O)C=CCC(O)C=C,(ohmmal-redemal)(ohmxmal)(mal-ohmal-ccmal)(ohmal)(ccmal)
79,ctg1_orf30;ctg1_orf28;ctg1_orf27;ctg1_orf29;ctg1_orf31,0.37892393737631225,0.35564263910703664,0.39444480288916256,C(OC)C(O)C=CCC(=O)CC(O)C=CC(C)C(O)C(CC)CCC(O),(ohmxmal)(ccmal)(mal-ohmal-ccmal)(ohmmal-redemal)(ohmal)
80,ctg1_orf27;ctg1_orf29;ctg1_orf31;ctg1_orf30;ctg1_orf28,0.37798966254045324,0.36027557523258186,0.38979905407903415,CC(=O)CC(O)C=CC(C)C(O)C(CC)CCC(O)C(OC)C(O)C=C,(mal-ohmal-ccmal)(ohmmal-redemal)(ohmal)(ohmxmal)(ccmal)
81,ctg1_orf28;ctg1_orf30;ctg1_orf27;ctg1_orf31;ctg1_orf29,0.3770936690789901,0.2868094433185026,0.4372831529193151,C=CC(OC)C(O)CC(=O)CC(O)C=CCC(O)C(C)C(O)C(CC)C,(ccmal)(ohmxmal)(mal-ohmal-ccmal)(ohmal)(ohmmal-redemal)
82,ctg1_orf27;ctg1_orf30;ctg1_orf29;ctg1_orf28;ctg1_orf31,0.37544221156553653,0.4025044846478858,0.3574006961773037,CC(=O)CC(O)C=CC(OC)C(O)C(C)C(O)C(CC)CC=CCC(O),(mal-ohmal-ccmal)(ohmxmal)(ohmmal-redemal)(ccmal)(ohmal)
83,ctg1_orf30;ctg1_orf29;ctg1_orf27;ctg1_orf28;ctg1_orf31,0.37406041886227576,0.4214820842943712,0.34244597524087883,C(OC)C(O)C(C)C(O)C(CC)CCC(=O)CC(O)C=CC=CCC(O),(ohmxmal)(ohmmal-redemal)(mal-ohmal-ccmal)(ccmal)(ohmal)
84,ctg1_orf31;ctg1_orf30;ctg1_orf28;ctg1_orf27;ctg1_orf29,0.37357008998603425,0.3108670472664714,0.41537211846574285,CC(O)C(OC)C(O)C=CCC(=O)CC(O)C=CC(C)C(O)C(CC)C,(ohmal)(ohmxmal)(ccmal)(mal-ohmal-ccmal)(ohmmal-redemal)
85,ctg1_orf29;ctg1_orf31;ctg1_orf27;ctg1_orf30;ctg1_orf28,0.36701779414849944,0.32182675817864725,0.39714515146173424,C(C)C(O)C(CC)CCC(O)CC(=O)CC(O)C=CC(OC)C(O)C=C,(ohmmal-redemal)(ohmal)(mal-ohmal-ccmal)(ohmxmal)(ccmal)
86,ctg1_orf30;ctg1_orf28;ctg1_orf31;ctg1_orf27;ctg1_orf29,0.3617412973492026,0.346802136766973,0.37170073773735557,C(OC)C(O)C=CCC(O)CC(=O)CC(O)C=CC(C)C(O)C(CC)C,(ohmxmal)(ccmal)(ohmal)(mal-ohmal-ccmal)(ohmmal-redemal)
87,ctg1_orf29;ctg1_orf28;ctg1_orf27;ctg1_orf31;ctg1_orf30,0.3574516141603664,0.30366979228221563,0.3933061620791336,C(C)C(O)C(CC)CC=CCC(=O)CC(O)C=CCC(O)C(OC)C(O),(ohmmal-redemal)(ccmal)(mal-ohmal-ccmal)(ohmal)(ohmxmal)
88,ctg1_orf27;ctg1_orf28;ctg1_orf31;ctg1_orf30;ctg1_orf29,0.35719074540641016,0.43081505090452066,0.3081078750743365,CC(=O)CC(O)C=CC=CCC(O)C(OC)C(O)C(C)C(O)C(CC)C,(mal-ohmal-ccmal)(ccmal)(ohmal)(ohmxmal)(ohmmal-redemal)
89,ctg1_orf28;ctg1_orf30;ctg1_orf29;ctg1_orf31;ctg1_orf27,0.35618911118592633,0.2937466159550113,0.39781744133986974,C=CC(OC)C(O)C(C)C(O)C(CC)CCC(O)CC(=O)CC(O)C=C,(ccmal)(ohmxmal)(ohmmal-redemal)(ohmal)(mal-ohmal-ccmal)
90,ctg1_orf30;ctg1_orf29;ctg1_orf28;ctg1_orf27;ctg1_orf31,0.35031129067837435,0.2911340607401585,0.38976277730385156,C(OC)C(O)C(C)C(O)C(CC)CC=CCC(=O)CC(O)C=CCC(O),(ohmxmal)(ohmmal-redemal)(ccmal)(mal-ohmal-ccmal)(ohmal)
91,ctg1_orf27;ctg1_orf31;ctg1_orf30;ctg1_orf29;ctg1_orf28,0.34937701584251535,0.29576699686570374,0.3851170284937231,CC(=O)CC(O)C=CCC(O)C(OC)C(O)C(C)C(O)C(CC)CC=C,(mal-ohmal-ccmal)(ohmal)(ohmxmal)(ohmmal-redemal)(ccmal)
92,ctg1_orf31;ctg1_orf30;ctg1_orf29;ctg1_orf28;ctg1_orf27,0.3484831259840623,0.29633374425838915,0.3832493804678444,CC(O)C(OC)C(O)C(C)C(O)C(CC)CC=CCC(=O)CC(O)C=C,(ohmal)(ohmxmal)(ohmmal-redemal)(ccmal)(mal-ohmal-ccmal)
93,ctg1_orf28;ctg1_orf30;ctg1_orf29;ctg1_orf27;ctg1_orf31,0.34822395580461446,0.23334915300163792,0.4248071576732655,C=CC(OC)C(O)C(C)C(O)C(CC)CCC(=O)CC(O)C=CCC(O),(ccmal)(ohmxmal)(ohmmal-redemal)(mal-ohmal-ccmal)(ohmal)
94,ctg1_orf28;ctg1_orf31;ctg1_orf29;ctg1_orf30;ctg1_orf27,0.346470281786464,0.27055271314495255,0.39708199421413826,C=CCC(O)C(C)C(O)C(CC)CC(OC)C(O)CC(=O)CC(O)C=C,(ccmal)(ohmal)(ohmmal-redemal)(ohmxmal)(mal-ohmal-ccmal)
95,ctg1_orf28;ctg1_orf27;ctg1_orf30;ctg1_orf29;ctg1_orf31,0.34164107137426003,0.31703404773892285,0.35804575379781817,C=CCC(=O)CC(O)C=CC(OC)C(O)C(C)C(O)C(CC)CCC(O),(ccmal)(mal-ohmal-ccmal)(ohmxmal)(ohmmal-redemal)(ohmal)
96,ctg1_orf29;ctg1_orf30;ctg1_orf28;ctg1_orf27;ctg1_orf31,0.3406988499974649,0.18545039073368416,0.44419782283998543,C(C)C(O)C(CC)CC(OC)C(O)C=CCC(=O)CC(O)C=CCC(O),(ohmmal-redemal)(ohmxmal)(ccmal)(mal-ohmal-ccmal)(ohmal)
97,ctg1_orf30;ctg1_orf29;ctg1_orf28;ctg1_orf31;ctg1_orf27,0.33665433334723055,0.3322688337588908,0.33957799973945707,C(OC)C(O)C(C)C(O)C(CC)CC=CCC(O)CC(=O)CC(O)C=C,(ohmxmal)(ohmmal-redemal)(ccmal)(ohmal)(mal-ohmal-ccmal)
98,ctg1_orf31;ctg1_orf29;ctg1_orf27;ctg1_orf30;ctg1_orf28,0.33142433700820345,0.22831947832781363,0.4001609094617967,CC(O)C(C)C(O)C(CC)CCC(=O)CC(O)C=CC(OC)C(O)C=C,(ohmal)(ohmmal-redemal)(mal-ohmal-ccmal)(ohmxmal)(ccmal)
99,ctg1_orf29;ctg1_orf27;ctg1_orf31;ctg1_orf28;ctg1_orf30,0.32864319424732513,0.2090230141914808,0.40838998095122137,C(C)C(O)C(CC)CCC(=O)CC(O)C=CCC(O)C=CC(OC)C(O),(ohmmal-redemal)(mal-ohmal-ccmal)(ohmal)(ccmal)(ohmxmal)
100,ctg1_orf29;ctg1_orf30;ctg1_orf28;ctg1_orf31;ctg1_orf27,0.3270418926663211,0.22658516375241644,0.3940130452755909,C(C)C(O)C(CC)CC(OC)C(O)C=CCC(O)CC(=O)CC(O)C=C,(ohmmal-redemal)(ohmxmal)(ccmal)(ohmal)(mal-ohmal-ccmal)
101,ctg1_orf29;ctg1_orf27;ctg1_orf30;ctg1_orf28;ctg1_orf31,0.3250208101306912,0.296841911134033,0.34380674279512996,C(C)C(O)C(CC)CCC(=O)CC(O)C=CC(OC)C(O)C=CCC(O),(ohmmal-redemal)(mal-ohmal-ccmal)(ohmxmal)(ccmal)(ohmal)
102,ctg1_orf28;ctg1_orf31;ctg1_orf27;ctg1_orf30;ctg1_orf29,0.32445843134715036,0.3081935453988593,0.3353016886460111,C=CCC(O)CC(=O)CC(O)C=CC(OC)C(O)C(C)C(O)C(CC)C,(ccmal)(ohmal)(mal-ohmal-ccmal)(ohmxmal)(ohmmal-redemal)
103,ctg1_orf29;ctg1_orf31;ctg1_orf28;ctg1_orf27;ctg1_orf30,0.32206030981697076,0.2927079089287658,0.3416285770757741,C(C)C(O)C(CC)CCC(O)C=CCC(=O)CC(O)C=CC(OC)C(O),(ohmmal-redemal)(ohmal)(ccmal)(mal-ohmal-ccmal)(ohmxmal)
104,ctg1_orf31;ctg1_orf28;ctg1_orf30;ctg1_orf29;ctg1_orf27,0.319674706071021,0.2016869661676543,0.3983331993399321,CC(O)C=CC(OC)C(O)C(C)C(O)C(CC)CCC(=O)CC(O)C=C,(ohmal)(ccmal)(ohmxmal)(ohmmal-redemal)(mal-ohmal-ccmal)
105,ctg1_orf28;ctg1_orf27;ctg1_orf31;ctg1_orf29;ctg1_orf30,0.31703718494589817,0.16060606853029924,0.4213245958896307,C=CCC(=O)CC(O)C=CCC(O)C(C)C(O)C(CC)CC(OC)C(O),(ccmal)(mal-ohmal-ccmal)(ohmal)(ohmmal-redemal)(ohmxmal)
106,ctg1_orf27;ctg1_orf30;ctg1_orf29;ctg1_orf31;ctg1_orf28,0.31398571149911964,0.2848051135122539,0.33343944349036353,CC(=O)CC(O)C=CC(OC)C(O)C(C)C(O)C(CC)CCC(O)C=C,(mal-ohmal-ccmal)(ohmxmal)(ohmmal-redemal)(ohmal)(ccmal)
107,ctg1_orf27;ctg1_orf31;ctg1_orf29;ctg1_orf30;ctg1_orf28,0.3139644380969338,0.15177382644353843,0.42209151253253074,CC(=O)CC(O)C=CCC(O)C(C)C(O)C(CC)CC(OC)C(O)C=C,(mal-ohmal-ccmal)(ohmal)(ohmmal-redemal)(ohmxmal)(ccmal)
108,ctg1_orf31;ctg1_orf29;ctg1_orf30;ctg1_orf28;ctg1_orf27,0.3130705482384808,0.15234057383622387,0.42022386450665206,CC(O)C(C)C(O)C(CC)CC(OC)C(O)C=CCC(=O)CC(O)C=C,(ohmal)(ohmmal-redemal)(ohmxmal)(ccmal)(mal-ohmal-ccmal)
109,ctg1_orf31;ctg1_orf28;ctg1_orf27;ctg1_orf30;ctg1_orf29,0.30956613894470075,0.23539658554614346,0.3590125078770723,CC(O)C=CCC(=O)CC(O)C=CC(OC)C(O)C(C)C(O)C(CC)C,(ohmal)(ccmal)(mal-ohmal-ccmal)(ohmxmal)(ohmmal-redemal)
110,ctg1_orf27;ctg1_orf31;ctg1_orf28;ctg1_orf30;ctg1_orf29,0.3046331973094674,0.20582024925957315,0.37050849600939695,CC(=O)CC(O)C=CCC(O)C=CC(OC)C(O)C(C)C(O)C(CC)C,(mal-ohmal-ccmal)(ohmal)(ccmal)(ohmxmal)(ohmmal-redemal)
111,ctg1_orf28;ctg1_orf31;ctg1_orf29;ctg1_orf27;ctg1_orf30,0.3013591450791244,0.27199758893064807,0.32093351584477536,C=CCC(O)C(C)C(O)C(CC)CCC(=O)CC(O)C=CC(OC)C(O),(ccmal)(ohmal)(ohmmal-redemal)(mal-ohmal-ccmal)(ohmxmal)
112,ctg1_orf29;ctg1_orf27;ctg1_orf31;ctg1_orf30;ctg1_orf28,0.29895561440766993,0.19010442335185085,0.37152307511154936,C(C)C(O)C(CC)CCC(=O)CC(O)C=CCC(O)C(OC)C(O)C=C,(ohmmal-redemal)(mal-ohmal-ccmal)(ohmal)(ohmxmal)(ccmal)
113,ctg1_orf29;ctg1_orf31;ctg1_orf30;ctg1_orf28;ctg1_orf27,0.2865458984836292,0.24477972919525096,0.31439001134254807,C(C)C(O)C(CC)CCC(O)C(OC)C(O)C=CCC(=O)CC(O)C=C,(ohmmal-redemal)(ohmal)(ohmxmal)(ccmal)(mal-ohmal-ccmal)
114,ctg1_orf27;ctg1_orf30;ctg1_orf28;ctg1_orf31;ctg1_orf29,0.2823509996101535,0.26786537732849147,0.2920080811312615,CC(=O)CC(O)C=CC(OC)C(O)C=CCC(O)C(C)C(O)C(CC)C,(mal-ohmal-ccmal)(ohmxmal)(ccmal)(ohmal)(ohmmal-redemal)
115,ctg1_orf28;ctg1_orf27;ctg1_orf31;ctg1_orf30;ctg1_orf29,0.2780183643187766,0.19573390050670397,0.332874673526825,C=CCC(=O)CC(O)C=CCC(O)C(OC)C(O)C(C)C(O)C(CC)C,(ccmal)(mal-ohmal-ccmal)(ohmal)(ohmxmal)(ohmmal-redemal)
116,ctg1_orf30;ctg1_orf29;ctg1_orf27;ctg1_orf31;ctg1_orf28,0.2672326778995018,0.1541719996698855,0.34260646338591266,C(OC)C(O)C(C)C(O)C(CC)CCC(=O)CC(O)C=CCC(O)C=C,(ohmxmal)(ohmmal-redemal)(mal-ohmal-ccmal)(ohmal)(ccmal)
117,ctg1_orf28;ctg1_orf31;ctg1_orf30;ctg1_orf29;ctg1_orf27,0.25992193430228683,0.22644648593085875,0.28223889988323886,C=CCC(O)C(OC)C(O)C(C)C(O)C(CC)CCC(=O)CC(O)C=C,(ccmal)(ohmal)(ohmxmal)(ohmmal-redemal)(mal-ohmal-ccmal)
118,ctg1_orf30;ctg1_orf28;ctg1_orf27;ctg1_orf31;ctg1_orf29,0.25722007872299124,0.15649495342076414,0.32437016225780924,C(OC)C(O)C=CCC(=O)CC(O)C=CCC(O)C(C)C(O)C(CC)C,(ohmxmal)(ccmal)(mal-ohmal-ccmal)(ohmal)(ohmmal-redemal)
119,ctg1_orf30;ctg1_orf29;ctg1_orf31;ctg1_orf28;ctg1_orf27,0.25482296197546106,0.20884730551328562,0.2854733996169113,C(OC)C(O)C(C)C(O)C(CC)CCC(O)C=CCC(=O)CC(O)C=C,(ohmxmal)(ohmmal-redemal)(ohmal)(ccmal)(mal-ohmal-ccmal)
120,ctg1_orf30;ctg1_orf28;ctg1_orf31;ctg1_orf29;ctg1_orf27,0.2391236487065015,0.18720753884491897,0.27373438861422317,C(OC)C(O)C=CCC(O)C(C)C(O)C(CC)CCC(=O)CC(O)C=C,(ohmxmal)(ccmal)(ohmal)(ohmmal-redemal)(mal-ohmal-ccmal)
