PathwayID,Pathway,Score,Score2,Score3,ProductSMILES,Polymer
1,AP234_RS14720;AP234_RS14710;AP234_RS14715;AP234_RS14705;AP234_RS14725,0.6526490267243286,0.6555156738554373,0.6507379286369227,C(C)C(O)C(C)=CC(C)C(O)C(C)C(O)C=CCCC=CC=CC(C)C(O)CCC(C)C(=O),(ohmmal-ccmmal-ohmmal)(ohmmal-ccmal-redmal)(ccmal-ccmal)(ohmmal)(redmal-mmal)
2,AP234_RS14720;AP234_RS14715;AP234_RS14710;AP234_RS14705;AP234_RS14725,0.6293513294745825,0.6337873613094203,0.626393974918024,C(C)C(O)C(C)=CC(C)C(O)C=CC=CC(C)C(O)C=CCCC(C)C(O)CCC(C)C(=O),(ohmmal-ccmmal-ohmmal)(ccmal-ccmal)(ohmmal-ccmal-redmal)(ohmmal)(redmal-mmal)
3,AP234_RS14720;AP234_RS14715;AP234_RS14705;AP234_RS14725;AP234_RS14710,0.6272045150248102,0.6644327366626819,0.6023857005995624,C(C)C(O)C(C)=CC(C)C(O)C=CC=CC(C)C(O)CCC(C)C(=O)C(C)C(O)C=CCC,(ohmmal-ccmmal-ohmmal)(ccmal-ccmal)(ohmmal)(redmal-mmal)(ohmmal-ccmal-redmal)
4,AP234_RS14725;AP234_RS14710;AP234_RS14720;AP234_RS14715;AP234_RS14705,0.6249490634527279,0.6564991674317056,0.6039156608000762,CCC(C)C(=O)C(C)C(O)C=CCCC(C)C(O)C(C)=CC(C)C(O)C=CC=CC(C)C(O),(redmal-mmal)(ohmmal-ccmal-redmal)(ohmmal-ccmmal-ohmmal)(ccmal-ccmal)(ohmmal)
5,AP234_RS14720;AP234_RS14710;AP234_RS14705;AP234_RS14725;AP234_RS14715,0.6233978615266325,0.6468453618558921,0.6077661946404594,C(C)C(O)C(C)=CC(C)C(O)C(C)C(O)C=CCCC(C)C(O)CCC(C)C(=O)C=CC=C,(ohmmal-ccmmal-ohmmal)(ohmmal-ccmal-redmal)(ohmmal)(redmal-mmal)(ccmal-ccmal)
6,AP234_RS14725;AP234_RS14715;AP234_RS14720;AP234_RS14710;AP234_RS14705,0.6193010764149705,0.6849712556214217,0.5755209569440031,CCC(C)C(=O)C=CC=CC(C)C(O)C(C)=CC(C)C(O)C(C)C(O)C=CCCC(C)C(O),(redmal-mmal)(ccmal-ccmal)(ohmmal-ccmmal-ohmmal)(ohmmal-ccmal-redmal)(ohmmal)
7,AP234_RS14725;AP234_RS14720;AP234_RS14710;AP234_RS14715;AP234_RS14705,0.618115564283205,0.6092094950417991,0.6240529437774758,CCC(C)C(=O)C(C)C(O)C(C)=CC(C)C(O)C(C)C(O)C=CCCC=CC=CC(C)C(O),(redmal-mmal)(ohmmal-ccmmal-ohmmal)(ohmmal-ccmal-redmal)(ccmal-ccmal)(ohmmal)
8,AP234_RS14720;AP234_RS14705;AP234_RS14725;AP234_RS14710;AP234_RS14715,0.6164049998615023,0.6424539117913828,0.5990390585749154,C(C)C(O)C(C)=CC(C)C(O)C(C)C(O)CCC(C)C(=O)C(C)C(O)C=CCCC=CC=C,(ohmmal-ccmmal-ohmmal)(ohmmal)(redmal-mmal)(ohmmal-ccmal-redmal)(ccmal-ccmal)
9,AP234_RS14725;AP234_RS14710;AP234_RS14715;AP234_RS14720;AP234_RS14705,0.6123082147498404,0.6805798055569123,0.566793820878459,CCC(C)C(=O)C(C)C(O)C=CCCC=CC=CC(C)C(O)C(C)=CC(C)C(O)C(C)C(O),(redmal-mmal)(ohmmal-ccmal-redmal)(ccmal-ccmal)(ohmmal-ccmmal-ohmmal)(ohmmal)
10,AP234_RS14710;AP234_RS14720;AP234_RS14715;AP234_RS14705;AP234_RS14725,0.6060780913216202,0.5910672749257628,0.6160853022521918,C(C)C(O)C=CCCC(C)C(O)C(C)=CC(C)C(O)C=CC=CC(C)C(O)CCC(C)C(=O),(ohmmal-ccmal-redmal)(ohmmal-ccmmal-ohmmal)(ccmal-ccmal)(ohmmal)(redmal-mmal)
11,AP234_RS14725;AP234_RS14720;AP234_RS14715;AP234_RS14710;AP234_RS14705,0.5948178670334588,0.5874811824957819,0.5997089900585769,CCC(C)C(=O)C(C)C(O)C(C)=CC(C)C(O)C=CC=CC(C)C(O)C=CCCC(C)C(O),(redmal-mmal)(ohmmal-ccmmal-ohmmal)(ccmal-ccmal)(ohmmal-ccmal-redmal)(ohmmal)
12,AP234_RS14720;AP234_RS14710;AP234_RS14715;AP234_RS14725;AP234_RS14705,0.59368592459017,0.5951990282021451,0.5926771888488533,C(C)C(O)C(C)=CC(C)C(O)C(C)C(O)C=CCCC=CC=CCCC(C)C(=O)C(C)C(O),(ohmmal-ccmmal-ohmmal)(ohmmal-ccmal-redmal)(ccmal-ccmal)(redmal-mmal)(ohmmal)
13,AP234_RS14710;AP234_RS14715;AP234_RS14720;AP234_RS14705;AP234_RS14725,0.5934372426187327,0.6151479130509696,0.5789634623305746,C(C)C(O)C=CCCC=CC=CC(C)C(O)C(C)=CC(C)C(O)C(C)C(O)CCC(C)C(=O),(ohmmal-ccmal-redmal)(ccmal-ccmal)(ohmmal-ccmmal-ohmmal)(ohmmal)(redmal-mmal)
14,AP234_RS14715;AP234_RS14720;AP234_RS14710;AP234_RS14705;AP234_RS14725,0.5932936365100168,0.6259492190928764,0.5715232481214437,C=CC=CC(C)C(O)C(C)=CC(C)C(O)C(C)C(O)C=CCCC(C)C(O)CCC(C)C(=O),(ccmal-ccmal)(ohmmal-ccmmal-ohmmal)(ohmmal-ccmal-redmal)(ohmmal)(redmal-mmal)
15,AP234_RS14705;AP234_RS14725;AP234_RS14710;AP234_RS14720;AP234_RS14715,0.590974736808763,0.6451931701808007,0.5548291145607379,C(C)C(O)CCC(C)C(=O)C(C)C(O)C=CCCC(C)C(O)C(C)=CC(C)C(O)C=CC=C,(ohmmal)(redmal-mmal)(ohmmal-ccmal-redmal)(ohmmal-ccmmal-ohmmal)(ccmal-ccmal)
16,AP234_RS14720;AP234_RS14715;AP234_RS14725;AP234_RS14710;AP234_RS14705,0.5905610840311644,0.6084147209020611,0.5786586594505665,C(C)C(O)C(C)=CC(C)C(O)C=CC=CCCC(C)C(=O)C(C)C(O)C=CCCC(C)C(O),(ohmmal-ccmmal-ohmmal)(ccmal-ccmal)(redmal-mmal)(ohmmal-ccmal-redmal)(ohmmal)
17,AP234_RS14705;AP234_RS14725;AP234_RS14710;AP234_RS14715;AP234_RS14720,0.5902154804877615,0.6868974178976806,0.5257608555478155,C(C)C(O)CCC(C)C(=O)C(C)C(O)C=CCCC=CC=CC(C)C(O)C(C)=CC(C)C(O),(ohmmal)(redmal-mmal)(ohmmal-ccmal-redmal)(ccmal-ccmal)(ohmmal-ccmmal-ohmmal)
18,AP234_RS14720;AP234_RS14705;AP234_RS14725;AP234_RS14715;AP234_RS14710,0.5899790607194408,0.6255453655388604,0.5662681908398278,C(C)C(O)C(C)=CC(C)C(O)C(C)C(O)CCC(C)C(=O)C=CC=CC(C)C(O)C=CCC,(ohmmal-ccmmal-ohmmal)(ohmmal)(redmal-mmal)(ccmal-ccmal)(ohmmal-ccmal-redmal)
19,AP234_RS14725;AP234_RS14715;AP234_RS14710;AP234_RS14720;AP234_RS14705,0.5877236091473585,0.6176117963078841,0.5677981510403416,CCC(C)C(=O)C=CC=CC(C)C(O)C=CCCC(C)C(O)C(C)=CC(C)C(O)C(C)C(O),(redmal-mmal)(ccmal-ccmal)(ohmmal-ccmal-redmal)(ohmmal-ccmmal-ohmmal)(ohmmal)
20,AP234_RS14705;AP234_RS14725;AP234_RS14715;AP234_RS14720;AP234_RS14710,0.5856659555739367,0.6848688289206591,0.519530706676122,C(C)C(O)CCC(C)C(=O)C=CC=CC(C)C(O)C(C)=CC(C)C(O)C(C)C(O)C=CCC,(ohmmal)(redmal-mmal)(ccmal-ccmal)(ohmmal-ccmmal-ohmmal)(ohmmal-ccmal-redmal)
21,AP234_RS14705;AP234_RS14725;AP234_RS14720;AP234_RS14710;AP234_RS14715,0.5841412376392402,0.5979034977908941,0.5749663975381376,C(C)C(O)CCC(C)C(=O)C(C)C(O)C(C)=CC(C)C(O)C(C)C(O)C=CCCC=CC=C,(ohmmal)(redmal-mmal)(ohmmal-ccmmal-ohmmal)(ohmmal-ccmal-redmal)(ccmal-ccmal)
22,AP234_RS14720;AP234_RS14710;AP234_RS14725;AP234_RS14715;AP234_RS14705,0.5773349098430978,0.6081207564213971,0.5568110121242316,C(C)C(O)C(C)=CC(C)C(O)C(C)C(O)C=CCCCCC(C)C(=O)C=CC=CC(C)C(O),(ohmmal-ccmmal-ohmmal)(ohmmal-ccmal-redmal)(redmal-mmal)(ccmal-ccmal)(ohmmal)
23,AP234_RS14710;AP234_RS14705;AP234_RS14725;AP234_RS14715;AP234_RS14720,0.5760676698029226,0.6241012106430975,0.544045309242806,C(C)C(O)C=CCCC(C)C(O)CCC(C)C(=O)C=CC=CC(C)C(O)C(C)=CC(C)C(O),(ohmmal-ccmal-redmal)(ohmmal)(redmal-mmal)(ccmal-ccmal)(ohmmal-ccmmal-ohmmal)
24,AP234_RS14710;AP234_RS14715;AP234_RS14705;AP234_RS14725;AP234_RS14720,0.5748821576711571,0.5483394500634748,0.5925772960762787,C(C)C(O)C=CCCC=CC=CC(C)C(O)CCC(C)C(=O)C(C)C(O)C(C)=CC(C)C(O),(ohmmal-ccmal-redmal)(ccmal-ccmal)(ohmmal)(redmal-mmal)(ohmmal-ccmmal-ohmmal)
25,AP234_RS14710;AP234_RS14705;AP234_RS14725;AP234_RS14720;AP234_RS14715,0.5734608746496477,0.5414910947929586,0.5947740612207738,C(C)C(O)C=CCCC(C)C(O)CCC(C)C(=O)C(C)C(O)C(C)=CC(C)C(O)C=CC=C,(ohmmal-ccmal-redmal)(ohmmal)(redmal-mmal)(ohmmal-ccmmal-ohmmal)(ccmal-ccmal)
26,AP234_RS14715;AP234_RS14705;AP234_RS14725;AP234_RS14710;AP234_RS14720,0.5711117413715874,0.595655174174131,0.5547494528365584,C=CC=CC(C)C(O)CCC(C)C(=O)C(C)C(O)C=CCCC(C)C(O)C(C)=CC(C)C(O),(ccmal-ccmal)(ohmmal)(redmal-mmal)(ohmmal-ccmal-redmal)(ohmmal-ccmmal-ohmmal)
27,AP234_RS14720;AP234_RS14725;AP234_RS14710;AP234_RS14715;AP234_RS14705,0.5697809074228888,0.6199371324157325,0.5363434240943264,C(C)C(O)C(C)=CC(C)C(O)CCC(C)C(=O)C(C)C(O)C=CCCC=CC=CC(C)C(O),(ohmmal-ccmmal-ohmmal)(redmal-mmal)(ohmmal-ccmal-redmal)(ccmal-ccmal)(ohmmal)
28,AP234_RS14725;AP234_RS14705;AP234_RS14720;AP234_RS14710;AP234_RS14715,0.5690654655076697,0.5958333983506315,0.5512201769456953,CCC(C)C(=O)C(C)C(O)C(C)C(O)C(C)=CC(C)C(O)C(C)C(O)C=CCCC=CC=C,(redmal-mmal)(ohmmal)(ohmmal-ccmmal-ohmmal)(ohmmal-ccmal-redmal)(ccmal-ccmal)
29,AP234_RS14725;AP234_RS14710;AP234_RS14715;AP234_RS14705;AP234_RS14720,0.5673619079701734,0.6158974463210637,0.5350048824029132,CCC(C)C(=O)C(C)C(O)C=CCCC=CC=CC(C)C(O)C(C)C(O)C(C)=CC(C)C(O),(redmal-mmal)(ohmmal-ccmal-redmal)(ccmal-ccmal)(ohmmal)(ohmmal-ccmmal-ohmmal)
30,AP234_RS14710;AP234_RS14720;AP234_RS14705;AP234_RS14725;AP234_RS14715,0.5663666167635475,0.5716217086050608,0.5628632222025386,C(C)C(O)C=CCCC(C)C(O)C(C)=CC(C)C(O)C(C)C(O)CCC(C)C(=O)C=CC=C,(ohmmal-ccmal-redmal)(ohmmal-ccmmal-ohmmal)(ohmmal)(redmal-mmal)(ccmal-ccmal)
31,AP234_RS14725;AP234_RS14710;AP234_RS14705;AP234_RS14720;AP234_RS14715,0.565940624948664,0.6090490910505475,0.5372016475474083,CCC(C)C(=O)C(C)C(O)C=CCCC(C)C(O)C(C)C(O)C(C)=CC(C)C(O)C=CC=C,(redmal-mmal)(ohmmal-ccmal-redmal)(ohmmal)(ohmmal-ccmmal-ohmmal)(ccmal-ccmal)
32,AP234_RS14705;AP234_RS14725;AP234_RS14715;AP234_RS14710;AP234_RS14720,0.5656308748852799,0.6239294086486522,0.5267651857096982,C(C)C(O)CCC(C)C(=O)C=CC=CC(C)C(O)C=CCCC(C)C(O)C(C)=CC(C)C(O),(ohmmal)(redmal-mmal)(ccmal-ccmal)(ohmmal-ccmal-redmal)(ohmmal-ccmmal-ohmmal)
33,AP234_RS14715;AP234_RS14705;AP234_RS14725;AP234_RS14720;AP234_RS14710,0.5631961649834865,0.5527207170638506,0.5701797969299103,C=CC=CC(C)C(O)CCC(C)C(=O)C(C)C(O)C(C)=CC(C)C(O)C(C)C(O)C=CCC,(ccmal-ccmal)(ohmmal)(redmal-mmal)(ohmmal-ccmmal-ohmmal)(ohmmal-ccmal-redmal)
34,AP234_RS14725;AP234_RS14715;AP234_RS14705;AP234_RS14720;AP234_RS14710,0.5628123830563487,0.6138688573440423,0.5287747335312197,CCC(C)C(=O)C=CC=CC(C)C(O)C(C)C(O)C(C)=CC(C)C(O)C(C)C(O)C=CCC,(redmal-mmal)(ccmal-ccmal)(ohmmal)(ohmmal-ccmmal-ohmmal)(ohmmal-ccmal-redmal)
35,AP234_RS14715;AP234_RS14710;AP234_RS14720;AP234_RS14705;AP234_RS14725,0.5617161692424049,0.5585897597793388,0.5638004422177822,C=CC=CC(C)C(O)C=CCCC(C)C(O)C(C)=CC(C)C(O)C(C)C(O)CCC(C)C(=O),(ccmal-ccmal)(ohmmal-ccmal-redmal)(ohmmal-ccmmal-ohmmal)(ohmmal)(redmal-mmal)
36,AP234_RS14705;AP234_RS14725;AP234_RS14720;AP234_RS14715;AP234_RS14710,0.5611827461924253,0.5873787557950193,0.5437187397906958,C(C)C(O)CCC(C)C(=O)C(C)C(O)C(C)=CC(C)C(O)C=CC=CC(C)C(O)C=CCC,(ohmmal)(redmal-mmal)(ohmmal-ccmmal-ohmmal)(ccmal-ccmal)(ohmmal-ccmal-redmal)
37,AP234_RS14720;AP234_RS14715;AP234_RS14710;AP234_RS14725;AP234_RS14705,0.5606295008476039,0.5795605554321115,0.5480087977912654,C(C)C(O)C(C)=CC(C)C(O)C=CC=CC(C)C(O)C=CCCCCC(C)C(=O)C(C)C(O),(ohmmal-ccmmal-ohmmal)(ccmal-ccmal)(ohmmal-ccmal-redmal)(redmal-mmal)(ohmmal)
38,AP234_RS14715;AP234_RS14720;AP234_RS14705;AP234_RS14725;AP234_RS14710,0.5573888154501216,0.624091027578964,0.5129206740308935,C=CC=CC(C)C(O)C(C)=CC(C)C(O)C(C)C(O)CCC(C)C(=O)C(C)C(O)C=CCC,(ccmal-ccmal)(ohmmal-ccmmal-ohmmal)(ohmmal)(redmal-mmal)(ohmmal-ccmal-redmal)
39,AP234_RS14710;AP234_RS14720;AP234_RS14715;AP234_RS14725;AP234_RS14705,0.5471149891874616,0.5307506292724706,0.5580245624641224,C(C)C(O)C=CCCC(C)C(O)C(C)=CC(C)C(O)C=CC=CCCC(C)C(=O)C(C)C(O),(ohmmal-ccmal-redmal)(ohmmal-ccmmal-ohmmal)(ccmal-ccmal)(redmal-mmal)(ohmmal)
40,AP234_RS14725;AP234_RS14705;AP234_RS14720;AP234_RS14715;AP234_RS14710,0.5461069740608547,0.5853086563547567,0.5199725191982535,CCC(C)C(=O)C(C)C(O)C(C)C(O)C(C)=CC(C)C(O)C=CC=CC(C)C(O)C=CCC,(redmal-mmal)(ohmmal)(ohmmal-ccmmal-ohmmal)(ccmal-ccmal)(ohmmal-ccmal-redmal)
41,AP234_RS14725;AP234_RS14705;AP234_RS14710;AP234_RS14720;AP234_RS14715,0.5460518390173309,0.5160355520589377,0.5660626969895931,CCC(C)C(=O)C(C)C(O)C(C)C(O)C=CCCC(C)C(O)C(C)=CC(C)C(O)C=CC=C,(redmal-mmal)(ohmmal)(ohmmal-ccmal-redmal)(ohmmal-ccmmal-ohmmal)(ccmal-ccmal)
42,AP234_RS14725;AP234_RS14705;AP234_RS14710;AP234_RS14715;AP234_RS14720,0.5452925826963294,0.5577397997758176,0.5369944379766707,CCC(C)C(=O)C(C)C(O)C(C)C(O)C=CCCC=CC=CC(C)C(O)C(C)=CC(C)C(O),(redmal-mmal)(ohmmal)(ohmmal-ccmal-redmal)(ccmal-ccmal)(ohmmal-ccmmal-ohmmal)
43,AP234_RS14720;AP234_RS14725;AP234_RS14715;AP234_RS14710;AP234_RS14705,0.5430157624778962,0.5918250156130679,0.5104762603877817,C(C)C(O)C(C)=CC(C)C(O)CCC(C)C(=O)C=CC=CC(C)C(O)C=CCCC(C)C(O),(ohmmal-ccmmal-ohmmal)(redmal-mmal)(ccmal-ccmal)(ohmmal-ccmal-redmal)(ohmmal)
44,AP234_RS14715;AP234_RS14710;AP234_RS14705;AP234_RS14725;AP234_RS14720,0.5409805449523184,0.5266371892382075,0.550542782095059,C=CC=CC(C)C(O)C=CCCC(C)C(O)CCC(C)C(=O)C(C)C(O)C(C)=CC(C)C(O),(ccmal-ccmal)(ohmmal-ccmal-redmal)(ohmmal)(redmal-mmal)(ohmmal-ccmmal-ohmmal)
45,AP234_RS14725;AP234_RS14715;AP234_RS14705;AP234_RS14710;AP234_RS14720,0.5408808337845881,0.5297157957727223,0.5483241924591653,CCC(C)C(=O)C=CC=CC(C)C(O)C(C)C(O)C=CCCC(C)C(O)C(C)=CC(C)C(O),(redmal-mmal)(ccmal-ccmal)(ohmmal)(ohmmal-ccmal-redmal)(ohmmal-ccmmal-ohmmal)
46,AP234_RS14725;AP234_RS14715;AP234_RS14710;AP234_RS14705;AP234_RS14720,0.5405967630251807,0.5877853295183991,0.5091377186963685,CCC(C)C(=O)C=CC=CC(C)C(O)C=CCCC(C)C(O)C(C)C(O)C(C)=CC(C)C(O),(redmal-mmal)(ccmal-ccmal)(ohmmal-ccmal-redmal)(ohmmal)(ohmmal-ccmmal-ohmmal)
47,AP234_RS14725;AP234_RS14720;AP234_RS14715;AP234_RS14705;AP234_RS14710,0.5364327050917335,0.49316514291908936,0.565277746540163,CCC(C)C(=O)C(C)C(O)C(C)=CC(C)C(O)C=CC=CC(C)C(O)C(C)C(O)C=CCC,(redmal-mmal)(ohmmal-ccmmal-ohmmal)(ccmal-ccmal)(ohmmal)(ohmmal-ccmal-redmal)
48,AP234_RS14725;AP234_RS14705;AP234_RS14715;AP234_RS14720;AP234_RS14710,0.533220593384065,0.6575440035400977,0.4503383199467098,CCC(C)C(=O)C(C)C(O)C=CC=CC(C)C(O)C(C)=CC(C)C(O)C(C)C(O)C=CCC,(redmal-mmal)(ohmmal)(ccmal-ccmal)(ohmmal-ccmmal-ohmmal)(ohmmal-ccmal-redmal)
49,AP234_RS14725;AP234_RS14710;AP234_RS14705;AP234_RS14715;AP234_RS14720,0.5311778300436374,0.6664044809603875,0.4410267294324706,CCC(C)C(=O)C(C)C(O)C=CCCC(C)C(O)C=CC=CC(C)C(O)C(C)=CC(C)C(O),(redmal-mmal)(ohmmal-ccmal-redmal)(ohmmal)(ccmal-ccmal)(ohmmal-ccmmal-ohmmal)
50,AP234_RS14710;AP234_RS14725;AP234_RS14720;AP234_RS14715;AP234_RS14705,0.527397922966113,0.5027664893584635,0.543818878704546,C(C)C(O)C=CCCCCC(C)C(=O)C(C)C(O)C(C)=CC(C)C(O)C=CC=CC(C)C(O),(ohmmal-ccmal-redmal)(redmal-mmal)(ohmmal-ccmmal-ohmmal)(ccmal-ccmal)(ohmmal)
51,AP234_RS14725;AP234_RS14715;AP234_RS14720;AP234_RS14705;AP234_RS14710,0.5271579078631223,0.5581516491775551,0.5064954136535004,CCC(C)C(=O)C=CC=CC(C)C(O)C(C)=CC(C)C(O)C(C)C(O)C(C)C(O)C=CCC,(redmal-mmal)(ccmal-ccmal)(ohmmal-ccmmal-ohmmal)(ohmmal)(ohmmal-ccmal-redmal)
52,AP234_RS14710;AP234_RS14715;AP234_RS14725;AP234_RS14720;AP234_RS14705,0.5266963400985565,0.48590139526132325,0.5538929699900452,C(C)C(O)C=CCCC=CC=CCCC(C)C(=O)C(C)C(O)C(C)=CC(C)C(O)C(C)C(O),(ohmmal-ccmal-redmal)(ccmal-ccmal)(redmal-mmal)(ohmmal-ccmmal-ohmmal)(ohmmal)
53,AP234_RS14715;AP234_RS14725;AP234_RS14720;AP234_RS14710;AP234_RS14705,0.5265527339898406,0.4967027013032299,0.5464527557809143,C=CC=CCCC(C)C(=O)C(C)C(O)C(C)=CC(C)C(O)C(C)C(O)C=CCCC(C)C(O),(ccmal-ccmal)(redmal-mmal)(ohmmal-ccmmal-ohmmal)(ohmmal-ccmal-redmal)(ohmmal)
54,AP234_RS14725;AP234_RS14720;AP234_RS14705;AP234_RS14710;AP234_RS14715,0.5256331899284257,0.4711863180477902,0.561931104515516,CCC(C)C(=O)C(C)C(O)C(C)=CC(C)C(O)C(C)C(O)C(C)C(O)C=CCCC=CC=C,(redmal-mmal)(ohmmal-ccmmal-ohmmal)(ohmmal)(ohmmal-ccmal-redmal)(ccmal-ccmal)
55,AP234_RS14725;AP234_RS14720;AP234_RS14710;AP234_RS14705;AP234_RS14715,0.5251035871951161,0.5774105608536013,0.49023227142279263,CCC(C)C(=O)C(C)C(O)C(C)=CC(C)C(O)C(C)C(O)C=CCCC(C)C(O)C=CC=C,(redmal-mmal)(ohmmal-ccmmal-ohmmal)(ohmmal-ccmal-redmal)(ohmmal)(ccmal-ccmal)
56,AP234_RS14715;AP234_RS14720;AP234_RS14710;AP234_RS14725;AP234_RS14705,0.5245718078830381,0.5717224132155676,0.4931380709946852,C=CC=CC(C)C(O)C(C)=CC(C)C(O)C(C)C(O)C=CCCCCC(C)C(=O)C(C)C(O),(ccmal-ccmal)(ohmmal-ccmmal-ohmmal)(ohmmal-ccmal-redmal)(redmal-mmal)(ohmmal)
57,AP234_RS14720;AP234_RS14715;AP234_RS14705;AP234_RS14710;AP234_RS14725,0.5245640100463911,0.4895431457480902,0.547911252911925,C(C)C(O)C(C)=CC(C)C(O)C=CC=CC(C)C(O)C(C)C(O)C=CCCCCC(C)C(=O),(ohmmal-ccmmal-ohmmal)(ccmal-ccmal)(ohmmal)(ohmmal-ccmal-redmal)(redmal-mmal)
58,AP234_RS14710;AP234_RS14715;AP234_RS14720;AP234_RS14725;AP234_RS14705,0.5241542732366753,0.5771289332325057,0.48883783323945507,C(C)C(O)C=CCCC=CC=CC(C)C(O)C(C)=CC(C)C(O)CCC(C)C(=O)C(C)C(O),(ohmmal-ccmal-redmal)(ccmal-ccmal)(ohmmal-ccmmal-ohmmal)(redmal-mmal)(ohmmal)
59,AP234_RS14720;AP234_RS14705;AP234_RS14710;AP234_RS14715;AP234_RS14725,0.5238624271788345,0.47267805165095006,0.5579853441974241,C(C)C(O)C(C)=CC(C)C(O)C(C)C(O)C(C)C(O)C=CCCC=CC=CCCC(C)C(=O),(ohmmal-ccmmal-ohmmal)(ohmmal)(ohmmal-ccmal-redmal)(ccmal-ccmal)(redmal-mmal)
60,AP234_RS14720;AP234_RS14710;AP234_RS14705;AP234_RS14715;AP234_RS14725,0.5233328244455249,0.578902294456761,0.4862865111047009,C(C)C(O)C(C)=CC(C)C(O)C(C)C(O)C=CCCC(C)C(O)C=CC=CCCC(C)C(=O),(ohmmal-ccmmal-ohmmal)(ohmmal-ccmal-redmal)(ohmmal)(ccmal-ccmal)(redmal-mmal)
61,AP234_RS14715;AP234_RS14725;AP234_RS14710;AP234_RS14720;AP234_RS14705,0.5229259237989867,0.5332171193719796,0.5160651267503249,C=CC=CCCC(C)C(=O)C(C)C(O)C=CCCC(C)C(O)C(C)=CC(C)C(O)C(C)C(O),(ccmal-ccmal)(redmal-mmal)(ohmmal-ccmal-redmal)(ohmmal-ccmmal-ohmmal)(ohmmal)
62,AP234_RS14725;AP234_RS14710;AP234_RS14720;AP234_RS14705;AP234_RS14715,0.5214767770042622,0.6139249789223509,0.4598446423922032,CCC(C)C(=O)C(C)C(O)C=CCCC(C)C(O)C(C)=CC(C)C(O)C(C)C(O)C=CC=C,(redmal-mmal)(ohmmal-ccmal-redmal)(ohmmal-ccmmal-ohmmal)(ohmmal)(ccmal-ccmal)
63,AP234_RS14705;AP234_RS14720;AP234_RS14710;AP234_RS14715;AP234_RS14725,0.521445790616434,0.5552151563320618,0.49893288013934894,C(C)C(O)C(C)C(O)C(C)=CC(C)C(O)C(C)C(O)C=CCCC=CC=CCCC(C)C(=O),(ohmmal)(ohmmal-ccmmal-ohmmal)(ohmmal-ccmal-redmal)(ccmal-ccmal)(redmal-mmal)
64,AP234_RS14710;AP234_RS14720;AP234_RS14725;AP234_RS14715;AP234_RS14705,0.5197425243249341,0.5491049292294106,0.5001675877219497,C(C)C(O)C=CCCC(C)C(O)C(C)=CC(C)C(O)CCC(C)C(=O)C=CC=CC(C)C(O),(ohmmal-ccmal-redmal)(ohmmal-ccmmal-ohmmal)(redmal-mmal)(ccmal-ccmal)(ohmmal)
65,AP234_RS14710;AP234_RS14725;AP234_RS14715;AP234_RS14720;AP234_RS14705,0.5181231257375019,0.5677529956169293,0.48503654581788347,C(C)C(O)C=CCCCCC(C)C(=O)C=CC=CC(C)C(O)C(C)=CC(C)C(O)C(C)C(O),(ohmmal-ccmal-redmal)(redmal-mmal)(ccmal-ccmal)(ohmmal-ccmmal-ohmmal)(ohmmal)
66,AP234_RS14725;AP234_RS14705;AP234_RS14715;AP234_RS14710;AP234_RS14720,0.5131855126954079,0.5966045832680908,0.4575727989802859,CCC(C)C(=O)C(C)C(O)C=CC=CC(C)C(O)C=CCCC(C)C(O)C(C)=CC(C)C(O),(redmal-mmal)(ohmmal)(ccmal-ccmal)(ohmmal-ccmal-redmal)(ohmmal-ccmmal-ohmmal)
67,AP234_RS14720;AP234_RS14715;AP234_RS14725;AP234_RS14705;AP234_RS14710,0.5120030653986986,0.47915467607943546,0.5339019916115406,C(C)C(O)C(C)=CC(C)C(O)C=CC=CCCC(C)C(=O)C(C)C(O)C(C)C(O)C=CCC,(ohmmal-ccmmal-ohmmal)(ccmal-ccmal)(redmal-mmal)(ohmmal)(ohmmal-ccmal-redmal)
68,AP234_RS14710;AP234_RS14705;AP234_RS14720;AP234_RS14715;AP234_RS14725,0.5107654276268416,0.4988027533341263,0.5187405438219852,C(C)C(O)C=CCCC(C)C(O)C(C)C(O)C(C)=CC(C)C(O)C=CC=CCCC(C)C(=O),(ohmmal-ccmal-redmal)(ohmmal)(ohmmal-ccmmal-ohmmal)(ccmal-ccmal)(redmal-mmal)
69,AP234_RS14715;AP234_RS14720;AP234_RS14725;AP234_RS14710;AP234_RS14705,0.510425517208577,0.5903706776531714,0.4571287435788475,C=CC=CC(C)C(O)C(C)=CC(C)C(O)CCC(C)C(=O)C(C)C(O)C=CCCC(C)C(O),(ccmal-ccmal)(ohmmal-ccmmal-ohmmal)(redmal-mmal)(ohmmal-ccmal-redmal)(ohmmal)
70,AP234_RS14705;AP234_RS14710;AP234_RS14720;AP234_RS14715;AP234_RS14725,0.49843216412609526,0.47541731004036786,0.5137754001832469,C(C)C(O)C(C)C(O)C=CCCC(C)C(O)C(C)=CC(C)C(O)C=CC=CCCC(C)C(=O),(ohmmal)(ohmmal-ccmal-redmal)(ohmmal-ccmmal-ohmmal)(ccmal-ccmal)(redmal-mmal)
71,AP234_RS14705;AP234_RS14720;AP234_RS14715;AP234_RS14725;AP234_RS14710,0.4960012789169157,0.5641322191393063,0.4505806521019886,C(C)C(O)C(C)C(O)C(C)=CC(C)C(O)C=CC=CCCC(C)C(=O)C(C)C(O)C=CCC,(ohmmal)(ohmmal-ccmmal-ohmmal)(ccmal-ccmal)(redmal-mmal)(ohmmal-ccmal-redmal)
72,AP234_RS14715;AP234_RS14710;AP234_RS14720;AP234_RS14725;AP234_RS14705,0.49243319986034756,0.5205707799608748,0.4736748131266627,C=CC=CC(C)C(O)C=CCCC(C)C(O)C(C)=CC(C)C(O)CCC(C)C(=O)C(C)C(O),(ccmal-ccmal)(ohmmal-ccmal-redmal)(ohmmal-ccmmal-ohmmal)(redmal-mmal)(ohmmal)
73,AP234_RS14725;AP234_RS14720;AP234_RS14705;AP234_RS14715;AP234_RS14710,0.49168478638792446,0.5561105645365695,0.4487342676221612,CCC(C)C(=O)C(C)C(O)C(C)=CC(C)C(O)C(C)C(O)C=CC=CC(C)C(O)C=CCC,(redmal-mmal)(ohmmal-ccmmal-ohmmal)(ohmmal)(ccmal-ccmal)(ohmmal-ccmal-redmal)
74,AP234_RS14720;AP234_RS14710;AP234_RS14725;AP234_RS14705;AP234_RS14715,0.49091522100926094,0.5694899337899307,0.43853207915548115,C(C)C(O)C(C)=CC(C)C(O)C(C)C(O)C=CCCCCC(C)C(=O)C(C)C(O)C=CC=C,(ohmmal-ccmmal-ohmmal)(ohmmal-ccmal-redmal)(redmal-mmal)(ohmmal)(ccmal-ccmal)
75,AP234_RS14720;AP234_RS14725;AP234_RS14705;AP234_RS14710;AP234_RS14715,0.49088368298749185,0.4794735170429646,0.49849046028384336,C(C)C(O)C(C)=CC(C)C(O)CCC(C)C(=O)C(C)C(O)C(C)C(O)C=CCCC=CC=C,(ohmmal-ccmmal-ohmmal)(redmal-mmal)(ohmmal)(ohmmal-ccmal-redmal)(ccmal-ccmal)
76,AP234_RS14715;AP234_RS14705;AP234_RS14720;AP234_RS14710;AP234_RS14725,0.490402785664929,0.5049186448308595,0.48072554622097535,C=CC=CC(C)C(O)C(C)C(O)C(C)=CC(C)C(O)C(C)C(O)C=CCCCCC(C)C(=O),(ccmal-ccmal)(ohmmal)(ohmmal-ccmmal-ohmmal)(ohmmal-ccmal-redmal)(redmal-mmal)
77,AP234_RS14710;AP234_RS14715;AP234_RS14705;AP234_RS14720;AP234_RS14725,0.48998525101856616,0.5103251648477977,0.4764253084657452,C(C)C(O)C=CCCC=CC=CC(C)C(O)C(C)C(O)C(C)=CC(C)C(O)CCC(C)C(=O),(ohmmal-ccmal-redmal)(ccmal-ccmal)(ohmmal)(ohmmal-ccmmal-ohmmal)(redmal-mmal)
78,AP234_RS14710;AP234_RS14715;AP234_RS14725;AP234_RS14705;AP234_RS14720,0.48952783370490716,0.4901489081618288,0.4891137840669594,C(C)C(O)C=CCCC=CC=CCCC(C)C(=O)C(C)C(O)C(C)C(O)C(C)=CC(C)C(O),(ohmmal-ccmal-redmal)(ccmal-ccmal)(redmal-mmal)(ohmmal)(ohmmal-ccmmal-ohmmal)
79,AP234_RS14705;AP234_RS14720;AP234_RS14715;AP234_RS14710;AP234_RS14725,0.4883893668738678,0.539576683562028,0.45426448908176104,C(C)C(O)C(C)C(O)C(C)=CC(C)C(O)C=CC=CC(C)C(O)C=CCCCCC(C)C(=O),(ohmmal)(ohmmal-ccmmal-ohmmal)(ccmal-ccmal)(ohmmal-ccmal-redmal)(redmal-mmal)
80,AP234_RS14720;AP234_RS14705;AP234_RS14715;AP234_RS14725;AP234_RS14710,0.48742800338562986,0.5770441029428488,0.4276839370141507,C(C)C(O)C(C)=CC(C)C(O)C(C)C(O)C=CC=CCCC(C)C(=O)C(C)C(O)C=CCC,(ohmmal-ccmmal-ohmmal)(ohmmal)(ccmal-ccmal)(redmal-mmal)(ohmmal-ccmal-redmal)
81,AP234_RS14720;AP234_RS14705;AP234_RS14710;AP234_RS14725;AP234_RS14715,0.4848525354883183,0.47009757942738817,0.49468917286227176,C(C)C(O)C(C)=CC(C)C(O)C(C)C(O)C(C)C(O)C=CCCCCC(C)C(=O)C=CC=C,(ohmmal-ccmmal-ohmmal)(ohmmal)(ohmmal-ccmal-redmal)(redmal-mmal)(ccmal-ccmal)
82,AP234_RS14720;AP234_RS14725;AP234_RS14715;AP234_RS14705;AP234_RS14710,0.48463060053617085,0.4975089760363753,0.47604501686936784,C(C)C(O)C(C)=CC(C)C(O)CCC(C)C(=O)C=CC=CC(C)C(O)C(C)C(O)C=CCC,(ohmmal-ccmmal-ohmmal)(redmal-mmal)(ccmal-ccmal)(ohmmal)(ohmmal-ccmal-redmal)
83,AP234_RS14715;AP234_RS14710;AP234_RS14725;AP234_RS14720;AP234_RS14705,0.48303600088689763,0.4702889742120393,0.4915340186701365,C=CC=CC(C)C(O)C=CCCCCC(C)C(=O)C(C)C(O)C(C)=CC(C)C(O)C(C)C(O),(ccmal-ccmal)(ohmmal-ccmal-redmal)(redmal-mmal)(ohmmal-ccmmal-ohmmal)(ohmmal)
84,AP234_RS14705;AP234_RS14720;AP234_RS14710;AP234_RS14725;AP234_RS14715,0.48243589892591787,0.5526346841085,0.43563670880419647,C(C)C(O)C(C)C(O)C(C)=CC(C)C(O)C(C)C(O)C=CCCCCC(C)C(=O)C=CC=C,(ohmmal)(ohmmal-ccmmal-ohmmal)(ohmmal-ccmal-redmal)(redmal-mmal)(ccmal-ccmal)
85,AP234_RS14720;AP234_RS14705;AP234_RS14715;AP234_RS14710;AP234_RS14725,0.47981609134258196,0.5524885673655704,0.43136777399392306,C(C)C(O)C(C)=CC(C)C(O)C(C)C(O)C=CC=CC(C)C(O)C=CCCCCC(C)C(=O),(ohmmal-ccmmal-ohmmal)(ohmmal)(ccmal-ccmal)(ohmmal-ccmal-redmal)(redmal-mmal)
86,AP234_RS14710;AP234_RS14725;AP234_RS14705;AP234_RS14720;AP234_RS14715,0.4783478241905777,0.489390392667296,0.4709861118727655,C(C)C(O)C=CCCCCC(C)C(=O)C(C)C(O)C(C)C(O)C(C)=CC(C)C(O)C=CC=C,(ohmmal-ccmal-redmal)(redmal-mmal)(ohmmal)(ohmmal-ccmmal-ohmmal)(ccmal-ccmal)
87,AP234_RS14715;AP234_RS14725;AP234_RS14705;AP234_RS14720;AP234_RS14710,0.4778418410172364,0.4945301751622047,0.4667162849205909,C=CC=CCCC(C)C(=O)C(C)C(O)C(C)C(O)C(C)=CC(C)C(O)C(C)C(O)C=CCC,(ccmal-ccmal)(redmal-mmal)(ohmmal)(ohmmal-ccmmal-ohmmal)(ohmmal-ccmal-redmal)
88,AP234_RS14720;AP234_RS14725;AP234_RS14710;AP234_RS14705;AP234_RS14715,0.47676893033479983,0.5881381982275347,0.40252275173964336,C(C)C(O)C(C)=CC(C)C(O)CCC(C)C(=O)C(C)C(O)C=CCCC(C)C(O)C=CC=C,(ohmmal-ccmmal-ohmmal)(redmal-mmal)(ohmmal-ccmal-redmal)(ohmmal)(ccmal-ccmal)
89,AP234_RS14715;AP234_RS14725;AP234_RS14710;AP234_RS14705;AP234_RS14720,0.47579907767680885,0.5033906525824946,0.4574046944063518,C=CC=CCCC(C)C(=O)C(C)C(O)C=CCCC(C)C(O)C(C)C(O)C(C)=CC(C)C(O),(ccmal-ccmal)(redmal-mmal)(ohmmal-ccmal-redmal)(ohmmal)(ohmmal-ccmmal-ohmmal)
90,AP234_RS14705;AP234_RS14715;AP234_RS14720;AP234_RS14710;AP234_RS14725,0.475502986197078,0.611812030747369,0.38463028983021724,C(C)C(O)C=CC=CC(C)C(O)C(C)=CC(C)C(O)C(C)C(O)C=CCCCCC(C)C(=O),(ohmmal)(ccmal-ccmal)(ohmmal-ccmmal-ohmmal)(ohmmal-ccmal-redmal)(redmal-mmal)
91,AP234_RS14705;AP234_RS14710;AP234_RS14715;AP234_RS14720;AP234_RS14725,0.47547144817530884,0.521795614000403,0.4445886709585795,C(C)C(O)C(C)C(O)C=CCCC=CC=CC(C)C(O)C(C)=CC(C)C(O)CCC(C)C(=O),(ohmmal)(ohmmal-ccmal-redmal)(ccmal-ccmal)(ohmmal-ccmmal-ohmmal)(redmal-mmal)
92,AP234_RS14705;AP234_RS14720;AP234_RS14725;AP234_RS14710;AP234_RS14715,0.474881896505709,0.5644510601028354,0.41516912077429136,C(C)C(O)C(C)C(O)C(C)=CC(C)C(O)CCC(C)C(=O)C(C)C(O)C=CCCC=CC=C,(ohmmal)(ohmmal-ccmmal-ohmmal)(redmal-mmal)(ohmmal-ccmal-redmal)(ccmal-ccmal)
93,AP234_RS14710;AP234_RS14725;AP234_RS14715;AP234_RS14705;AP234_RS14720,0.4731768189578348,0.5030706363810806,0.45324760734233766,C(C)C(O)C=CCCCCC(C)C(=O)C=CC=CC(C)C(O)C(C)C(O)C(C)=CC(C)C(O),(ohmmal-ccmal-redmal)(redmal-mmal)(ccmal-ccmal)(ohmmal)(ohmmal-ccmmal-ohmmal)
94,AP234_RS14705;AP234_RS14710;AP234_RS14715;AP234_RS14725;AP234_RS14720,0.46723623047563223,0.4326894851780799,0.49026739400733377,C(C)C(O)C(C)C(O)C=CCCC=CC=CCCC(C)C(=O)C(C)C(O)C(C)=CC(C)C(O),(ohmmal)(ohmmal-ccmal-redmal)(ccmal-ccmal)(redmal-mmal)(ohmmal-ccmmal-ohmmal)
95,AP234_RS14710;AP234_RS14720;AP234_RS14705;AP234_RS14715;AP234_RS14725,0.4663015796824399,0.5036786412059296,0.44138353866678004,C(C)C(O)C=CCCC(C)C(O)C(C)=CC(C)C(O)C(C)C(O)C=CC=CCCC(C)C(=O),(ohmmal-ccmal-redmal)(ohmmal-ccmmal-ohmmal)(ohmmal)(ccmal-ccmal)(redmal-mmal)
96,AP234_RS14705;AP234_RS14715;AP234_RS14725;AP234_RS14710;AP234_RS14720,0.4630798175514688,0.5754281460526405,0.388180931884021,C(C)C(O)C=CC=CCCC(C)C(=O)C(C)C(O)C=CCCC(C)C(O)C(C)=CC(C)C(O),(ohmmal)(ccmal-ccmal)(redmal-mmal)(ohmmal-ccmal-redmal)(ohmmal-ccmmal-ohmmal)
97,AP234_RS14710;AP234_RS14705;AP234_RS14720;AP234_RS14725;AP234_RS14715,0.46073408582087005,0.5016548528482525,0.4334535744692819,C(C)C(O)C=CCCC(C)C(O)C(C)C(O)C(C)=CC(C)C(O)CCC(C)C(=O)C=CC=C,(ohmmal-ccmal-redmal)(ohmmal)(ohmmal-ccmmal-ohmmal)(redmal-mmal)(ccmal-ccmal)
98,AP234_RS14705;AP234_RS14710;AP234_RS14725;AP234_RS14715;AP234_RS14720,0.4586630161145775,0.5145410855336859,0.42141096983517196,C(C)C(O)C(C)C(O)C=CCCCCC(C)C(=O)C=CC=CC(C)C(O)C(C)=CC(C)C(O),(ohmmal)(ohmmal-ccmal-redmal)(redmal-mmal)(ccmal-ccmal)(ohmmal-ccmmal-ohmmal)
99,AP234_RS14720;AP234_RS14725;AP234_RS14705;AP234_RS14715;AP234_RS14710,0.45693527944699064,0.5643977635317439,0.38529362339048856,C(C)C(O)C(C)=CC(C)C(O)CCC(C)C(=O)C(C)C(O)C=CC=CC(C)C(O)C=CCC,(ohmmal-ccmmal-ohmmal)(redmal-mmal)(ohmmal)(ccmal-ccmal)(ohmmal-ccmal-redmal)
100,AP234_RS14715;AP234_RS14705;AP234_RS14710;AP234_RS14720;AP234_RS14725,0.4563677090591348,0.43055337027685353,0.47357726824732227,C=CC=CC(C)C(O)C(C)C(O)C=CCCC(C)C(O)C(C)=CC(C)C(O)CCC(C)C(=O),(ccmal-ccmal)(ohmmal)(ohmmal-ccmal-redmal)(ohmmal-ccmmal-ohmmal)(redmal-mmal)
101,AP234_RS14715;AP234_RS14710;AP234_RS14705;AP234_RS14720;AP234_RS14725,0.4560836382997274,0.48862290402253034,0.43439079448452556,C=CC=CC(C)C(O)C=CCCC(C)C(O)C(C)C(O)C(C)=CC(C)C(O)CCC(C)C(=O),(ccmal-ccmal)(ohmmal-ccmal-redmal)(ohmmal)(ohmmal-ccmmal-ohmmal)(redmal-mmal)
102,AP234_RS14705;AP234_RS14710;AP234_RS14725;AP234_RS14720;AP234_RS14715,0.45605622096130266,0.43193096968354705,0.4721397218131398,C(C)C(O)C(C)C(O)C=CCCCCC(C)C(=O)C(C)C(O)C(C)=CC(C)C(O)C=CC=C,(ohmmal)(ohmmal-ccmal-redmal)(redmal-mmal)(ohmmal-ccmmal-ohmmal)(ccmal-ccmal)
103,AP234_RS14715;AP234_RS14725;AP234_RS14705;AP234_RS14710;AP234_RS14720,0.45591029174547576,0.4103771135908847,0.4862657438485365,C=CC=CCCC(C)C(=O)C(C)C(O)C(C)C(O)C=CCCC(C)C(O)C(C)=CC(C)C(O),(ccmal-ccmal)(redmal-mmal)(ohmmal)(ohmmal-ccmal-redmal)(ohmmal-ccmmal-ohmmal)
104,AP234_RS14705;AP234_RS14715;AP234_RS14725;AP234_RS14720;AP234_RS14710,0.4551642411633678,0.5324936889423602,0.4036112759773729,C(C)C(O)C=CC=CCCC(C)C(=O)C(C)C(O)C(C)=CC(C)C(O)C(C)C(O)C=CCC,(ohmmal)(ccmal-ccmal)(redmal-mmal)(ohmmal-ccmmal-ohmmal)(ohmmal-ccmal-redmal)
105,AP234_RS14715;AP234_RS14720;AP234_RS14705;AP234_RS14710;AP234_RS14725,0.45474831047170255,0.4492014366643724,0.45844622634325605,C=CC=CC(C)C(O)C(C)=CC(C)C(O)C(C)C(O)C(C)C(O)C=CCCCCC(C)C(=O),(ccmal-ccmal)(ohmmal-ccmmal-ohmmal)(ohmmal)(ohmmal-ccmal-redmal)(redmal-mmal)
106,AP234_RS14715;AP234_RS14705;AP234_RS14720;AP234_RS14725;AP234_RS14710,0.45393682384995526,0.519268279375792,0.4103825201660641,C=CC=CC(C)C(O)C(C)C(O)C(C)=CC(C)C(O)CCC(C)C(=O)C(C)C(O)C=CCC,(ccmal-ccmal)(ohmmal)(ohmmal-ccmmal-ohmmal)(redmal-mmal)(ohmmal-ccmal-redmal)
107,AP234_RS14710;AP234_RS14705;AP234_RS14715;AP234_RS14720;AP234_RS14725,0.45380117309203016,0.5608321994871216,0.38244715549530267,C(C)C(O)C=CCCC(C)C(O)C=CC=CC(C)C(O)C(C)=CC(C)C(O)CCC(C)C(=O),(ohmmal-ccmal-redmal)(ohmmal)(ccmal-ccmal)(ohmmal-ccmmal-ohmmal)(redmal-mmal)
108,AP234_RS14705;AP234_RS14720;AP234_RS14725;AP234_RS14715;AP234_RS14710,0.4484559573636475,0.547542513850313,0.3823982530392039,C(C)C(O)C(C)C(O)C(C)=CC(C)C(O)CCC(C)C(=O)C=CC=CC(C)C(O)C=CCC,(ohmmal)(ohmmal-ccmmal-ohmmal)(redmal-mmal)(ccmal-ccmal)(ohmmal-ccmal-redmal)
109,AP234_RS14705;AP234_RS14710;AP234_RS14720;AP234_RS14725;AP234_RS14715,0.4484008223201237,0.47826940955449404,0.42848843083054344,C(C)C(O)C(C)C(O)C=CCCC(C)C(O)C(C)=CC(C)C(O)CCC(C)C(=O)C=CC=C,(ohmmal)(ohmmal-ccmal-redmal)(ohmmal-ccmmal-ohmmal)(redmal-mmal)(ccmal-ccmal)
110,AP234_RS14715;AP234_RS14710;AP234_RS14725;AP234_RS14705;AP234_RS14720,0.44586749449324836,0.47453648711254487,0.4267548327470507,C=CC=CC(C)C(O)C=CCCCCC(C)C(=O)C(C)C(O)C(C)C(O)C(C)=CC(C)C(O),(ccmal-ccmal)(ohmmal-ccmal-redmal)(redmal-mmal)(ohmmal)(ohmmal-ccmmal-ohmmal)
111,AP234_RS14710;AP234_RS14705;AP234_RS14715;AP234_RS14725;AP234_RS14720,0.44556595539235355,0.47172607066479855,0.4281258785440568,C(C)C(O)C=CCCC(C)C(O)C=CC=CCCC(C)C(=O)C(C)C(O)C(C)=CC(C)C(O),(ohmmal-ccmal-redmal)(ohmmal)(ccmal-ccmal)(redmal-mmal)(ohmmal-ccmmal-ohmmal)
112,AP234_RS14710;AP234_RS14725;AP234_RS14705;AP234_RS14715;AP234_RS14720,0.4435850292855511,0.5467457825771361,0.3748111937578278,C(C)C(O)C=CCCCCC(C)C(=O)C(C)C(O)C=CC=CC(C)C(O)C(C)=CC(C)C(O),(ohmmal-ccmal-redmal)(redmal-mmal)(ohmmal)(ccmal-ccmal)(ohmmal-ccmmal-ohmmal)
113,AP234_RS14705;AP234_RS14715;AP234_RS14710;AP234_RS14720;AP234_RS14725,0.4433643781743874,0.5606603974926763,0.36516703196219474,C(C)C(O)C=CC=CC(C)C(O)C=CCCC(C)C(O)C(C)=CC(C)C(O)CCC(C)C(=O),(ohmmal)(ccmal-ccmal)(ohmmal-ccmal-redmal)(ohmmal-ccmmal-ohmmal)(redmal-mmal)
114,AP234_RS14705;AP234_RS14715;AP234_RS14720;AP234_RS14725;AP234_RS14710,0.43903702438210424,0.6261616652923016,0.314287263775306,C(C)C(O)C=CC=CC(C)C(O)C(C)=CC(C)C(O)CCC(C)C(=O)C(C)C(O)C=CCC,(ohmmal)(ccmal-ccmal)(ohmmal-ccmmal-ohmmal)(redmal-mmal)(ohmmal-ccmal-redmal)
115,AP234_RS14715;AP234_RS14705;AP234_RS14710;AP234_RS14725;AP234_RS14720,0.4361932255241271,0.3823929736768775,0.4720600600889602,C=CC=CC(C)C(O)C(C)C(O)C=CCCCCC(C)C(=O)C(C)C(O)C(C)=CC(C)C(O),(ccmal-ccmal)(ohmmal)(ohmmal-ccmal-redmal)(redmal-mmal)(ohmmal-ccmmal-ohmmal)
116,AP234_RS14715;AP234_RS14725;AP234_RS14720;AP234_RS14705;AP234_RS14710,0.43440956543799236,0.3698830948593634,0.47742721249041165,C=CC=CCCC(C)C(=O)C(C)C(O)C(C)=CC(C)C(O)C(C)C(O)C(C)C(O)C=CCC,(ccmal-ccmal)(redmal-mmal)(ohmmal-ccmmal-ohmmal)(ohmmal)(ohmmal-ccmal-redmal)
117,AP234_RS14710;AP234_RS14720;AP234_RS14725;AP234_RS14705;AP234_RS14715,0.43332283549109724,0.5104741065979442,0.3818886547531993,C(C)C(O)C=CCCC(C)C(O)C(C)=CC(C)C(O)CCC(C)C(=O)C(C)C(O)C=CC=C,(ohmmal-ccmal-redmal)(ohmmal-ccmmal-ohmmal)(redmal-mmal)(ohmmal)(ccmal-ccmal)
118,AP234_RS14715;AP234_RS14720;AP234_RS14725;AP234_RS14705;AP234_RS14710,0.43186749857611123,0.4611106328305458,0.4123720757398215,C=CC=CC(C)C(O)C(C)=CC(C)C(O)CCC(C)C(=O)C(C)C(O)C(C)C(O)C=CCC,(ccmal-ccmal)(ohmmal-ccmmal-ohmmal)(redmal-mmal)(ohmmal)(ohmmal-ccmal-redmal)
119,AP234_RS14710;AP234_RS14725;AP234_RS14720;AP234_RS14705;AP234_RS14715,0.42392563651764736,0.46019230084910884,0.3997478602966731,C(C)C(O)C=CCCCCC(C)C(=O)C(C)C(O)C(C)=CC(C)C(O)C(C)C(O)C=CC=C,(ohmmal-ccmal-redmal)(redmal-mmal)(ohmmal-ccmmal-ohmmal)(ohmmal)(ccmal-ccmal)
120,AP234_RS14705;AP234_RS14715;AP234_RS14710;AP234_RS14725;AP234_RS14720,0.4231898946393797,0.5125000008927003,0.3636498238038327,C(C)C(O)C=CC=CC(C)C(O)C=CCCCCC(C)C(=O)C(C)C(O)C(C)=CC(C)C(O),(ohmmal)(ccmal-ccmal)(ohmmal-ccmal-redmal)(redmal-mmal)(ohmmal-ccmmal-ohmmal)
