PathwayID,Pathway,Score,Score2,Score3,ProductSMILES,Polymer
1,BI06_RS39060;BI06_RS39075;BI06_RS39070;BI06_RS39065,0.7446815290289797,0.7270806340015294,0.7564154590472797,C(C)C(O)C(C)C(=O)CC(O)C=CC(CC)C(O)C(C)C(O)C(C)CC([*])C(-O),(ohmmal)(mmal-ohmal)(ccmal-ohemal-ohmmal)(redmmal-pk)
2,BI06_RS39075;BI06_RS39070;BI06_RS39065;BI06_RS39060,0.7415807764592574,0.7381468085636637,0.7438700883896532,C(C)C(=O)CC(O)C=CC(CC)C(O)C(C)C(O)C(C)CC([*])C(-O)C(C)C(O),(mmal-ohmal)(ccmal-ohemal-ohmmal)(redmmal-pk)(ohmmal)
3,BI06_RS39070;BI06_RS39065;BI06_RS39075;BI06_RS39060,0.5637049164253034,0.4519523038712312,0.638206658128018,C=CC(CC)C(O)C(C)C(O)C(C)CC([*])C(-O)C(C)C(=O)CC(O)C(C)C(O),(ccmal-ohemal-ohmmal)(redmmal-pk)(mmal-ohmal)(ohmmal)
4,BI06_RS39075;BI06_RS39060;BI06_RS39070;BI06_RS39065,0.5625061123994102,0.4193934324868988,0.6579145656744176,C(C)C(=O)CC(O)C(C)C(O)C=CC(CC)C(O)C(C)C(O)C(C)CC([*])C(-O),(mmal-ohmal)(ohmmal)(ccmal-ohemal-ohmmal)(redmmal-pk)
5,BI06_RS39070;BI06_RS39065;BI06_RS39060;BI06_RS39075,0.5484211068215222,0.4734703481846098,0.5983882792461305,C=CC(CC)C(O)C(C)C(O)C(C)CC([*])C(-O)C(C)C(O)C(C)C(=O)CC(O),(ccmal-ohemal-ohmmal)(redmmal-pk)(ohmmal)(mmal-ohmal)
6,BI06_RS39065;BI06_RS39060;BI06_RS39075;BI06_RS39070,0.5353657670509674,0.47413333871607133,0.576187385940898,C(C)CC([*])C(-O)C(C)C(O)C(C)C(=O)CC(O)C=CC(CC)C(O)C(C)C(O),(redmmal-pk)(ohmmal)(mmal-ohmal)(ccmal-ohemal-ohmmal)
7,BI06_RS39065;BI06_RS39075;BI06_RS39070;BI06_RS39060,0.5336787324983495,0.46328135651360575,0.5806103164881786,C(C)CC([*])C(-O)C(C)C(=O)CC(O)C=CC(CC)C(O)C(C)C(O)C(C)C(O),(redmmal-pk)(mmal-ohmal)(ccmal-ohemal-ohmmal)(ohmmal)
8,BI06_RS39060;BI06_RS39070;BI06_RS39065;BI06_RS39075,0.5064181799896118,0.4010984604022525,0.5766313263811846,C(C)C(O)C=CC(CC)C(O)C(C)C(O)C(C)CC([*])C(-O)C(C)C(=O)CC(O),(ohmmal)(ccmal-ohemal-ohmmal)(redmmal-pk)(mmal-ohmal)
9,BI06_RS39075;BI06_RS39070;BI06_RS39060;BI06_RS39065,0.49003588476807186,0.4340005029552234,0.5273928059766375,C(C)C(=O)CC(O)C=CC(CC)C(O)C(C)C(O)C(C)C(O)C(C)CC([*])C(-O),(mmal-ohmal)(ccmal-ohemal-ohmmal)(ohmmal)(redmmal-pk)
10,BI06_RS39070;BI06_RS39060;BI06_RS39075;BI06_RS39065,0.45313165368716213,0.2927061057154437,0.5600820190016411,C=CC(CC)C(O)C(C)C(O)C(C)C(O)C(C)C(=O)CC(O)C(C)CC([*])C(-O),(ccmal-ohemal-ohmmal)(ohmmal)(mmal-ohmal)(redmmal-pk)
11,BI06_RS39060;BI06_RS39065;BI06_RS39075;BI06_RS39070,0.4509187965146726,0.4050394687596643,0.4815050150180115,C(C)C(O)C(C)CC([*])C(-O)C(C)C(=O)CC(O)C=CC(CC)C(O)C(C)C(O),(ohmmal)(redmmal-pk)(mmal-ohmal)(ccmal-ohemal-ohmmal)
12,BI06_RS39075;BI06_RS39065;BI06_RS39060;BI06_RS39070,0.4097150088381474,0.24225237469768635,0.521356764931788,C(C)C(=O)CC(O)C(C)CC([*])C(-O)C(C)C(O)C=CC(CC)C(O)C(C)C(O),(mmal-ohmal)(redmmal-pk)(ohmmal)(ccmal-ohemal-ohmmal)
13,BI06_RS39070;BI06_RS39075;BI06_RS39065;BI06_RS39060,0.388588178033544,0.2914919414745359,0.453319002406216,C=CC(CC)C(O)C(C)C(O)C(C)C(=O)CC(O)C(C)CC([*])C(-O)C(C)C(O),(ccmal-ohemal-ohmmal)(mmal-ohmal)(redmmal-pk)(ohmmal)
14,BI06_RS39075;BI06_RS39065;BI06_RS39070;BI06_RS39060,0.3750804773726368,0.23960876896693398,0.4653949496431052,C(C)C(=O)CC(O)C(C)CC([*])C(-O)C=CC(CC)C(O)C(C)C(O)C(C)C(O),(mmal-ohmal)(redmmal-pk)(ccmal-ohemal-ohmmal)(ohmmal)
15,BI06_RS39060;BI06_RS39070;BI06_RS39075;BI06_RS39065,0.3685376888895033,0.2334934746101239,0.4585671650757561,C(C)C(O)C=CC(CC)C(O)C(C)C(O)C(C)C(=O)CC(O)C(C)CC([*])C(-O),(ohmmal)(ccmal-ohemal-ohmmal)(mmal-ohmal)(redmmal-pk)
16,BI06_RS39060;BI06_RS39075;BI06_RS39065;BI06_RS39070,0.3579158268071072,0.22502115568932005,0.4465122742189653,C(C)C(O)C(C)C(=O)CC(O)C(C)CC([*])C(-O)C=CC(CC)C(O)C(C)C(O),(ohmmal)(mmal-ohmal)(redmmal-pk)(ccmal-ohemal-ohmmal)
17,BI06_RS39065;BI06_RS39075;BI06_RS39060;BI06_RS39070,0.33433866530325046,0.14100654172136112,0.46322674769117667,C(C)CC([*])C(-O)C(C)C(=O)CC(O)C(C)C(O)C=CC(CC)C(O)C(C)C(O),(redmmal-pk)(mmal-ohmal)(ohmmal)(ccmal-ohemal-ohmmal)
18,BI06_RS39065;BI06_RS39070;BI06_RS39060;BI06_RS39075,0.28442032423395863,0.15988098030398726,0.36744655352060623,C(C)CC([*])C(-O)C=CC(CC)C(O)C(C)C(O)C(C)C(O)C(C)C(=O)CC(O),(redmmal-pk)(ccmal-ohemal-ohmmal)(ohmmal)(mmal-ohmal)
19,BI06_RS39070;BI06_RS39060;BI06_RS39065;BI06_RS39075,0.274923777442467,0.15495062165822424,0.35490588129862893,C=CC(CC)C(O)C(C)C(O)C(C)C(O)C(C)CC([*])C(-O)C(C)C(=O)CC(O),(ccmal-ohemal-ohmmal)(ohmmal)(redmmal-pk)(mmal-ohmal)
20,BI06_RS39065;BI06_RS39060;BI06_RS39070;BI06_RS39075,0.27477678318110293,0.16483186050931148,0.34807339829563055,C(C)CC([*])C(-O)C(C)C(O)C=CC(CC)C(O)C(C)C(O)C(C)C(=O)CC(O),(redmmal-pk)(ohmmal)(ccmal-ohemal-ohmmal)(mmal-ohmal)
21,BI06_RS39070;BI06_RS39075;BI06_RS39060;BI06_RS39065,0.26956898676836943,0.16096525493982836,0.3419714746540634,C=CC(CC)C(O)C(C)C(O)C(C)C(=O)CC(O)C(C)C(O)C(C)CC([*])C(-O),(ccmal-ohemal-ohmmal)(mmal-ohmal)(ohmmal)(redmmal-pk)
22,BI06_RS39065;BI06_RS39070;BI06_RS39075;BI06_RS39060,0.2571130958719913,0.1515221926676462,0.32750703134155473,C(C)CC([*])C(-O)C=CC(CC)C(O)C(C)C(O)C(C)C(=O)CC(O)C(C)C(O),(redmmal-pk)(ccmal-ohemal-ohmmal)(mmal-ohmal)(ohmmal)
23,BI06_RS39075;BI06_RS39060;BI06_RS39065;BI06_RS39070,0.23579588297221035,0.10556064371674678,0.32261937580918615,C(C)C(=O)CC(O)C(C)C(O)C(C)CC([*])C(-O)C=CC(CC)C(O)C(C)C(O),(mmal-ohmal)(ohmmal)(redmmal-pk)(ccmal-ohemal-ohmmal)
24,BI06_RS39060;BI06_RS39065;BI06_RS39070;BI06_RS39075,0.15738231573191538,0.10394636702461764,0.19300628153678057,C(C)C(O)C(C)CC([*])C(-O)C=CC(CC)C(O)C(C)C(O)C(C)C(=O)CC(O),(ohmmal)(redmmal-pk)(ccmal-ohemal-ohmmal)(mmal-ohmal)
