PathwayID,Pathway,Score,Score2,Score3,ProductSMILES,Polymer
1,scnS0;scnS1;scnS2;scnS3;scnS4,0.7983346723624316,0.7267969912967562,0.8460264597395487,CC(=O)C=CC=CC=CCC(O)CC(O)CC(O)CC(O)C(C)C(O)CC(O)C=CC=CC=C,(X-mal)(ccmal-ccmal-ccmal-ohmal)(ohmal-ohmal-ohmal-ohmmal-ohmal-ccmal)(ccmal)(ccmal)
2,scnS1;scnS2;scnS3;scnS4;scnS0,0.7373011181785286,0.6464297096433896,0.7978820572019548,C=CC=CC=CCC(O)CC(O)CC(O)CC(O)C(C)C(O)CC(O)C=CC=CC=CCC(=O),(ccmal-ccmal-ccmal-ohmal)(ohmal-ohmal-ohmal-ohmmal-ohmal-ccmal)(ccmal)(ccmal)(X-mal)
3,scnS4;scnS0;scnS1;scnS2;scnS3,0.6989750130865269,0.6464297096433895,0.7340052153819517,C=CCC(=O)C=CC=CC=CCC(O)CC(O)CC(O)CC(O)C(C)C(O)CC(O)C=CC=C,(ccmal)(X-mal)(ccmal-ccmal-ccmal-ohmal)(ohmal-ohmal-ohmal-ohmmal-ohmal-ccmal)(ccmal)
4,scnS2;scnS3;scnS4;scnS0;scnS1,0.6908889275894305,0.6464297096433895,0.7205284062201244,CC(O)CC(O)CC(O)C(C)C(O)CC(O)C=CC=CC=CCC(=O)C=CC=CC=CCC(O),(ohmal-ohmal-ohmal-ohmmal-ohmal-ccmal)(ccmal)(ccmal)(X-mal)(ccmal-ccmal-ccmal-ohmal)
5,scnS3;scnS4;scnS0;scnS1;scnS2,0.6668562888551035,0.5569603045535299,0.7401202783894858,C=CC=CCC(=O)C=CC=CC=CCC(O)CC(O)CC(O)CC(O)C(C)C(O)CC(O)C=C,(ccmal)(ccmal)(X-mal)(ccmal-ccmal-ccmal-ohmal)(ohmal-ohmal-ohmal-ohmmal-ohmal-ccmal)
6,scnS1;scnS2;scnS3;scnS0;scnS4,0.6527791671527227,0.5489828379643537,0.7219767199449687,C=CC=CC=CCC(O)CC(O)CC(O)CC(O)C(C)C(O)CC(O)C=CC=CCC(=O)C=C,(ccmal-ccmal-ccmal-ohmal)(ohmal-ohmal-ohmal-ohmmal-ohmal-ccmal)(ccmal)(X-mal)(ccmal)
7,scnS1;scnS0;scnS2;scnS3;scnS4,0.6334986564721823,0.5324367407135684,0.700873266977925,C=CC=CC=CCC(O)CC(=O)CC(O)CC(O)CC(O)C(C)C(O)CC(O)C=CC=CC=C,(ccmal-ccmal-ccmal-ohmal)(X-mal)(ohmal-ohmal-ohmal-ohmmal-ohmal-ccmal)(ccmal)(ccmal)
8,scnS4;scnS1;scnS2;scnS3;scnS0,0.6171729713375105,0.45915213100041885,0.7225201982289049,C=CC=CC=CC=CCC(O)CC(O)CC(O)CC(O)C(C)C(O)CC(O)C=CC=CCC(=O),(ccmal)(ccmal-ccmal-ccmal-ohmal)(ohmal-ohmal-ohmal-ohmmal-ohmal-ccmal)(ccmal)(X-mal)
9,scnS0;scnS4;scnS1;scnS2;scnS3,0.6163077447937967,0.5663569238271429,0.6496082921048992,CC(=O)C=CC=CC=CC=CCC(O)CC(O)CC(O)CC(O)C(C)C(O)CC(O)C=CC=C,(X-mal)(ccmal)(ccmal-ccmal-ccmal-ohmal)(ohmal-ohmal-ohmal-ohmmal-ohmal-ccmal)(ccmal)
10,scnS0;scnS2;scnS3;scnS4;scnS1,0.6076279134610824,0.5498108265763576,0.6461726380508989,CC(=O)CC(O)CC(O)CC(O)C(C)C(O)CC(O)C=CC=CC=CC=CC=CC=CCC(O),(X-mal)(ohmal-ohmal-ohmal-ohmmal-ohmal-ccmal)(ccmal)(ccmal)(ccmal-ccmal-ccmal-ohmal)
11,scnS3;scnS4;scnS1;scnS2;scnS0,0.6024740468140918,0.420776076426185,0.7236060270726964,C=CC=CC=CC=CC=CCC(O)CC(O)CC(O)CC(O)C(C)C(O)CC(O)C=CCC(=O),(ccmal)(ccmal)(ccmal-ccmal-ccmal-ohmal)(ohmal-ohmal-ohmal-ohmmal-ohmal-ccmal)(X-mal)
12,scnS2;scnS3;scnS0;scnS1;scnS4,0.5993450881868143,0.558090562261546,0.6268481054703265,CC(O)CC(O)CC(O)C(C)C(O)CC(O)C=CC=CCC(=O)C=CC=CC=CCC(O)C=C,(ohmal-ohmal-ohmal-ohmmal-ohmal-ccmal)(ccmal)(X-mal)(ccmal-ccmal-ccmal-ohmal)(ccmal)
13,scnS2;scnS3;scnS4;scnS1;scnS0,0.598486206492588,0.45915213100041885,0.691375590154034,CC(O)CC(O)CC(O)C(C)C(O)CC(O)C=CC=CC=CC=CC=CC=CCC(O)CC(=O),(ohmal-ohmal-ohmal-ohmmal-ohmal-ccmal)(ccmal)(ccmal)(ccmal-ccmal-ccmal-ohmal)(X-mal)
14,scnS4;scnS2;scnS3;scnS0;scnS1,0.5865759241300064,0.4514230315700289,0.6766778525033246,C=CCC(O)CC(O)CC(O)C(C)C(O)CC(O)C=CC=CCC(=O)C=CC=CC=CCC(O),(ccmal)(ohmal-ohmal-ohmal-ohmmal-ohmal-ccmal)(ccmal)(X-mal)(ccmal-ccmal-ccmal-ohmal)
15,scnS0;scnS1;scnS4;scnS2;scnS3,0.5786888092094823,0.567735548693945,0.5859909828865071,CC(=O)C=CC=CC=CCC(O)C=CCC(O)CC(O)CC(O)C(C)C(O)CC(O)C=CC=C,(X-mal)(ccmal-ccmal-ccmal-ohmal)(ccmal)(ohmal-ohmal-ohmal-ohmmal-ohmal-ccmal)(ccmal)
16,scnS3;scnS4;scnS2;scnS0;scnS1,0.5718769996065876,0.413046976995795,0.6777636813471161,C=CC=CCC(O)CC(O)CC(O)C(C)C(O)CC(O)C=CCC(=O)C=CC=CC=CCC(O),(ccmal)(ccmal)(ohmal-ohmal-ohmal-ohmmal-ohmal-ccmal)(X-mal)(ccmal-ccmal-ccmal-ohmal)
17,scnS1;scnS2;scnS0;scnS3;scnS4,0.570367367148303,0.3936093384764372,0.688206052929547,C=CC=CC=CCC(O)CC(O)CC(O)CC(O)C(C)C(O)CC(O)C=CCC(=O)C=CC=C,(ccmal-ccmal-ccmal-ohmal)(ohmal-ohmal-ohmal-ohmmal-ohmal-ccmal)(X-mal)(ccmal)(ccmal)
18,scnS3;scnS0;scnS1;scnS2;scnS4,0.5472228265953398,0.34197729748462097,0.6840531793358191,C=CCC(=O)C=CC=CC=CCC(O)CC(O)CC(O)CC(O)C(C)C(O)CC(O)C=CC=C,(ccmal)(X-mal)(ccmal-ccmal-ccmal-ohmal)(ohmal-ohmal-ohmal-ohmmal-ohmal-ccmal)(ccmal)
19,scnS1;scnS4;scnS0;scnS2;scnS3,0.5368525616235795,0.568381976184118,0.5158329519165539,C=CC=CC=CCC(O)C=CCC(=O)CC(O)CC(O)CC(O)C(C)C(O)CC(O)C=CC=C,(ccmal-ccmal-ccmal-ohmal)(ccmal)(X-mal)(ohmal-ohmal-ohmal-ohmmal-ohmal-ccmal)(ccmal)
20,scnS3;scnS1;scnS2;scnS0;scnS4,0.5292264270334474,0.3735343734701649,0.633021129408969,C=CC=CC=CC=CCC(O)CC(O)CC(O)CC(O)C(C)C(O)CC(O)C=CCC(=O)C=C,(ccmal)(ccmal-ccmal-ccmal-ohmal)(ohmal-ohmal-ohmal-ohmmal-ohmal-ccmal)(X-mal)(ccmal)
21,scnS4;scnS0;scnS2;scnS3;scnS1,0.5273940528272454,0.45750652221981003,0.573985739898869,C=CCC(=O)CC(O)CC(O)CC(O)C(C)C(O)CC(O)C=CC=CC=CC=CC=CCC(O),(ccmal)(X-mal)(ohmal-ohmal-ohmal-ohmmal-ohmal-ccmal)(ccmal)(ccmal-ccmal-ccmal-ohmal)
22,scnS0;scnS2;scnS3;scnS1;scnS4,0.5273584053036278,0.5116768479175297,0.5378127768943597,CC(=O)CC(O)CC(O)CC(O)C(C)C(O)CC(O)C=CC=CC=CC=CC=CCC(O)C=C,(X-mal)(ohmal-ohmal-ohmal-ohmmal-ohmal-ccmal)(ccmal)(ccmal-ccmal-ccmal-ohmal)(ccmal)
23,scnS1;scnS4;scnS2;scnS3;scnS0,0.5255067224224856,0.4252260756143818,0.5923604869612215,C=CC=CC=CCC(O)C=CCC(O)CC(O)CC(O)C(C)C(O)CC(O)C=CC=CCC(=O),(ccmal-ccmal-ccmal-ohmal)(ccmal)(ohmal-ohmal-ohmal-ohmmal-ohmal-ccmal)(ccmal)(X-mal)
24,scnS2;scnS3;scnS1;scnS0;scnS4,0.5252385867119436,0.41191042804439876,0.6007906924903067,CC(O)CC(O)CC(O)C(C)C(O)CC(O)C=CC=CC=CC=CC=CCC(O)CC(=O)C=C,(ohmal-ohmal-ohmal-ohmmal-ohmal-ccmal)(ccmal)(ccmal-ccmal-ccmal-ohmal)(X-mal)(ccmal)
25,scnS3;scnS2;scnS0;scnS1;scnS4,0.523175653301114,0.39132478719898356,0.6110762307025345,C=CCC(O)CC(O)CC(O)C(C)C(O)CC(O)C=CCC(=O)C=CC=CC=CCC(O)C=C,(ccmal)(ohmal-ohmal-ohmal-ohmmal-ohmal-ccmal)(X-mal)(ccmal-ccmal-ccmal-ohmal)(ccmal)
26,scnS1;scnS0;scnS4;scnS2;scnS3,0.5219279314514698,0.4161183513171896,0.5924676515409899,C=CC=CC=CCC(O)CC(=O)C=CCC(O)CC(O)CC(O)C(C)C(O)CC(O)C=CC=C,(ccmal-ccmal-ccmal-ohmal)(X-mal)(ccmal)(ohmal-ohmal-ohmal-ohmmal-ohmal-ccmal)(ccmal)
27,scnS4;scnS3;scnS0;scnS1;scnS2,0.5210760545636131,0.36856694218331343,0.6227487961504795,C=CC=CCC(=O)C=CC=CC=CCC(O)CC(O)CC(O)CC(O)C(C)C(O)CC(O)C=C,(ccmal)(ccmal)(X-mal)(ccmal-ccmal-ccmal-ohmal)(ohmal-ohmal-ohmal-ohmmal-ohmal-ccmal)
28,scnS2;scnS3;scnS1;scnS4;scnS0,0.5209659102860531,0.4831603437677876,0.5461696212982301,CC(O)CC(O)CC(O)C(C)C(O)CC(O)C=CC=CC=CC=CC=CCC(O)C=CCC(=O),(ohmal-ohmal-ohmal-ohmmal-ohmal-ccmal)(ccmal)(ccmal-ccmal-ccmal-ohmal)(ccmal)(X-mal)
29,scnS2;scnS3;scnS0;scnS4;scnS1,0.5167134674177017,0.42384745074757957,0.5786241451977833,CC(O)CC(O)CC(O)C(C)C(O)CC(O)C=CC=CCC(=O)C=CC=CC=CC=CCC(O),(ohmal-ohmal-ohmal-ohmmal-ohmal-ccmal)(ccmal)(X-mal)(ccmal)(ccmal-ccmal-ccmal-ohmal)
30,scnS0;scnS3;scnS4;scnS1;scnS2,0.5164761450813723,0.3598900738236005,0.62086685925322,CC(=O)C=CC=CC=CC=CC=CCC(O)CC(O)CC(O)CC(O)C(C)C(O)CC(O)C=C,(X-mal)(ccmal)(ccmal)(ccmal-ccmal-ccmal-ohmal)(ohmal-ohmal-ohmal-ohmmal-ohmal-ccmal)
31,scnS0;scnS4;scnS2;scnS3;scnS1,0.5151829870824377,0.42155541447679784,0.577601368819531,CC(=O)C=CCC(O)CC(O)CC(O)C(C)C(O)CC(O)C=CC=CC=CC=CC=CCC(O),(X-mal)(ccmal)(ohmal-ohmal-ohmal-ohmmal-ohmal-ccmal)(ccmal)(ccmal-ccmal-ccmal-ohmal)
32,scnS4;scnS1;scnS0;scnS2;scnS3,0.5055190422342577,0.4073013534967943,0.5709975013925668,C=CC=CC=CC=CCC(O)CC(=O)CC(O)CC(O)CC(O)C(C)C(O)CC(O)C=CC=C,(ccmal)(ccmal-ccmal-ccmal-ohmal)(X-mal)(ohmal-ohmal-ohmal-ohmmal-ohmal-ccmal)(ccmal)
33,scnS4;scnS2;scnS3;scnS1;scnS0,0.5054475342783254,0.31435062165007394,0.632845476030493,C=CCC(O)CC(O)CC(O)C(C)C(O)CC(O)C=CC=CC=CC=CC=CCC(O)CC(=O),(ccmal)(ohmal-ohmal-ohmal-ohmmal-ohmal-ccmal)(ccmal)(ccmal-ccmal-ccmal-ohmal)(X-mal)
34,scnS2;scnS0;scnS1;scnS3;scnS4,0.49698811364085893,0.3978500359836641,0.5630801654123221,CC(O)CC(O)CC(O)C(C)C(O)CC(O)C=CCC(=O)C=CC=CC=CCC(O)C=CC=C,(ohmal-ohmal-ohmal-ohmmal-ohmal-ccmal)(X-mal)(ccmal-ccmal-ccmal-ohmal)(ccmal)(ccmal)
35,scnS3;scnS0;scnS4;scnS1;scnS2,0.4926808286833747,0.3343780456577199,0.5982160173671447,C=CCC(=O)C=CC=CC=CC=CCC(O)CC(O)CC(O)CC(O)C(C)C(O)CC(O)C=C,(ccmal)(X-mal)(ccmal)(ccmal-ccmal-ccmal-ohmal)(ohmal-ohmal-ohmal-ohmmal-ohmal-ccmal)
36,scnS0;scnS1;scnS2;scnS4;scnS3,0.48509931678594165,0.3582355996201644,0.5696751282297932,CC(=O)C=CC=CC=CCC(O)CC(O)CC(O)CC(O)C(C)C(O)CC(O)C=CC=CC=C,(X-mal)(ccmal-ccmal-ccmal-ohmal)(ohmal-ohmal-ohmal-ohmmal-ohmal-ccmal)(ccmal)(ccmal)
37,scnS1;scnS2;scnS0;scnS4;scnS3,0.4844485409409073,0.38435561244609995,0.5511771599374455,C=CC=CC=CCC(O)CC(O)CC(O)CC(O)C(C)C(O)CC(O)C=CCC(=O)C=CC=C,(ccmal-ccmal-ccmal-ohmal)(ohmal-ohmal-ohmal-ohmmal-ohmal-ccmal)(X-mal)(ccmal)(ccmal)
38,scnS3;scnS4;scnS1;scnS0;scnS2,0.47340031800283433,0.3178319484069346,0.5771125644001007,C=CC=CC=CC=CC=CCC(O)CC(=O)CC(O)CC(O)CC(O)C(C)C(O)CC(O)C=C,(ccmal)(ccmal)(ccmal-ccmal-ccmal-ohmal)(X-mal)(ohmal-ohmal-ohmal-ohmmal-ohmal-ccmal)
39,scnS3;scnS4;scnS0;scnS2;scnS1,0.4720258698743393,0.35207525902624054,0.5519929437730717,C=CC=CCC(=O)CC(O)CC(O)CC(O)C(C)C(O)CC(O)C=CC=CC=CC=CCC(O),(ccmal)(ccmal)(X-mal)(ohmal-ohmal-ohmal-ohmmal-ohmal-ccmal)(ccmal-ccmal-ccmal-ohmal)
40,scnS3;scnS2;scnS4;scnS0;scnS1,0.46981476333905553,0.275729768422489,0.5992047599500999,C=CCC(O)CC(O)CC(O)C(C)C(O)CC(O)C=CC=CCC(=O)C=CC=CC=CCC(O),(ccmal)(ohmal-ohmal-ohmal-ohmmal-ohmal-ccmal)(ccmal)(X-mal)(ccmal-ccmal-ccmal-ohmal)
41,scnS4;scnS3;scnS2;scnS0;scnS1,0.4689392584122399,0.29127057221061076,0.587385049213326,C=CC=CCC(O)CC(O)CC(O)C(C)C(O)CC(O)C=CCC(=O)C=CC=CC=CCC(O),(ccmal)(ccmal)(ohmal-ohmal-ohmal-ohmmal-ohmal-ccmal)(X-mal)(ccmal-ccmal-ccmal-ohmal)
42,scnS3;scnS1;scnS2;scnS4;scnS0,0.46884364869457873,0.26704707899086255,0.6033746951637228,C=CC=CC=CC=CCC(O)CC(O)CC(O)CC(O)C(C)C(O)CC(O)C=CC=CCC(=O),(ccmal)(ccmal-ccmal-ccmal-ohmal)(ohmal-ohmal-ohmal-ohmmal-ohmal-ccmal)(ccmal)(X-mal)
43,scnS4;scnS3;scnS1;scnS2;scnS0,0.46796814376776297,0.2825878827789843,0.5915549844269488,C=CC=CC=CC=CC=CCC(O)CC(O)CC(O)CC(O)C(C)C(O)CC(O)C=CCC(=O),(ccmal)(ccmal)(ccmal-ccmal-ccmal-ohmal)(ohmal-ohmal-ohmal-ohmmal-ohmal-ccmal)(X-mal)
44,scnS0;scnS1;scnS3;scnS4;scnS2,0.45891203495552213,0.3564016719004374,0.5272522769922453,CC(=O)C=CC=CC=CCC(O)C=CC=CCC(O)CC(O)CC(O)C(C)C(O)CC(O)C=C,(X-mal)(ccmal-ccmal-ccmal-ohmal)(ccmal)(ccmal)(ohmal-ohmal-ohmal-ohmmal-ohmal-ccmal)
45,scnS3;scnS0;scnS1;scnS4;scnS2,0.4550618930990604,0.3357566705245221,0.5345987081487524,C=CCC(=O)C=CC=CC=CCC(O)C=CCC(O)CC(O)CC(O)C(C)C(O)CC(O)C=C,(ccmal)(X-mal)(ccmal-ccmal-ccmal-ohmal)(ccmal)(ohmal-ohmal-ohmal-ohmmal-ohmal-ccmal)
46,scnS3;scnS4;scnS2;scnS1;scnS0,0.45007935132541926,0.20891935845650444,0.6108526799046958,C=CC=CCC(O)CC(O)CC(O)C(C)C(O)CC(O)C=CC=CC=CC=CCC(O)CC(=O),(ccmal)(ccmal)(ohmal-ohmal-ohmal-ohmmal-ohmal-ccmal)(ccmal-ccmal-ccmal-ohmal)(X-mal)
47,scnS0;scnS4;scnS3;scnS1;scnS2,0.4496831175160444,0.33869932509008244,0.5236723124666857,CC(=O)C=CC=CC=CC=CC=CCC(O)CC(O)CC(O)CC(O)C(C)C(O)CC(O)C=C,(X-mal)(ccmal)(ccmal)(ccmal-ccmal-ccmal-ohmal)(ohmal-ohmal-ohmal-ohmmal-ohmal-ccmal)
48,scnS0;scnS1;scnS4;scnS3;scnS2,0.4436323437837111,0.35648973881890106,0.5017274137602511,CC(=O)C=CC=CC=CCC(O)C=CC=CCC(O)CC(O)CC(O)C(C)C(O)CC(O)C=C,(X-mal)(ccmal-ccmal-ccmal-ohmal)(ccmal)(ccmal)(ohmal-ohmal-ohmal-ohmmal-ohmal-ccmal)
49,scnS4;scnS1;scnS2;scnS0;scnS3,0.4423877529103785,0.268473951259663,0.5583302873441888,C=CC=CC=CC=CCC(O)CC(O)CC(O)CC(O)C(C)C(O)CC(O)C=CCC(=O)C=C,(ccmal)(ccmal-ccmal-ccmal-ohmal)(ohmal-ohmal-ohmal-ohmmal-ohmal-ccmal)(X-mal)(ccmal)
50,scnS3;scnS2;scnS0;scnS4;scnS1,0.4405440325320016,0.25708167568501716,0.5628522704299912,C=CCC(O)CC(O)CC(O)C(C)C(O)CC(O)C=CCC(=O)C=CC=CC=CC=CCC(O),(ccmal)(ohmal-ohmal-ohmal-ohmmal-ohmal-ccmal)(X-mal)(ccmal)(ccmal-ccmal-ccmal-ohmal)
51,scnS4;scnS0;scnS3;scnS1;scnS2,0.4362422844475352,0.26758576946705304,0.5486799611011901,C=CCC(=O)C=CC=CC=CC=CCC(O)CC(O)CC(O)CC(O)C(C)C(O)CC(O)C=C,(ccmal)(X-mal)(ccmal)(ccmal-ccmal-ccmal-ohmal)(ohmal-ohmal-ohmal-ohmmal-ohmal-ccmal)
52,scnS2;scnS0;scnS3;scnS4;scnS1,0.43430166741328213,0.26847395125966306,0.5448534781823615,CC(O)CC(O)CC(O)C(C)C(O)CC(O)C=CCC(=O)C=CC=CC=CC=CC=CCC(O),(ohmal-ohmal-ohmal-ohmmal-ohmal-ccmal)(X-mal)(ccmal)(ccmal)(ccmal-ccmal-ccmal-ohmal)
53,scnS1;scnS2;scnS4;scnS3;scnS0,0.431917229998945,0.21572612654060108,0.5760446323045076,C=CC=CC=CCC(O)CC(O)CC(O)CC(O)C(C)C(O)CC(O)C=CC=CC=CCC(=O),(ccmal-ccmal-ccmal-ohmal)(ohmal-ohmal-ohmal-ohmmal-ohmal-ccmal)(ccmal)(ccmal)(X-mal)
54,scnS2;scnS0;scnS1;scnS4;scnS3,0.43101446197499893,0.39346333674329215,0.4560485454628034,CC(O)CC(O)CC(O)C(C)C(O)CC(O)C=CCC(=O)C=CC=CC=CCC(O)C=CC=C,(ohmal-ohmal-ohmal-ohmmal-ohmal-ccmal)(X-mal)(ccmal-ccmal-ccmal-ohmal)(ccmal)(ccmal)
55,scnS1;scnS3;scnS4;scnS2;scnS0,0.42314974787653026,0.2649855493365,0.5285925469032171,C=CC=CC=CCC(O)C=CC=CCC(O)CC(O)CC(O)C(C)C(O)CC(O)C=CCC(=O),(ccmal-ccmal-ccmal-ohmal)(ccmal)(ccmal)(ohmal-ohmal-ohmal-ohmmal-ohmal-ccmal)(X-mal)
56,scnS1;scnS0;scnS3;scnS4;scnS2,0.42209633173904537,0.2096515013136473,0.5637262186893106,C=CC=CC=CCC(O)CC(=O)C=CC=CCC(O)CC(O)CC(O)C(C)C(O)CC(O)C=C,(ccmal-ccmal-ccmal-ohmal)(X-mal)(ccmal)(ccmal)(ohmal-ohmal-ohmal-ohmmal-ohmal-ccmal)
57,scnS1;scnS2;scnS4;scnS0;scnS3,0.4176111703867221,0.2518173637442956,0.5281403748150063,C=CC=CC=CCC(O)CC(O)CC(O)CC(O)C(C)C(O)CC(O)C=CC=CCC(=O)C=C,(ccmal-ccmal-ccmal-ohmal)(ohmal-ohmal-ohmal-ohmmal-ohmal-ccmal)(ccmal)(X-mal)(ccmal)
58,scnS1;scnS3;scnS4;scnS0;scnS2,0.41707578736961937,0.3570480993906103,0.4570942460222921,C=CC=CC=CCC(O)C=CC=CCC(=O)CC(O)CC(O)CC(O)C(C)C(O)CC(O)C=C,(ccmal-ccmal-ccmal-ohmal)(ccmal)(ccmal)(X-mal)(ohmal-ohmal-ohmal-ohmmal-ohmal-ccmal)
59,scnS4;scnS0;scnS1;scnS3;scnS2,0.41024633617366624,0.28050915640590635,0.49673778935217283,C=CCC(=O)C=CC=CC=CCC(O)C=CCC(O)CC(O)CC(O)C(C)C(O)CC(O)C=C,(ccmal)(X-mal)(ccmal-ccmal-ccmal-ohmal)(ccmal)(ohmal-ohmal-ohmal-ohmmal-ohmal-ccmal)
60,scnS3;scnS2;scnS1;scnS0;scnS4,0.40839989339675586,0.17808944436250077,0.561940192752926,C=CCC(O)CC(O)CC(O)C(C)C(O)CC(O)C=CC=CC=CC=CCC(O)CC(=O)C=C,(ccmal)(ohmal-ohmal-ohmal-ohmmal-ohmal-ccmal)(ccmal-ccmal-ccmal-ohmal)(X-mal)(ccmal)
61,scnS0;scnS3;scnS1;scnS2;scnS4,0.4081170140667702,0.1951122354777073,0.5501201997928121,CC(=O)C=CC=CC=CC=CCC(O)CC(O)CC(O)CC(O)C(C)C(O)CC(O)C=CC=C,(X-mal)(ccmal)(ccmal-ccmal-ccmal-ohmal)(ohmal-ohmal-ohmal-ohmmal-ohmal-ccmal)(ccmal)
62,scnS1;scnS4;scnS3;scnS2;scnS0,0.4078700567047192,0.2650736162549637,0.5030676836712229,C=CC=CC=CCC(O)C=CC=CCC(O)CC(O)CC(O)C(C)C(O)CC(O)C=CCC(=O),(ccmal-ccmal-ccmal-ohmal)(ccmal)(ccmal)(ohmal-ohmal-ohmal-ohmmal-ohmal-ccmal)(X-mal)
63,scnS3;scnS2;scnS1;scnS4;scnS0,0.4041272169708654,0.24933936008588956,0.5073191215608494,C=CCC(O)CC(O)CC(O)C(C)C(O)CC(O)C=CC=CC=CC=CCC(O)C=CCC(=O),(ccmal)(ohmal-ohmal-ohmal-ohmmal-ohmal-ccmal)(ccmal-ccmal-ccmal-ohmal)(ccmal)(X-mal)
64,scnS2;scnS1;scnS0;scnS3;scnS4,0.40215752827803647,0.18948171993714666,0.5439414005052963,CC(O)CC(O)CC(O)C(C)C(O)CC(O)C=CC=CC=CC=CCC(O)CC(=O)C=CC=C,(ohmal-ohmal-ohmal-ohmmal-ohmal-ccmal)(ccmal-ccmal-ccmal-ohmal)(X-mal)(ccmal)(ccmal)
65,scnS3;scnS1;scnS4;scnS2;scnS0,0.4019539823032102,0.24977761112019298,0.5034048964252218,C=CC=CC=CC=CCC(O)C=CCC(O)CC(O)CC(O)C(C)C(O)CC(O)C=CCC(=O),(ccmal)(ccmal-ccmal-ccmal-ohmal)(ccmal)(ohmal-ohmal-ohmal-ohmmal-ohmal-ccmal)(X-mal)
66,scnS3;scnS1;scnS4;scnS0;scnS2,0.39588002179629944,0.3418401611743033,0.4319065955442968,C=CC=CC=CC=CCC(O)C=CCC(=O)CC(O)CC(O)CC(O)C(C)C(O)CC(O)C=C,(ccmal)(ccmal-ccmal-ccmal-ohmal)(ccmal)(X-mal)(ohmal-ohmal-ohmal-ohmmal-ohmal-ccmal)
67,scnS0;scnS3;scnS4;scnS2;scnS1,0.3921019286485306,0.19912670636954577,0.5207520768345204,CC(=O)C=CC=CCC(O)CC(O)CC(O)C(C)C(O)CC(O)C=CC=CC=CC=CCC(O),(X-mal)(ccmal)(ccmal)(ohmal-ohmal-ohmal-ohmmal-ohmal-ccmal)(ccmal-ccmal-ccmal-ohmal)
68,scnS1;scnS0;scnS4;scnS3;scnS2,0.38687146602569855,0.20487254144214567,0.5082040824147338,C=CC=CC=CCC(O)CC(=O)C=CC=CCC(O)CC(O)CC(O)C(C)C(O)CC(O)C=C,(ccmal-ccmal-ccmal-ohmal)(X-mal)(ccmal)(ccmal)(ohmal-ohmal-ohmal-ohmmal-ohmal-ccmal)
69,scnS2;scnS4;scnS3;scnS0;scnS1,0.38550503940984676,0.21572612654060108,0.4986909813226772,CC(O)CC(O)CC(O)C(C)C(O)CC(O)C=CC=CC=CCC(=O)C=CC=CC=CCC(O),(ohmal-ohmal-ohmal-ohmmal-ohmal-ccmal)(ccmal)(ccmal)(X-mal)(ccmal-ccmal-ccmal-ohmal)
70,scnS4;scnS2;scnS0;scnS1;scnS3,0.3848236427845284,0.2649855493365,0.464715705083214,C=CCC(O)CC(O)CC(O)C(C)C(O)CC(O)C=CCC(=O)C=CC=CC=CCC(O)C=C,(ccmal)(ohmal-ohmal-ohmal-ohmmal-ohmal-ccmal)(X-mal)(ccmal-ccmal-ccmal-ohmal)(ccmal)
71,scnS0;scnS2;scnS1;scnS3;scnS4,0.3843321723281849,0.2843811130203122,0.45096621186676666,CC(=O)CC(O)CC(O)CC(O)C(C)C(O)CC(O)C=CC=CC=CC=CCC(O)C=CC=C,(X-mal)(ohmal-ohmal-ohmal-ohmmal-ohmal-ccmal)(ccmal-ccmal-ccmal-ohmal)(ccmal)(ccmal)
72,scnS0;scnS1;scnS3;scnS2;scnS4,0.3821210657929012,0.20803562241656065,0.4981780280437949,CC(=O)C=CC=CC=CCC(O)C=CCC(O)CC(O)CC(O)C(C)C(O)CC(O)C=CC=C,(X-mal)(ccmal-ccmal-ccmal-ohmal)(ccmal)(ohmal-ohmal-ohmal-ohmmal-ohmal-ccmal)(ccmal)
73,scnS1;scnS3;scnS2;scnS0;scnS4,0.38147028994786686,0.23415563524249627,0.47968005975144734,C=CC=CC=CCC(O)C=CCC(O)CC(O)CC(O)C(C)C(O)CC(O)C=CCC(=O)C=C,(ccmal-ccmal-ccmal-ohmal)(ccmal)(ohmal-ohmal-ohmal-ohmmal-ohmal-ccmal)(X-mal)(ccmal)
74,scnS3;scnS1;scnS0;scnS4;scnS2,0.38095539162418957,0.18957653630737492,0.5085412951687327,C=CC=CC=CC=CCC(O)CC(=O)C=CCC(O)CC(O)CC(O)C(C)C(O)CC(O)C=C,(ccmal)(ccmal-ccmal-ccmal-ohmal)(X-mal)(ccmal)(ohmal-ohmal-ohmal-ohmmal-ohmal-ccmal)
75,scnS3;scnS0;scnS2;scnS1;scnS4,0.38048203047172313,0.2637361116443969,0.4583126430232738,C=CCC(=O)CC(O)CC(O)CC(O)C(C)C(O)CC(O)C=CC=CC=CC=CCC(O)C=C,(ccmal)(X-mal)(ohmal-ohmal-ohmal-ohmmal-ohmal-ccmal)(ccmal-ccmal-ccmal-ohmal)(ccmal)
76,scnS2;scnS1;scnS3;scnS4;scnS0,0.3779396773106103,0.25586460887057005,0.4593230562706371,CC(O)CC(O)CC(O)C(C)C(O)CC(O)C=CC=CC=CC=CCC(O)C=CC=CCC(=O),(ohmal-ohmal-ohmal-ohmmal-ohmal-ccmal)(ccmal-ccmal-ccmal-ohmal)(ccmal)(ccmal)(X-mal)
77,scnS3;scnS2;scnS4;scnS1;scnS0,0.37741204224221314,0.08845218977951827,0.5700519438840096,C=CCC(O)CC(O)CC(O)C(C)C(O)CC(O)C=CC=CC=CC=CC=CCC(O)CC(=O),(ccmal)(ohmal-ohmal-ohmal-ohmmal-ohmal-ccmal)(ccmal)(ccmal-ccmal-ccmal-ohmal)(X-mal)
78,scnS1;scnS4;scnS0;scnS3;scnS2,0.37614419738449145,0.25007150294303243,0.46019266034546413,C=CC=CC=CCC(O)C=CCC(=O)C=CCC(O)CC(O)CC(O)C(C)C(O)CC(O)C=C,(ccmal-ccmal-ccmal-ohmal)(ccmal)(X-mal)(ccmal)(ohmal-ohmal-ohmal-ohmmal-ohmal-ccmal)
79,scnS3;scnS0;scnS4;scnS2;scnS1,0.368306612250533,0.17361467820366516,0.49810123494844494,C=CCC(=O)C=CCC(O)CC(O)CC(O)C(C)C(O)CC(O)C=CC=CC=CC=CCC(O),(ccmal)(X-mal)(ccmal)(ohmal-ohmal-ohmal-ohmmal-ohmal-ccmal)(ccmal-ccmal-ccmal-ohmal)
80,scnS2;scnS0;scnS4;scnS3;scnS1,0.36750863984795423,0.247283202526145,0.44765893139582713,CC(O)CC(O)CC(O)C(C)C(O)CC(O)C=CCC(=O)C=CC=CC=CC=CC=CCC(O),(ohmal-ohmal-ohmal-ohmmal-ohmal-ccmal)(X-mal)(ccmal)(ccmal)(ccmal-ccmal-ccmal-ohmal)
81,scnS3;scnS1;scnS0;scnS2;scnS4,0.3650411869882323,0.15305411006104142,0.5063659049396928,C=CC=CC=CC=CCC(O)CC(=O)CC(O)CC(O)CC(O)C(C)C(O)CC(O)C=CC=C,(ccmal)(ccmal-ccmal-ccmal-ohmal)(X-mal)(ohmal-ohmal-ohmal-ohmmal-ohmal-ccmal)(ccmal)
82,scnS1;scnS4;scnS3;scnS0;scnS2,0.35895360310066576,0.29051920872404186,0.40457653268508165,C=CC=CC=CCC(O)C=CC=CCC(=O)CC(O)CC(O)CC(O)C(C)C(O)CC(O)C=C,(ccmal-ccmal-ccmal-ohmal)(ccmal)(ccmal)(X-mal)(ohmal-ohmal-ohmal-ohmmal-ohmal-ccmal)
83,scnS0;scnS4;scnS3;scnS2;scnS1,0.3568770629351838,0.19434774649804412,0.4652299405599436,CC(=O)C=CC=CCC(O)CC(O)CC(O)C(C)C(O)CC(O)C=CC=CC=CC=CCC(O),(X-mal)(ccmal)(ccmal)(ohmal-ohmal-ohmal-ohmmal-ohmal-ccmal)(ccmal-ccmal-ccmal-ohmal)
84,scnS3;scnS0;scnS2;scnS4;scnS1,0.3565160676939906,0.16499113276422223,0.48419935764716937,C=CCC(=O)CC(O)CC(O)CC(O)C(C)C(O)CC(O)C=CC=CC=CC=CC=CCC(O),(ccmal)(X-mal)(ohmal-ohmal-ohmal-ohmmal-ohmal-ccmal)(ccmal)(ccmal-ccmal-ccmal-ohmal)
85,scnS2;scnS0;scnS3;scnS1;scnS4,0.3540321592558274,0.2303399726008352,0.4364936170258223,CC(O)CC(O)CC(O)C(C)C(O)CC(O)C=CCC(=O)C=CC=CC=CC=CCC(O)C=C,(ohmal-ohmal-ohmal-ohmmal-ohmal-ccmal)(X-mal)(ccmal)(ccmal-ccmal-ccmal-ohmal)(ccmal)
86,scnS1;scnS4;scnS2;scnS0;scnS3,0.3507215039953537,0.23454789587362604,0.4281705760765053,C=CC=CC=CCC(O)C=CCC(O)CC(O)CC(O)C(C)C(O)CC(O)C=CCC(=O)C=C,(ccmal-ccmal-ccmal-ohmal)(ccmal)(ohmal-ohmal-ohmal-ohmmal-ohmal-ccmal)(X-mal)(ccmal)
87,scnS4;scnS3;scnS2;scnS1;scnS0,0.34714161013107153,0.0871429536713202,0.5204740477709057,C=CC=CCC(O)CC(O)CC(O)C(C)C(O)CC(O)C=CC=CC=CC=CCC(O)CC(=O),(ccmal)(ccmal)(ohmal-ohmal-ohmal-ohmmal-ohmal-ccmal)(ccmal-ccmal-ccmal-ohmal)(X-mal)
88,scnS4;scnS1;scnS3;scnS2;scnS0,0.3458640941326546,0.14432492827856142,0.48022353803538353,C=CC=CC=CC=CCC(O)C=CCC(O)CC(O)CC(O)C(C)C(O)CC(O)C=CCC(=O),(ccmal)(ccmal-ccmal-ccmal-ohmal)(ccmal)(ohmal-ohmal-ohmal-ohmmal-ohmal-ccmal)(X-mal)
89,scnS1;scnS0;scnS3;scnS2;scnS4,0.34530536257642436,0.061285451829770535,0.5346519697408603,C=CC=CC=CCC(O)CC(=O)C=CCC(O)CC(O)CC(O)C(C)C(O)CC(O)C=CC=C,(ccmal-ccmal-ccmal-ohmal)(X-mal)(ccmal)(ohmal-ohmal-ohmal-ohmmal-ohmal-ccmal)(ccmal)
90,scnS4;scnS1;scnS0;scnS3;scnS2,0.34481067799516973,0.08899088025570875,0.515357209821477,C=CC=CC=CC=CCC(O)CC(=O)C=CCC(O)CC(O)CC(O)C(C)C(O)CC(O)C=C,(ccmal)(ccmal-ccmal-ccmal-ohmal)(X-mal)(ccmal)(ohmal-ohmal-ohmal-ohmmal-ohmal-ccmal)
91,scnS2;scnS4;scnS0;scnS1;scnS3,0.34423191687927784,0.2560580612515225,0.40301448729778144,CC(O)CC(O)CC(O)C(C)C(O)CC(O)C=CC=CCC(=O)C=CC=CC=CCC(O)C=C,(ohmal-ohmal-ohmal-ohmmal-ohmal-ccmal)(ccmal)(X-mal)(ccmal-ccmal-ccmal-ohmal)(ccmal)
92,scnS4;scnS0;scnS3;scnS2;scnS1,0.3434362298666746,0.12323419087501473,0.49023758919444793,C=CCC(=O)C=CCC(O)CC(O)CC(O)C(C)C(O)CC(O)C=CC=CC=CC=CCC(O),(ccmal)(X-mal)(ccmal)(ohmal-ohmal-ohmal-ohmmal-ohmal-ccmal)(ccmal-ccmal-ccmal-ohmal)
93,scnS0;scnS3;scnS2;scnS1;scnS4,0.3434005823430569,0.17740451657273434,0.4540646261899387,CC(=O)C=CCC(O)CC(O)CC(O)C(C)C(O)CC(O)C=CC=CC=CC=CCC(O)C=C,(X-mal)(ccmal)(ohmal-ohmal-ohmal-ohmmal-ohmal-ccmal)(ccmal-ccmal-ccmal-ohmal)(ccmal)
94,scnS4;scnS2;scnS0;scnS3;scnS1,0.3412629951990195,0.12367244190931814,0.4863233640588204,C=CCC(O)CC(O)CC(O)C(C)C(O)CC(O)C=CCC(=O)C=CC=CC=CC=CCC(O),(ccmal)(ohmal-ohmal-ohmal-ohmmal-ohmal-ccmal)(X-mal)(ccmal)(ccmal-ccmal-ccmal-ohmal)
95,scnS4;scnS3;scnS1;scnS0;scnS2,0.3388944149565055,0.17964375475973393,0.4450615217543532,C=CC=CC=CC=CC=CCC(O)CC(=O)CC(O)CC(O)CC(O)C(C)C(O)CC(O)C=C,(ccmal)(ccmal)(ccmal-ccmal-ccmal-ohmal)(X-mal)(ohmal-ohmal-ohmal-ohmmal-ohmal-ccmal)
96,scnS0;scnS4;scnS1;scnS3;scnS2,0.32757906788093605,0.20043637058965957,0.41234086607512044,CC(=O)C=CC=CC=CC=CCC(O)C=CCC(O)CC(O)CC(O)C(C)C(O)CC(O)C=C,(X-mal)(ccmal)(ccmal-ccmal-ccmal-ohmal)(ccmal)(ohmal-ohmal-ohmal-ohmmal-ohmal-ccmal)
97,scnS4;scnS3;scnS0;scnS2;scnS1,0.3262456355828489,0.16368189665602412,0.43462146153406545,C=CC=CCC(=O)CC(O)CC(O)CC(O)C(C)C(O)CC(O)C=CC=CC=CC=CCC(O),(ccmal)(ccmal)(X-mal)(ohmal-ohmal-ohmal-ohmmal-ohmal-ccmal)(ccmal-ccmal-ccmal-ohmal)
98,scnS1;scnS3;scnS2;scnS4;scnS0,0.3210875116089982,0.12766834076319394,0.45003362550620096,C=CC=CC=CCC(O)C=CCC(O)CC(O)CC(O)C(C)C(O)CC(O)C=CC=CCC(=O),(ccmal-ccmal-ccmal-ohmal)(ccmal)(ohmal-ohmal-ohmal-ohmmal-ohmal-ccmal)(ccmal)(X-mal)
99,scnS1;scnS0;scnS2;scnS4;scnS3,0.32026330089569227,0.16387534903697654,0.4245219354681694,C=CC=CC=CCC(O)CC(=O)CC(O)CC(O)CC(O)C(C)C(O)CC(O)C=CC=CC=C,(ccmal-ccmal-ccmal-ohmal)(X-mal)(ohmal-ohmal-ohmal-ohmmal-ohmal-ccmal)(ccmal)(ccmal)
100,scnS2;scnS1;scnS4;scnS3;scnS0,0.31981749304165663,0.18933571820400164,0.4068053429334265,CC(O)CC(O)CC(O)C(C)C(O)CC(O)C=CC=CC=CC=CCC(O)C=CC=CCC(=O),(ohmal-ohmal-ohmal-ohmmal-ohmal-ccmal)(ccmal-ccmal-ccmal-ohmal)(ccmal)(ccmal)(X-mal)
101,scnS0;scnS3;scnS2;scnS4;scnS1,0.3194346195653244,0.07865953769255962,0.4799513408138343,CC(=O)C=CCC(O)CC(O)CC(O)C(C)C(O)CC(O)C=CC=CC=CC=CC=CCC(O),(X-mal)(ccmal)(ohmal-ohmal-ohmal-ohmmal-ohmal-ccmal)(ccmal)(ccmal-ccmal-ccmal-ohmal)
102,scnS0;scnS2;scnS1;scnS4;scnS3,0.31835852066232484,0.27999441377994033,0.3439345919172479,CC(=O)CC(O)CC(O)CC(O)C(C)C(O)CC(O)C=CC=CC=CC=CCC(O)C=CC=C,(X-mal)(ohmal-ohmal-ohmal-ohmmal-ohmal-ccmal)(ccmal-ccmal-ccmal-ohmal)(ccmal)(ccmal)
103,scnS2;scnS1;scnS0;scnS4;scnS3,0.3162387020706407,0.1802279939068094,0.4069125075131949,CC(O)CC(O)CC(O)C(C)C(O)CC(O)C=CC=CC=CC=CCC(O)CC(=O)C=CC=C,(ohmal-ohmal-ohmal-ohmmal-ohmal-ccmal)(ccmal-ccmal-ccmal-ohmal)(X-mal)(ccmal)(ccmal)
104,scnS0;scnS3;scnS1;scnS4;scnS2,0.3159560805704907,0.18889160851760856,0.40066572860574545,CC(=O)C=CC=CC=CC=CCC(O)C=CCC(O)CC(O)CC(O)C(C)C(O)CC(O)C=C,(X-mal)(ccmal)(ccmal-ccmal-ccmal-ohmal)(ccmal)(ohmal-ohmal-ohmal-ohmmal-ohmal-ccmal)
105,scnS2;scnS0;scnS4;scnS1;scnS3,0.31496118607222384,0.2374099685140506,0.3666619977776727,CC(O)CC(O)CC(O)C(C)C(O)CC(O)C=CCC(=O)C=CC=CC=CC=CCC(O)C=C,(ohmal-ohmal-ohmal-ohmmal-ohmal-ccmal)(X-mal)(ccmal)(ccmal-ccmal-ccmal-ohmal)(ccmal)
106,scnS0;scnS2;scnS4;scnS3;scnS1,0.31351835652666016,0.16931241219658483,0.4096556527467104,CC(=O)CC(O)CC(O)CC(O)C(C)C(O)CC(O)C=CC=CC=CC=CC=CC=CCC(O),(X-mal)(ohmal-ohmal-ohmal-ohmmal-ohmal-ccmal)(ccmal)(ccmal)(ccmal-ccmal-ccmal-ohmal)
107,scnS1;scnS3;scnS0;scnS4;scnS2,0.3133565297458132,0.17858751856803484,0.40320253719766536,C=CC=CC=CCC(O)C=CCC(=O)C=CCC(O)CC(O)CC(O)C(C)C(O)CC(O)C=C,(ccmal-ccmal-ccmal-ohmal)(ccmal)(X-mal)(ccmal)(ohmal-ohmal-ohmal-ohmmal-ohmal-ccmal)
108,scnS2;scnS1;scnS4;scnS0;scnS3,0.30551143342943365,0.22542695540769617,0.35890108544392524,CC(O)CC(O)CC(O)C(C)C(O)CC(O)C=CC=CC=CC=CCC(O)C=CCC(=O)C=C,(ohmal-ohmal-ohmal-ohmmal-ohmal-ccmal)(ccmal-ccmal-ccmal-ohmal)(ccmal)(X-mal)(ccmal)
109,scnS2;scnS4;scnS3;scnS1;scnS0,0.3043766495581658,0.07865371662064613,0.4548586048498455,CC(O)CC(O)CC(O)C(C)C(O)CC(O)C=CC=CC=CC=CC=CC=CCC(O)CC(=O),(ohmal-ohmal-ohmal-ohmmal-ohmal-ccmal)(ccmal)(ccmal)(ccmal-ccmal-ccmal-ohmal)(X-mal)
110,scnS2;scnS4;scnS0;scnS3;scnS1,0.300671269293769,0.11474495382434066,0.4246221462733878,CC(O)CC(O)CC(O)C(C)C(O)CC(O)C=CC=CCC(=O)C=CC=CC=CC=CCC(O),(ohmal-ohmal-ohmal-ohmmal-ohmal-ccmal)(ccmal)(X-mal)(ccmal)(ccmal-ccmal-ccmal-ohmal)
111,scnS1;scnS3;scnS0;scnS2;scnS4,0.29744232510985585,0.14206509232170134,0.40102714696862546,C=CC=CC=CCC(O)C=CCC(=O)CC(O)CC(O)CC(O)C(C)C(O)CC(O)C=CC=C,(ccmal-ccmal-ccmal-ohmal)(ccmal)(X-mal)(ohmal-ohmal-ohmal-ohmmal-ohmal-ccmal)(ccmal)
112,scnS4;scnS1;scnS3;scnS0;scnS2,0.29694764052860123,0.16977052074763954,0.3817323870492423,C=CC=CC=CC=CCC(O)C=CCC(=O)CC(O)CC(O)CC(O)C(C)C(O)CC(O)C=C,(ccmal)(ccmal-ccmal-ccmal-ohmal)(ccmal)(X-mal)(ohmal-ohmal-ohmal-ohmmal-ohmal-ccmal)
113,scnS2;scnS1;scnS3;scnS0;scnS4,0.2934177262848043,0.15841773719153424,0.38341771901365096,CC(O)CC(O)CC(O)C(C)C(O)CC(O)C=CC=CC=CC=CCC(O)C=CCC(=O)C=C,(ohmal-ohmal-ohmal-ohmmal-ohmal-ccmal)(ccmal-ccmal-ccmal-ohmal)(ccmal)(X-mal)(ccmal)
114,scnS4;scnS2;scnS1;scnS0;scnS3,0.28999305742170595,0.05661723328998255,0.4455769401761882,C=CCC(O)CC(O)CC(O)C(C)C(O)CC(O)C=CC=CC=CC=CCC(O)CC(=O)C=C,(ccmal)(ohmal-ohmal-ohmal-ohmmal-ohmal-ccmal)(ccmal-ccmal-ccmal-ohmal)(X-mal)(ccmal)
115,scnS4;scnS0;scnS2;scnS1;scnS3,0.28497251305228005,0.2040138313669455,0.3389449675091697,C=CCC(=O)CC(O)CC(O)CC(O)C(C)C(O)CC(O)C=CC=CC=CC=CCC(O)C=C,(ccmal)(X-mal)(ohmal-ohmal-ohmal-ohmmal-ohmal-ccmal)(ccmal-ccmal-ccmal-ohmal)(ccmal)
116,scnS2;scnS4;scnS1;scnS0;scnS3,0.27879625870078134,0.0645397851013249,0.4216339077670856,CC(O)CC(O)CC(O)C(C)C(O)CC(O)C=CC=CC=CC=CC=CCC(O)CC(=O)C=C,(ohmal-ohmal-ohmal-ohmmal-ohmal-ccmal)(ccmal)(ccmal-ccmal-ccmal-ohmal)(X-mal)(ccmal)
117,scnS4;scnS2;scnS1;scnS3;scnS0,0.2736266738511861,0.06085793079720941,0.4154725025538373,C=CCC(O)CC(O)CC(O)C(C)C(O)CC(O)C=CC=CC=CC=CCC(O)C=CCC(=O),(ccmal)(ohmal-ohmal-ohmal-ohmmal-ohmal-ccmal)(ccmal-ccmal-ccmal-ohmal)(ccmal)(X-mal)
118,scnS0;scnS4;scnS2;scnS1;scnS3,0.2727614473074723,0.16806272362393335,0.3425605964298316,CC(=O)C=CCC(O)CC(O)CC(O)C(C)C(O)CC(O)C=CC=CC=CC=CCC(O)C=C,(X-mal)(ccmal)(ohmal-ohmal-ohmal-ohmmal-ohmal-ccmal)(ccmal-ccmal-ccmal-ohmal)(ccmal)
119,scnS2;scnS4;scnS1;scnS3;scnS0,0.2624298751302615,0.06878048260855174,0.39152947014473466,CC(O)CC(O)CC(O)C(C)C(O)CC(O)C=CC=CC=CC=CC=CCC(O)C=CCC(=O),(ohmal-ohmal-ohmal-ohmmal-ohmal-ccmal)(ccmal)(ccmal-ccmal-ccmal-ohmal)(ccmal)(X-mal)
120,scnS0;scnS2;scnS4;scnS1;scnS3,0.2609709027509298,0.15943917818449044,0.328658719128556,CC(=O)CC(O)CC(O)CC(O)C(C)C(O)CC(O)C=CC=CC=CC=CC=CCC(O)C=C,(X-mal)(ohmal-ohmal-ohmal-ohmmal-ohmal-ccmal)(ccmal)(ccmal-ccmal-ccmal-ohmal)(ccmal)
