PathwayID,Pathway,Score,Score2,Score3,ProductSMILES,Polymer
1,gerSIII;gerSIV;gerSV;gerSI;gerSII,0.7809293751625075,0.8167180672962261,0.7570702470733618,C(C)C(O)C(C)CC(C)C(O)CC(=O)C([*])C(-O)C(C)C(O)C([*])C(-O)C=C,(ohmmal-redmmal)(ohmmal)(mal)(pk-ohmmal-pk)(ccmal)
2,gerSI;gerSII;gerSIII;gerSIV;gerSV,0.7732423153294554,0.8394886777258128,0.7290780737318839,C([*])C(-O)C(C)C(O)C([*])C(-O)C=CC(C)C(O)C(C)CC(C)C(O)CC(=O),(pk-ohmmal-pk)(ccmal)(ohmmal-redmmal)(ohmmal)(mal)
3,gerSII;gerSIII;gerSIV;gerSV;gerSI,0.670999789435347,0.6595009458242798,0.6786656851760584,C=CC(C)C(O)C(C)CC(C)C(O)CC(=O)C([*])C(-O)C(C)C(O)C([*])C(-O),(ccmal)(ohmmal-redmmal)(ohmmal)(mal)(pk-ohmmal-pk)
4,gerSIV;gerSV;gerSI;gerSII;gerSIII,0.6471498502795583,0.6595009458242798,0.6389157865830772,C(C)C(O)CC(=O)C([*])C(-O)C(C)C(O)C([*])C(-O)C=CC(C)C(O)C(C)C,(ohmmal)(mal)(pk-ohmmal-pk)(ccmal)(ohmmal-redmmal)
5,gerSV;gerSI;gerSII;gerSIII;gerSIV,0.6373094054916054,0.6595009458242798,0.6225150452698225,CC(=O)C([*])C(-O)C(C)C(O)C([*])C(-O)C=CC(C)C(O)C(C)CC(C)C(O),(mal)(pk-ohmmal-pk)(ccmal)(ohmmal-redmmal)(ohmmal)
6,gerSI;gerSII;gerSIV;gerSV;gerSIII,0.6090447954117333,0.5781559566714742,0.6296373545719062,C([*])C(-O)C(C)C(O)C([*])C(-O)C=CC(C)C(O)CC(=O)C(C)C(O)C(C)C,(pk-ohmmal-pk)(ccmal)(ohmmal)(mal)(ohmmal-redmmal)
7,gerSV;gerSIII;gerSIV;gerSI;gerSII,0.5979250519997783,0.5472803308961238,0.6316881994022145,CC(=O)C(C)C(O)C(C)CC(C)C(O)C([*])C(-O)C(C)C(O)C([*])C(-O)C=C,(mal)(ohmmal-redmmal)(ohmmal)(pk-ohmmal-pk)(ccmal)
8,gerSII;gerSI;gerSIII;gerSIV;gerSV,0.590904898343987,0.5580099665029461,0.6128348529046809,C=CC([*])C(-O)C(C)C(O)C([*])C(-O)C(C)C(O)C(C)CC(C)C(O)CC(=O),(ccmal)(pk-ohmmal-pk)(ohmmal-redmmal)(ohmmal)(mal)
9,gerSIII;gerSI;gerSII;gerSIV;gerSV,0.5748596534831171,0.5551554076247951,0.587995817388665,C(C)C(O)C(C)CC([*])C(-O)C(C)C(O)C([*])C(-O)C=CC(C)C(O)CC(=O),(ohmmal-redmmal)(pk-ohmmal-pk)(ccmal)(ohmmal)(mal)
10,gerSI;gerSIII;gerSIV;gerSV;gerSII,0.5744723504414305,0.5574719682778523,0.5858059385504827,C([*])C(-O)C(C)C(O)C([*])C(-O)C(C)C(O)C(C)CC(C)C(O)CC(=O)C=C,(pk-ohmmal-pk)(ohmmal-redmmal)(ohmmal)(mal)(ccmal)
11,gerSIV;gerSV;gerSIII;gerSI;gerSII,0.5734366196028913,0.5633508628822258,0.5801604574166684,C(C)C(O)CC(=O)C(C)C(O)C(C)CC([*])C(-O)C(C)C(O)C([*])C(-O)C=C,(ohmmal)(mal)(ohmmal-redmmal)(pk-ohmmal-pk)(ccmal)
12,gerSIII;gerSIV;gerSV;gerSII;gerSI,0.5615063025056846,0.5653333975909823,0.5589549057821527,C(C)C(O)C(C)CC(C)C(O)CC(=O)C=CC([*])C(-O)C(C)C(O)C([*])C(-O),(ohmmal-redmmal)(ohmmal)(mal)(ccmal)(pk-ohmmal-pk)
13,gerSI;gerSIV;gerSV;gerSIII;gerSII,0.5316485686407524,0.38545765982901375,0.6291091745152448,C([*])C(-O)C(C)C(O)C([*])C(-O)C(C)C(O)CC(=O)C(C)C(O)C(C)CC=C,(pk-ohmmal-pk)(ohmmal)(mal)(ohmmal-redmmal)(ccmal)
14,gerSIII;gerSIV;gerSI;gerSII;gerSV,0.5286991067254381,0.5128606973067896,0.5392580463378702,C(C)C(O)C(C)CC(C)C(O)C([*])C(-O)C(C)C(O)C([*])C(-O)C=CCC(=O),(ohmmal-redmmal)(ohmmal)(pk-ohmmal-pk)(ccmal)(mal)
15,gerSI;gerSII;gerSV;gerSIII;gerSIV,0.5285553714692146,0.5519317783395706,0.5129711002223105,C([*])C(-O)C(C)C(O)C([*])C(-O)C=CCC(=O)C(C)C(O)C(C)CC(C)C(O),(pk-ohmmal-pk)(ccmal)(mal)(ohmmal-redmmal)(ohmmal)
16,gerSIII;gerSII;gerSIV;gerSV;gerSI,0.5239602703577615,0.4000030021453373,0.6065984491660443,C(C)C(O)C(C)CC=CC(C)C(O)CC(=O)C([*])C(-O)C(C)C(O)C([*])C(-O),(ohmmal-redmmal)(ccmal)(ohmmal)(mal)(pk-ohmmal-pk)
17,gerSIV;gerSV;gerSI;gerSIII;gerSII,0.5087368592737541,0.39009702003322355,0.5878300854341079,C(C)C(O)CC(=O)C([*])C(-O)C(C)C(O)C([*])C(-O)C(C)C(O)C(C)CC=C,(ohmmal)(mal)(pk-ohmmal-pk)(ohmmal-redmmal)(ccmal)
18,gerSIII;gerSII;gerSI;gerSIV;gerSV,0.5048821435012247,0.37521765177259947,0.5913251379869751,C(C)C(O)C(C)CC=CC([*])C(-O)C(C)C(O)C([*])C(-O)C(C)C(O)CC(=O),(ohmmal-redmmal)(ccmal)(pk-ohmmal-pk)(ohmmal)(mal)
19,gerSII;gerSIII;gerSI;gerSIV;gerSV,0.49622594032949874,0.4085824055694194,0.5546549635028851,C=CC(C)C(O)C(C)CC([*])C(-O)C(C)C(O)C([*])C(-O)C(C)C(O)CC(=O),(ccmal)(ohmmal-redmmal)(pk-ohmmal-pk)(ohmmal)(mal)
20,gerSII;gerSIV;gerSV;gerSI;gerSIII,0.4930018923138431,0.3800667874003967,0.5682919622561408,C=CC(C)C(O)CC(=O)C([*])C(-O)C(C)C(O)C([*])C(-O)C(C)C(O)C(C)C,(ccmal)(ohmmal)(mal)(pk-ohmmal-pk)(ohmmal-redmmal)
21,gerSII;gerSIII;gerSIV;gerSI;gerSV,0.4906888887356665,0.354066566221308,0.5817704370785722,C=CC(C)C(O)C(C)CC(C)C(O)C([*])C(-O)C(C)C(O)C([*])C(-O)CC(=O),(ccmal)(ohmmal-redmmal)(ohmmal)(pk-ohmmal-pk)(mal)
22,gerSII;gerSI;gerSIV;gerSV;gerSIII,0.48772414266108804,0.37338287439720325,0.5639516548370114,C=CC([*])C(-O)C(C)C(O)C([*])C(-O)C(C)C(O)CC(=O)C(C)C(O)C(C)C,(ccmal)(pk-ohmmal-pk)(ohmmal)(mal)(ohmmal-redmmal)
23,gerSI;gerSIV;gerSV;gerSII;gerSIII,0.48721210921603086,0.42080494833459026,0.531483549803658,C([*])C(-O)C(C)C(O)C([*])C(-O)C(C)C(O)CC(=O)C=CC(C)C(O)C(C)C,(pk-ohmmal-pk)(ohmmal)(mal)(ccmal)(ohmmal-redmmal)
24,gerSI;gerSIII;gerSII;gerSIV;gerSV,0.4865523188634284,0.3567121030428988,0.5731124627437816,C([*])C(-O)C(C)C(O)C([*])C(-O)C(C)C(O)C(C)CC=CC(C)C(O)CC(=O),(pk-ohmmal-pk)(ohmmal-redmmal)(ccmal)(ohmmal)(mal)
25,gerSIV;gerSV;gerSIII;gerSII;gerSI,0.4721632370474568,0.37276898761345956,0.538426070003455,C(C)C(O)CC(=O)C(C)C(O)C(C)CC=CC([*])C(-O)C(C)C(O)C([*])C(-O),(ohmmal)(mal)(ohmmal-redmmal)(ccmal)(pk-ohmmal-pk)
26,gerSIII;gerSV;gerSI;gerSII;gerSIV,0.46693831816028514,0.36344049289865166,0.5359368683347074,C(C)C(O)C(C)CCC(=O)C([*])C(-O)C(C)C(O)C([*])C(-O)C=CC(C)C(O),(ohmmal-redmmal)(mal)(pk-ohmmal-pk)(ccmal)(ohmmal)
27,gerSIV;gerSI;gerSII;gerSIII;gerSV,0.4579719597032308,0.3553354775528881,0.5263962811367926,C(C)C(O)C([*])C(-O)C(C)C(O)C([*])C(-O)C=CC(C)C(O)C(C)CCC(=O),(ohmmal)(pk-ohmmal-pk)(ccmal)(ohmmal-redmmal)(mal)
28,gerSV;gerSI;gerSII;gerSIV;gerSIII,0.4553049291483915,0.35942831743141773,0.5192226702930407,CC(=O)C([*])C(-O)C(C)C(O)C([*])C(-O)C=CC(C)C(O)C(C)C(O)C(C)C,(mal)(pk-ohmmal-pk)(ccmal)(ohmmal)(ohmmal-redmmal)
29,gerSII;gerSIV;gerSV;gerSIII;gerSI,0.4490095532984572,0.34997821399036794,0.5150304461705167,C=CC(C)C(O)CC(=O)C(C)C(O)C(C)CC([*])C(-O)C(C)C(O)C([*])C(-O),(ccmal)(ohmmal)(mal)(ohmmal-redmmal)(pk-ohmmal-pk)
30,gerSII;gerSI;gerSV;gerSIII;gerSIV,0.4478582138824161,0.33493756703519384,0.5231386451138976,C=CC([*])C(-O)C(C)C(O)C([*])C(-O)CC(=O)C(C)C(O)C(C)CC(C)C(O),(ccmal)(pk-ohmmal-pk)(mal)(ohmmal-redmmal)(ohmmal)
31,gerSIV;gerSIII;gerSV;gerSI;gerSII,0.4477083278545676,0.33289604081755897,0.5242498525459067,C(C)C(O)C(C)C(O)C(C)CCC(=O)C([*])C(-O)C(C)C(O)C([*])C(-O)C=C,(ohmmal)(ohmmal-redmmal)(mal)(pk-ohmmal-pk)(ccmal)
32,gerSI;gerSV;gerSII;gerSIII;gerSIV,0.44734618043735896,0.38235964097258085,0.49067054008054434,C([*])C(-O)C(C)C(O)C([*])C(-O)CC(=O)C=CC(C)C(O)C(C)CC(C)C(O),(pk-ohmmal-pk)(mal)(ccmal)(ohmmal-redmmal)(ohmmal)
33,gerSV;gerSII;gerSIII;gerSIV;gerSI,0.44479649323053355,0.3792852031426693,0.4884706866224431,CC(=O)C=CC(C)C(O)C(C)CC(C)C(O)C([*])C(-O)C(C)C(O)C([*])C(-O),(mal)(ccmal)(ohmmal-redmmal)(ohmmal)(pk-ohmmal-pk)
34,gerSV;gerSIV;gerSI;gerSII;gerSIII,0.43718943835088353,0.3798660112234774,0.475405056435821,CC(=O)C(C)C(O)C([*])C(-O)C(C)C(O)C([*])C(-O)C=CC(C)C(O)C(C)C,(mal)(ohmmal)(pk-ohmmal-pk)(ccmal)(ohmmal-redmmal)
35,gerSIII;gerSI;gerSIV;gerSV;gerSII,0.43710645282991534,0.34984432712543034,0.49528120329957204,C(C)C(O)C(C)CC([*])C(-O)C(C)C(O)C([*])C(-O)C(C)C(O)CC(=O)C=C,(ohmmal-redmmal)(pk-ohmmal-pk)(ohmmal)(mal)(ccmal)
36,gerSIII;gerSIV;gerSI;gerSV;gerSII,0.43156940123608306,0.29532848777731896,0.5223966768752591,C(C)C(O)C(C)CC(C)C(O)C([*])C(-O)C(C)C(O)C([*])C(-O)CC(=O)C=C,(ohmmal-redmmal)(ohmmal)(pk-ohmmal-pk)(mal)(ccmal)
37,gerSI;gerSII;gerSIII;gerSV;gerSIV,0.430872135681062,0.384209360384969,0.4619806525451239,C([*])C(-O)C(C)C(O)C([*])C(-O)C=CC(C)C(O)C(C)CCC(=O)C(C)C(O),(pk-ohmmal-pk)(ccmal)(ohmmal-redmmal)(mal)(ohmmal)
38,gerSI;gerSII;gerSIV;gerSIII;gerSV,0.425523787444242,0.29951112382723427,0.5095322298555806,C([*])C(-O)C(C)C(O)C([*])C(-O)C=CC(C)C(O)C(C)C(O)C(C)CCC(=O),(pk-ohmmal-pk)(ccmal)(ohmmal)(ohmmal-redmmal)(mal)
39,gerSV;gerSI;gerSIII;gerSIV;gerSII,0.4251874573837366,0.34788785258268246,0.47672052725110603,CC(=O)C([*])C(-O)C(C)C(O)C([*])C(-O)C(C)C(O)C(C)CC(C)C(O)C=C,(mal)(pk-ohmmal-pk)(ohmmal-redmmal)(ohmmal)(ccmal)
40,gerSIV;gerSV;gerSII;gerSIII;gerSI,0.42030806083364664,0.39535573512877126,0.4369429446368969,C(C)C(O)CC(=O)C=CC(C)C(O)C(C)CC([*])C(-O)C(C)C(O)C([*])C(-O),(ohmmal)(mal)(ccmal)(ohmmal-redmmal)(pk-ohmmal-pk)
41,gerSI;gerSV;gerSIII;gerSIV;gerSII,0.4180736827600158,0.30480318501646325,0.4935873479223841,C([*])C(-O)C(C)C(O)C([*])C(-O)CC(=O)C(C)C(O)C(C)CC(C)C(O)C=C,(pk-ohmmal-pk)(mal)(ohmmal-redmmal)(ohmmal)(ccmal)
42,gerSV;gerSIII;gerSI;gerSII;gerSIV,0.4153191693547157,0.3499782139903679,0.4588798062642808,CC(=O)C(C)C(O)C(C)CC([*])C(-O)C(C)C(O)C([*])C(-O)C=CC(C)C(O),(mal)(ohmmal-redmmal)(pk-ohmmal-pk)(ccmal)(ohmmal)
43,gerSIII;gerSV;gerSIV;gerSI;gerSII,0.4150953564797861,0.29717820718970717,0.4937067893398387,C(C)C(O)C(C)CCC(=O)C(C)C(O)C([*])C(-O)C(C)C(O)C([*])C(-O)C=C,(ohmmal-redmmal)(mal)(ohmmal)(pk-ohmmal-pk)(ccmal)
44,gerSII;gerSV;gerSI;gerSIII;gerSIV,0.4125124683713244,0.35384260906849313,0.4516257079065452,C=CCC(=O)C([*])C(-O)C(C)C(O)C([*])C(-O)C(C)C(O)C(C)CC(C)C(O),(ccmal)(mal)(pk-ohmmal-pk)(ohmmal-redmmal)(ohmmal)
45,gerSII;gerSV;gerSIII;gerSIV;gerSI,0.4028490065407782,0.3076835036723624,0.466292675119722,C=CCC(=O)C(C)C(O)C(C)CC(C)C(O)C([*])C(-O)C(C)C(O)C([*])C(-O),(ccmal)(mal)(ohmmal-redmmal)(ohmmal)(pk-ohmmal-pk)
46,gerSIV;gerSV;gerSII;gerSI;gerSIII,0.3980058859614542,0.3420547665870108,0.4353066322110833,C(C)C(O)CC(=O)C=CC([*])C(-O)C(C)C(O)C([*])C(-O)C(C)C(O)C(C)C,(ohmmal)(mal)(ccmal)(pk-ohmmal-pk)(ohmmal-redmmal)
47,gerSIII;gerSIV;gerSII;gerSI;gerSV,0.3913072576204881,0.294563176960049,0.45580331139411423,C(C)C(O)C(C)CC(C)C(O)C=CC([*])C(-O)C(C)C(O)C([*])C(-O)CC(=O),(ohmmal-redmmal)(ohmmal)(ccmal)(pk-ohmmal-pk)(mal)
48,gerSV;gerSIII;gerSIV;gerSII;gerSI,0.3886138351574393,0.33055982016291846,0.42731651182045316,CC(=O)C(C)C(O)C(C)CC(C)C(O)C=CC([*])C(-O)C(C)C(O)C([*])C(-O),(mal)(ohmmal-redmmal)(ohmmal)(ccmal)(pk-ohmmal-pk)
49,gerSII;gerSIII;gerSV;gerSI;gerSIV,0.38830460500666686,0.21686749084327595,0.5025960144489274,C=CC(C)C(O)C(C)CCC(=O)C([*])C(-O)C(C)C(O)C([*])C(-O)C(C)C(O),(ccmal)(ohmmal-redmmal)(mal)(pk-ohmmal-pk)(ohmmal)
50,gerSV;gerSII;gerSI;gerSIII;gerSIV,0.38816544117350144,0.34205476658701073,0.41890589089782854,CC(=O)C=CC([*])C(-O)C(C)C(O)C([*])C(-O)C(C)C(O)C(C)CC(C)C(O),(mal)(ccmal)(pk-ohmmal-pk)(ohmmal-redmmal)(ohmmal)
51,gerSIV;gerSI;gerSII;gerSV;gerSIII,0.3789990673849894,0.3076835036723624,0.4265427765267408,C(C)C(O)C([*])C(-O)C(C)C(O)C([*])C(-O)C=CCC(=O)C(C)C(O)C(C)C,(ohmmal)(pk-ohmmal-pk)(ccmal)(mal)(ohmmal-redmmal)
52,gerSV;gerSI;gerSIV;gerSIII;gerSII,0.37790870237741064,0.16673002058895736,0.5186944902363795,CC(=O)C([*])C(-O)C(C)C(O)C([*])C(-O)C(C)C(O)C(C)C(O)C(C)CC=C,(mal)(pk-ohmmal-pk)(ohmmal)(ohmmal-redmmal)(ccmal)
53,gerSIII;gerSIV;gerSII;gerSV;gerSI,0.3697618893131781,0.3315696563628927,0.3952233779467017,C(C)C(O)C(C)CC(C)C(O)C=CCC(=O)C([*])C(-O)C(C)C(O)C([*])C(-O),(ohmmal-redmmal)(ohmmal)(ccmal)(mal)(pk-ohmmal-pk)
54,gerSV;gerSIV;gerSIII;gerSI;gerSII,0.3691330902830528,0.3092365637085751,0.4090641079993712,CC(=O)C(C)C(O)C(C)C(O)C(C)CC([*])C(-O)C(C)C(O)C([*])C(-O)C=C,(mal)(ohmmal)(ohmmal-redmmal)(pk-ohmmal-pk)(ccmal)
55,gerSV;gerSI;gerSIII;gerSII;gerSIV,0.3506194090255784,0.17672437114136572,0.46654943428172024,CC(=O)C([*])C(-O)C(C)C(O)C([*])C(-O)C(C)C(O)C(C)CC=CC(C)C(O),(mal)(pk-ohmmal-pk)(ohmmal-redmmal)(ccmal)(ohmmal)
56,gerSV;gerSIII;gerSII;gerSI;gerSIV,0.3453416593728234,0.17004045813817226,0.46220912686259075,CC(=O)C(C)C(O)C(C)CC=CC([*])C(-O)C(C)C(O)C([*])C(-O)C(C)C(O),(mal)(ohmmal-redmmal)(ccmal)(pk-ohmmal-pk)(ohmmal)
57,gerSIII;gerSII;gerSIV;gerSI;gerSV,0.343649369658081,0.09456862254236553,0.509703201068558,C(C)C(O)C(C)CC=CC(C)C(O)C([*])C(-O)C(C)C(O)C([*])C(-O)CC(=O),(ohmmal-redmmal)(ccmal)(ohmmal)(pk-ohmmal-pk)(mal)
58,gerSI;gerSV;gerSIII;gerSII;gerSIV,0.3435056344018576,0.13363970357514654,0.48341625495299834,C([*])C(-O)C(C)C(O)C([*])C(-O)CC(=O)C(C)C(O)C(C)CC=CC(C)C(O),(pk-ohmmal-pk)(mal)(ohmmal-redmmal)(ccmal)(ohmmal)
59,gerSIV;gerSI;gerSV;gerSIII;gerSII,0.34222633577785533,0.10276407779979616,0.5018678410965614,C(C)C(O)C([*])C(-O)C(C)C(O)C([*])C(-O)CC(=O)C(C)C(O)C(C)CC=C,(ohmmal)(pk-ohmmal-pk)(mal)(ohmmal-redmmal)(ccmal)
60,gerSV;gerSIII;gerSII;gerSIV;gerSI,0.34095594719503225,0.130565265745235,0.48121640149489703,CC(=O)C(C)C(O)C(C)CC=CC(C)C(O)C([*])C(-O)C(C)C(O)C([*])C(-O),(mal)(ohmmal-redmmal)(ccmal)(ohmmal)(pk-ohmmal-pk)
61,gerSV;gerSI;gerSIV;gerSII;gerSIII,0.337927216158337,0.21122083263942049,0.4223981385042814,CC(=O)C([*])C(-O)C(C)C(O)C([*])C(-O)C(C)C(O)C=CC(C)C(O)C(C)C,(mal)(pk-ohmmal-pk)(ohmmal)(ccmal)(ohmmal-redmmal)
62,gerSI;gerSII;gerSV;gerSIV;gerSIII,0.33409228693732884,0.29781747916592005,0.35827549211826804,C([*])C(-O)C(C)C(O)C([*])C(-O)C=CCC(=O)C(C)C(O)C(C)C(O)C(C)C,(pk-ohmmal-pk)(ccmal)(mal)(ohmmal)(ohmmal-redmmal)
63,gerSI;gerSIII;gerSIV;gerSII;gerSV,0.33235393781884504,0.28827875726045415,0.36173739152443896,C([*])C(-O)C(C)C(O)C([*])C(-O)C(C)C(O)C(C)CC(C)C(O)C=CCC(=O),(pk-ohmmal-pk)(ohmmal-redmmal)(ohmmal)(ccmal)(mal)
64,gerSIV;gerSIII;gerSI;gerSII;gerSV,0.326863233774658,0.28501412831994105,0.35476263741113595,C(C)C(O)C(C)C(O)C(C)CC([*])C(-O)C(C)C(O)C([*])C(-O)C=CCC(=O),(ohmmal)(ohmmal-redmmal)(pk-ohmmal-pk)(ccmal)(mal)
65,gerSII;gerSIV;gerSI;gerSV;gerSIII,0.3264913688179443,0.09273384516696931,0.4823297179185943,C=CC(C)C(O)C([*])C(-O)C(C)C(O)C([*])C(-O)CC(=O)C(C)C(O)C(C)C,(ccmal)(ohmmal)(pk-ohmmal-pk)(mal)(ohmmal-redmmal)
66,gerSIII;gerSII;gerSV;gerSI;gerSIV,0.3264897135285622,0.17105029433814653,0.4301159929888393,C(C)C(O)C(C)CC=CCC(=O)C([*])C(-O)C(C)C(O)C([*])C(-O)C(C)C(O),(ohmmal-redmmal)(ccmal)(mal)(pk-ohmmal-pk)(ohmmal)
67,gerSII;gerSIV;gerSIII;gerSV;gerSI,0.3232812615501335,0.11952339192570116,0.4591198412997551,C=CC(C)C(O)C(C)C(O)C(C)CCC(=O)C([*])C(-O)C(C)C(O)C([*])C(-O),(ccmal)(ohmmal)(ohmmal-redmmal)(mal)(pk-ohmmal-pk)
68,gerSIII;gerSI;gerSII;gerSV;gerSIV,0.3177141014342043,0.3135568374577643,0.320485610751831,C(C)C(O)C(C)CC([*])C(-O)C(C)C(O)C([*])C(-O)C=CCC(=O)C(C)C(O),(ohmmal-redmmal)(pk-ohmmal-pk)(ccmal)(mal)(ohmmal)
69,gerSIII;gerSV;gerSI;gerSIV;gerSII,0.3158331342872396,0.12853302860565025,0.4406998714082991,C(C)C(O)C(C)CCC(=O)C([*])C(-O)C(C)C(O)C([*])C(-O)C(C)C(O)C=C,(ohmmal-redmmal)(mal)(pk-ohmmal-pk)(ohmmal)(ccmal)
70,gerSI;gerSIV;gerSII;gerSIII;gerSV,0.3081460744541875,0.151303639035237,0.41270769806682117,C([*])C(-O)C(C)C(O)C([*])C(-O)C(C)C(O)C=CC(C)C(O)C(C)CCC(=O),(pk-ohmmal-pk)(ohmmal)(ccmal)(ohmmal-redmmal)(mal)
71,gerSII;gerSIII;gerSV;gerSIV;gerSI,0.3051657707526255,0.13996108571776084,0.4153022274425354,C=CC(C)C(O)C(C)CCC(=O)C(C)C(O)C([*])C(-O)C(C)C(O)C([*])C(-O),(ccmal)(ohmmal-redmmal)(mal)(ohmmal)(pk-ohmmal-pk)
72,gerSII;gerSI;gerSIV;gerSIII;gerSV,0.3042031346935968,0.09473804155296332,0.44384653012068576,C=CC([*])C(-O)C(C)C(O)C([*])C(-O)C(C)C(O)C(C)C(O)C(C)CCC(=O),(ccmal)(pk-ohmmal-pk)(ohmmal)(ohmmal-redmmal)(mal)
73,gerSII;gerSIV;gerSI;gerSIII;gerSV,0.3038240017375156,0.07590131912900498,0.4557724568098561,C=CC(C)C(O)C([*])C(-O)C(C)C(O)C([*])C(-O)C(C)C(O)C(C)CCC(=O),(ccmal)(ohmmal)(pk-ohmmal-pk)(ohmmal-redmmal)(mal)
74,gerSIV;gerSII;gerSIII;gerSV;gerSI,0.2990347422909708,0.17404443660899116,0.382361612745624,C(C)C(O)C=CC(C)C(O)C(C)CCC(=O)C([*])C(-O)C(C)C(O)C([*])C(-O),(ohmmal)(ccmal)(ohmmal-redmmal)(mal)(pk-ohmmal-pk)
75,gerSV;gerSIV;gerSI;gerSIII;gerSII,0.2987764473450794,0.11046208543242114,0.42431935528685155,CC(=O)C(C)C(O)C([*])C(-O)C(C)C(O)C([*])C(-O)C(C)C(O)C(C)CC=C,(mal)(ohmmal)(pk-ohmmal-pk)(ohmmal-redmmal)(ccmal)
76,gerSIV;gerSI;gerSV;gerSII;gerSIII,0.29778987635313375,0.13811136630537263,0.4042422163849745,C(C)C(O)C([*])C(-O)C(C)C(O)C([*])C(-O)CC(=O)C=CC(C)C(O)C(C)C,(ohmmal)(pk-ohmmal-pk)(mal)(ccmal)(ohmmal-redmmal)
77,gerSIV;gerSIII;gerSII;gerSI;gerSV,0.2975092189566125,0.09285524343763951,0.43394520263592773,C(C)C(O)C(C)C(O)C(C)CC=CC([*])C(-O)C(C)C(O)C([*])C(-O)CC(=O),(ohmmal)(ohmmal-redmmal)(ccmal)(pk-ohmmal-pk)(mal)
78,gerSI;gerSV;gerSIV;gerSIII;gerSII,0.2973195553301948,0.09289805329335375,0.4336005566880887,C([*])C(-O)C(C)C(O)C([*])C(-O)CC(=O)C(C)C(O)C(C)C(O)C(C)CC=C,(pk-ohmmal-pk)(mal)(ohmmal)(ohmmal-redmmal)(ccmal)
79,gerSV;gerSII;gerSIII;gerSI;gerSIV,0.2934864831590132,0.19262720565348404,0.36072600149603273,CC(=O)C=CC(C)C(O)C(C)CC([*])C(-O)C(C)C(O)C([*])C(-O)C(C)C(O),(mal)(ccmal)(ohmmal-redmmal)(pk-ohmmal-pk)(ohmmal)
80,gerSII;gerSV;gerSI;gerSIV;gerSIII,0.2915247562629337,0.13047560962422694,0.39889085402207153,C=CCC(=O)C([*])C(-O)C(C)C(O)C([*])C(-O)C(C)C(O)C(C)C(O)C(C)C,(ccmal)(mal)(pk-ohmmal-pk)(ohmmal)(ohmmal-redmmal)
81,gerSIII;gerSII;gerSI;gerSV;gerSIV,0.28836008661615886,0.12139795257546279,0.39966817597662285,C(C)C(O)C(C)CC=CC([*])C(-O)C(C)C(O)C([*])C(-O)CC(=O)C(C)C(O),(ohmmal-redmmal)(ccmal)(pk-ohmmal-pk)(mal)(ohmmal)
82,gerSI;gerSIV;gerSIII;gerSV;gerSII,0.2877705867910403,0.09420004332786948,0.41681761576648746,C([*])C(-O)C(C)C(O)C([*])C(-O)C(C)C(O)C(C)C(O)C(C)CCC(=O)C=C,(pk-ohmmal-pk)(ohmmal)(ohmmal-redmmal)(mal)(ccmal)
83,gerSI;gerSIV;gerSIII;gerSII;gerSV,0.2850751828125191,0.10712092526672905,0.40371135450971246,C([*])C(-O)C(C)C(O)C([*])C(-O)C(C)C(O)C(C)C(O)C(C)CC=CCC(=O),(pk-ohmmal-pk)(ohmmal)(ohmmal-redmmal)(ccmal)(mal)
84,gerSII;gerSIII;gerSI;gerSV;gerSIV,0.27970388344443287,0.1547627063722827,0.3629980014925329,C=CC(C)C(O)C(C)CC([*])C(-O)C(C)C(O)C([*])C(-O)CC(=O)C(C)C(O),(ccmal)(ohmmal-redmmal)(pk-ohmmal-pk)(mal)(ohmmal)
85,gerSIII;gerSV;gerSII;gerSI;gerSIV,0.27881111807700437,0.12269994260997852,0.3828852350550216,C(C)C(O)C(C)CCC(=O)C=CC([*])C(-O)C(C)C(O)C([*])C(-O)C(C)C(O),(ohmmal-redmmal)(mal)(ccmal)(pk-ohmmal-pk)(ohmmal)
86,gerSIV;gerSIII;gerSII;gerSV;gerSI,0.2759638506493024,0.12986172284048322,0.37336526918851526,C(C)C(O)C(C)C(O)C(C)CC=CCC(=O)C([*])C(-O)C(C)C(O)C([*])C(-O),(ohmmal)(ohmmal-redmmal)(ccmal)(mal)(pk-ohmmal-pk)
87,gerSIII;gerSV;gerSII;gerSIV;gerSI,0.2744254058992132,0.08322475021704125,0.4018925096873278,C(C)C(O)C(C)CCC(=O)C=CC(C)C(O)C([*])C(-O)C(C)C(O)C([*])C(-O),(ohmmal-redmmal)(mal)(ccmal)(ohmmal)(pk-ohmmal-pk)
88,gerSII;gerSIV;gerSIII;gerSI;gerSV,0.27435553520761286,0.07006446981454792,0.4105495788029895,C=CC(C)C(O)C(C)C(O)C(C)CC([*])C(-O)C(C)C(O)C([*])C(-O)CC(=O),(ccmal)(ohmmal)(ohmmal-redmmal)(pk-ohmmal-pk)(mal)
89,gerSV;gerSIV;gerSIII;gerSII;gerSI,0.26785970772761825,0.11865468843980889,0.36732972058615787,CC(=O)C(C)C(O)C(C)C(O)C(C)CC=CC([*])C(-O)C(C)C(O)C([*])C(-O),(mal)(ohmmal)(ohmmal-redmmal)(ccmal)(pk-ohmmal-pk)
90,gerSV;gerSII;gerSI;gerSIV;gerSIII,0.2671777290651108,0.11868776714274455,0.3661710370133549,CC(=O)C=CC([*])C(-O)C(C)C(O)C([*])C(-O)C(C)C(O)C(C)C(O)C(C)C,(mal)(ccmal)(pk-ohmmal-pk)(ohmmal)(ohmmal-redmmal)
91,gerSV;gerSII;gerSIV;gerSI;gerSIII,0.2667985961090297,0.0998510447187862,0.37809696370252527,CC(=O)C=CC(C)C(O)C([*])C(-O)C(C)C(O)C([*])C(-O)C(C)C(O)C(C)C,(mal)(ccmal)(ohmmal)(pk-ohmmal-pk)(ohmmal-redmmal)
92,gerSI;gerSV;gerSII;gerSIV;gerSIII,0.265341704094145,0.08228701257971882,0.3873781651037624,C([*])C(-O)C(C)C(O)C([*])C(-O)CC(=O)C=CC(C)C(O)C(C)C(O)C(C)C,(pk-ohmmal-pk)(mal)(ccmal)(ohmmal)(ohmmal-redmmal)
93,gerSV;gerSIII;gerSI;gerSIV;gerSII,0.2642139854816701,0.11507074969736647,0.3636428093378725,CC(=O)C(C)C(O)C(C)CC([*])C(-O)C(C)C(O)C([*])C(-O)C(C)C(O)C=C,(mal)(ohmmal-redmmal)(pk-ohmmal-pk)(ohmmal)(ccmal)
94,gerSI;gerSIII;gerSV;gerSII;gerSIV,0.26048129343920806,0.10419439388027785,0.36467255981182817,C([*])C(-O)C(C)C(O)C([*])C(-O)C(C)C(O)C(C)CCC(=O)C=CC(C)C(O),(pk-ohmmal-pk)(ohmmal-redmmal)(mal)(ccmal)(ohmmal)
95,gerSIV;gerSI;gerSIII;gerSV;gerSII,0.2592019948152058,0.07331876810492748,0.38312414595539135,C(C)C(O)C([*])C(-O)C(C)C(O)C([*])C(-O)C(C)C(O)C(C)CCC(=O)C=C,(ohmmal)(pk-ohmmal-pk)(ohmmal-redmmal)(mal)(ccmal)
96,gerSI;gerSV;gerSIV;gerSII;gerSIII,0.2573380691111211,0.1373888653438169,0.3373042049559906,C([*])C(-O)C(C)C(O)C([*])C(-O)CC(=O)C(C)C(O)C=CC(C)C(O)C(C)C,(pk-ohmmal-pk)(mal)(ohmmal)(ccmal)(ohmmal-redmmal)
97,gerSIV;gerSI;gerSIII;gerSII;gerSV,0.2565065908366846,0.08623965004378703,0.3700178846986163,C(C)C(O)C([*])C(-O)C(C)C(O)C([*])C(-O)C(C)C(O)C(C)CC=CCC(=O),(ohmmal)(pk-ohmmal-pk)(ohmmal-redmmal)(ccmal)(mal)
98,gerSII;gerSI;gerSV;gerSIV;gerSIII,0.2533951293505304,0.08082326786154323,0.3684430370098551,C=CC([*])C(-O)C(C)C(O)C([*])C(-O)CC(=O)C(C)C(O)C(C)C(O)C(C)C,(ccmal)(pk-ohmmal-pk)(mal)(ohmmal)(ohmmal-redmmal)
99,gerSII;gerSV;gerSIII;gerSI;gerSIV,0.25153899646925787,0.12102550618317715,0.3385479899933117,C=CCC(=O)C(C)C(O)C(C)CC([*])C(-O)C(C)C(O)C([*])C(-O)C(C)C(O),(ccmal)(mal)(ohmmal-redmmal)(pk-ohmmal-pk)(ohmmal)
100,gerSIV;gerSII;gerSIII;gerSI;gerSV,0.25010901594845025,0.12458551449783792,0.33379135024885853,C(C)C(O)C=CC(C)C(O)C(C)CC([*])C(-O)C(C)C(O)C([*])C(-O)CC(=O),(ohmmal)(ccmal)(ohmmal-redmmal)(pk-ohmmal-pk)(mal)
101,gerSIII;gerSI;gerSV;gerSII;gerSIV,0.2489635185910205,0.09802637087156313,0.3495882837373254,C(C)C(O)C(C)CC([*])C(-O)C(C)C(O)C([*])C(-O)CC(=O)C=CC(C)C(O),(ohmmal-redmmal)(pk-ohmmal-pk)(mal)(ccmal)(ohmmal)
102,gerSII;gerSI;gerSIII;gerSV;gerSIV,0.24853471869559343,0.10273064916210227,0.3457374317179208,C=CC([*])C(-O)C(C)C(O)C([*])C(-O)C(C)C(O)C(C)CCC(=O)C(C)C(O),(ccmal)(pk-ohmmal-pk)(ohmmal-redmmal)(mal)(ohmmal)
103,gerSIII;gerSII;gerSV;gerSIV;gerSI,0.24335087927452093,0.09414388921263138,0.3428222059824473,C(C)C(O)C(C)CC=CCC(=O)C(C)C(O)C([*])C(-O)C(C)C(O)C([*])C(-O),(ohmmal-redmmal)(ccmal)(mal)(ohmmal)(pk-ohmmal-pk)
104,gerSIV;gerSII;gerSI;gerSV;gerSIII,0.2416072182800395,0.0893859833256218,0.3430880415829847,C(C)C(O)C=CC([*])C(-O)C(C)C(O)C([*])C(-O)CC(=O)C(C)C(O)C(C)C,(ohmmal)(ccmal)(pk-ohmmal-pk)(mal)(ohmmal-redmmal)
105,gerSIV;gerSIII;gerSI;gerSV;gerSII,0.22973352828530302,0.06748191879047041,0.33790126794852476,C(C)C(O)C(C)C(O)C(C)CC([*])C(-O)C(C)C(O)C([*])C(-O)CC(=O)C=C,(ohmmal)(ohmmal-redmmal)(pk-ohmmal-pk)(mal)(ccmal)
106,gerSI;gerSIII;gerSII;gerSV;gerSIV,0.22940676681451574,0.115113532875868,0.3056022561069476,C([*])C(-O)C(C)C(O)C([*])C(-O)C(C)C(O)C(C)CC=CCC(=O)C(C)C(O),(pk-ohmmal-pk)(ohmmal-redmmal)(ccmal)(mal)(ohmmal)
107,gerSI;gerSIV;gerSII;gerSV;gerSIII,0.22917318213594615,0.10365166515471133,0.31285419345676935,C([*])C(-O)C(C)C(O)C([*])C(-O)C(C)C(O)C=CCC(=O)C(C)C(O)C(C)C,(pk-ohmmal-pk)(ohmmal)(ccmal)(mal)(ohmmal-redmmal)
108,gerSV;gerSII;gerSIV;gerSIII;gerSI,0.22846313970247992,0.09528310673590923,0.31724982834686033,CC(=O)C=CC(C)C(O)C(C)C(O)C(C)CC([*])C(-O)C(C)C(O)C([*])C(-O),(mal)(ccmal)(ohmmal)(ohmmal-redmmal)(pk-ohmmal-pk)
109,gerSIV;gerSIII;gerSV;gerSII;gerSI,0.22828525519774462,0.08151137111231524,0.3261345112546976,C(C)C(O)C(C)C(O)C(C)CCC(=O)C=CC([*])C(-O)C(C)C(O)C([*])C(-O),(ohmmal)(ohmmal-redmmal)(mal)(ccmal)(pk-ohmmal-pk)
110,gerSV;gerSIV;gerSII;gerSIII;gerSI,0.22045950471945602,0.15038495950000733,0.2671758681990885,CC(=O)C(C)C(O)C=CC(C)C(O)C(C)CC([*])C(-O)C(C)C(O)C([*])C(-O),(mal)(ohmmal)(ccmal)(ohmmal-redmmal)(pk-ohmmal-pk)
111,gerSIV;gerSII;gerSI;gerSIII;gerSV,0.21893985119961085,0.07255345728765748,0.31653078047424643,C(C)C(O)C=CC([*])C(-O)C(C)C(O)C([*])C(-O)C(C)C(O)C(C)CCC(=O),(ohmmal)(ccmal)(pk-ohmmal-pk)(ohmmal-redmmal)(mal)
112,gerSI;gerSIII;gerSV;gerSIV;gerSII,0.21875018757319312,0.07259626714337172,0.31618613452640737,C([*])C(-O)C(C)C(O)C([*])C(-O)C(C)C(O)C(C)CCC(=O)C(C)C(O)C=C,(pk-ohmmal-pk)(ohmmal-redmmal)(mal)(ohmmal)(ccmal)
113,gerSII;gerSV;gerSIV;gerSI;gerSIII,0.2123925012306025,0.07420767446769075,0.3045157190725436,C=CCC(=O)C(C)C(O)C([*])C(-O)C(C)C(O)C([*])C(-O)C(C)C(O)C(C)C,(ccmal)(mal)(ohmmal)(pk-ohmmal-pk)(ohmmal-redmmal)
114,gerSIII;gerSI;gerSV;gerSIV;gerSII,0.20723241272500556,0.066428244134657,0.30110185845190457,C(C)C(O)C(C)CC([*])C(-O)C(C)C(O)C([*])C(-O)CC(=O)C(C)C(O)C=C,(ohmmal-redmmal)(pk-ohmmal-pk)(mal)(ohmmal)(ccmal)
115,gerSIV;gerSII;gerSV;gerSI;gerSIII,0.2062614727689478,0.1082910253589211,0.27157510437563226,C(C)C(O)C=CCC(=O)C([*])C(-O)C(C)C(O)C([*])C(-O)C(C)C(O)C(C)C,(ohmmal)(ccmal)(mal)(pk-ohmmal-pk)(ohmmal-redmmal)
116,gerSIII;gerSV;gerSIV;gerSII;gerSI,0.20578413963744718,0.08045769645650183,0.2893351017580774,C(C)C(O)C(C)CCC(=O)C(C)C(O)C=CC([*])C(-O)C(C)C(O)C([*])C(-O),(ohmmal-redmmal)(mal)(ohmmal)(ccmal)(pk-ohmmal-pk)
117,gerSV;gerSIV;gerSII;gerSI;gerSIII,0.19815732984726359,0.09708399095824678,0.2655395557732748,CC(=O)C(C)C(O)C=CC([*])C(-O)C(C)C(O)C([*])C(-O)C(C)C(O)C(C)C,(mal)(ohmmal)(ccmal)(pk-ohmmal-pk)(ohmmal-redmmal)
118,gerSIII;gerSI;gerSIV;gerSII;gerSV,0.1949880402073299,0.0806511161080323,0.2712126562735283,C(C)C(O)C(C)CC([*])C(-O)C(C)C(O)C([*])C(-O)C(C)C(O)C=CCC(=O),(ohmmal-redmmal)(pk-ohmmal-pk)(ohmmal)(ccmal)(mal)
119,gerSII;gerSV;gerSIV;gerSIII;gerSI,0.17405704482405274,0.06963973648481378,0.24366858371687872,C=CCC(=O)C(C)C(O)C(C)C(O)C(C)CC([*])C(-O)C(C)C(O)C([*])C(-O),(ccmal)(mal)(ohmmal)(ohmmal-redmmal)(pk-ohmmal-pk)
120,gerSIV;gerSII;gerSV;gerSIII;gerSI,0.1622691337535619,0.07820245194889236,0.2183135882900083,C(C)C(O)C=CCC(=O)C(C)C(O)C(C)CC([*])C(-O)C(C)C(O)C([*])C(-O),(ohmmal)(ccmal)(mal)(ohmmal-redmmal)(pk-ohmmal-pk)
