PathwayID,Pathway,Score,Score2,Score3,ProductSMILES,Polymer
1,norA;norA_;norB;norC,0.7511098191511406,0.8791982648496367,0.6657175220188097,C(C)=CC(C)=CC(C)=CCCC([*])C(-O)CC(=O),(ccmmal)(ccmmal-ccmmal)(redmal)(pk-mal)
2,norA_;norB;norC;norA,0.6722276409478183,0.6694395461065504,0.6740863708419967,C(C)=CC(C)=CCCC([*])C(-O)CC(=O)C(C)=C,(ccmmal-ccmmal)(redmal)(pk-mal)(ccmmal)
3,norB;norC;norA;norA_,0.6583376738978282,0.7362118641707228,0.6064215470492318,CCC([*])C(-O)CC(=O)C(C)=CC(C)=CC(C)=C,(redmal)(pk-mal)(ccmmal)(ccmmal-ccmmal)
4,norC;norA;norA_;norB,0.6339093975700605,0.6967873165030546,0.5919907849480643,C([*])C(-O)CC(=O)C(C)=CC(C)=CC(C)=CCC,(pk-mal)(ccmmal)(ccmmal-ccmmal)(redmal)
5,norA_;norA;norB;norC,0.5196765783008872,0.4194925975061607,0.5864658988307049,C(C)=CC(C)=CC(C)=CCCC([*])C(-O)CC(=O),(ccmmal-ccmmal)(ccmmal)(redmal)(pk-mal)
6,norA;norB;norC;norA_,0.49945979327426526,0.39875607410800734,0.5665956060517706,C(C)=CCCC([*])C(-O)CC(=O)C(C)=CC(C)=C,(ccmmal)(redmal)(pk-mal)(ccmmal-ccmmal)
7,norB;norC;norA_;norA,0.4819349329183258,0.4286838597959061,0.5174356483332724,CCC([*])C(-O)CC(=O)C(C)=CC(C)=CC(C)=C,(redmal)(pk-mal)(ccmmal-ccmmal)(ccmmal)
8,norC;norB;norA;norA_,0.4776571068040838,0.48588109517265243,0.47217444789170465,C([*])C(-O)CC(=O)CCC(C)=CC(C)=CC(C)=C,(pk-mal)(redmal)(ccmmal)(ccmmal-ccmmal)
9,norA;norA_;norC;norB,0.455123656101918,0.5381536388292485,0.3997703342836976,C(C)=CC(C)=CC(C)=CC([*])C(-O)CC(=O)CC,(ccmmal)(ccmmal-ccmmal)(pk-mal)(redmal)
10,norA_;norB;norA;norC,0.449374249471062,0.34615308432358066,0.5181883595693828,C(C)=CC(C)=CCCC(C)=CC([*])C(-O)CC(=O),(ccmmal-ccmmal)(redmal)(ccmmal)(pk-mal)
11,norC;norA_;norB;norA,0.44709488218081933,0.3864802071588469,0.4875046655288009,C([*])C(-O)CC(=O)C(C)=CC(C)=CCCC(C)=C,(pk-mal)(ccmmal-ccmmal)(redmal)(ccmmal)
12,norA;norC;norA_;norB,0.4395692388541789,0.3281956658948184,0.5138182874937525,C(C)=CC([*])C(-O)CC(=O)C(C)=CC(C)=CCC,(ccmmal)(pk-mal)(ccmmal-ccmmal)(redmal)
13,norB;norA;norA_;norC,0.42047647504554647,0.5234824873083773,0.3518058002036592,CCC(C)=CC(C)=CC(C)=CC([*])C(-O)CC(=O),(redmal)(ccmmal)(ccmmal-ccmmal)(pk-mal)
14,norC;norA;norB;norA_,0.420093059136552,0.23332342045286844,0.5446061515923409,C([*])C(-O)CC(=O)C(C)=CCCC(C)=CC(C)=C,(pk-mal)(ccmmal)(redmal)(ccmmal-ccmmal)
15,norC;norB;norA_;norA,0.3881517165524661,0.2366268715754586,0.4891682798704711,C([*])C(-O)CC(=O)CCC(C)=CC(C)=CC(C)=C,(pk-mal)(redmal)(ccmmal-ccmmal)(ccmmal)
16,norA;norC;norB;norA_,0.3702142988160868,0.17556322534203905,0.4999816811321187,C(C)=CC([*])C(-O)CC(=O)CCC(C)=CC(C)=C,(ccmmal)(pk-mal)(redmal)(ccmmal-ccmmal)
17,norB;norA_;norC;norA,0.36962297366870783,0.3127446448279721,0.4075418595625317,CCC(C)=CC(C)=CC([*])C(-O)CC(=O)C(C)=C,(redmal)(ccmmal-ccmmal)(pk-mal)(ccmmal)
18,norA_;norC;norA;norB,0.36953093160790246,0.2865750878467834,0.4248348274486484,C(C)=CC(C)=CC([*])C(-O)CC(=O)C(C)=CCC,(ccmmal-ccmmal)(pk-mal)(ccmmal)(redmal)
19,norA_;norA;norC;norB,0.352597396399342,0.1793214540487492,0.4681146912997372,C(C)=CC(C)=CC(C)=CC([*])C(-O)CC(=O)CC,(ccmmal-ccmmal)(ccmmal)(pk-mal)(redmal)
20,norA;norB;norA_;norC,0.3484959451498682,0.24430047802328483,0.4179595899009238,C(C)=CCCC(C)=CC(C)=CC([*])C(-O)CC(=O),(ccmmal)(redmal)(ccmmal-ccmmal)(pk-mal)
21,norB;norA_;norA;norC,0.3459788921694542,0.1636711787905591,0.4675173677553843,CCC(C)=CC(C)=CC(C)=CC([*])C(-O)CC(=O),(redmal)(ccmmal-ccmmal)(ccmmal)(pk-mal)
22,norC;norA_;norA;norB,0.34360748281840614,0.1778287446446367,0.45412664160091903,C([*])C(-O)CC(=O)C(C)=CC(C)=CC(C)=CCC,(pk-mal)(ccmmal-ccmmal)(ccmmal)(redmal)
23,norA_;norC;norB;norA,0.3271778146140778,0.28709943399998256,0.3538967350234746,C(C)=CC(C)=CC([*])C(-O)CC(=O)CCC(C)=C,(ccmmal-ccmmal)(pk-mal)(redmal)(ccmmal)
24,norB;norA;norC;norA_,0.2977334303163486,0.14391377912972478,0.4002798644407645,CCC(C)=CC([*])C(-O)CC(=O)C(C)=CC(C)=C,(redmal)(ccmmal)(pk-mal)(ccmmal-ccmmal)
