PathwayID,Pathway,Score,Score2,Score3,ProductSMILES,Polymer
1,hbmAI;hbmAII;hbmAIII,0.7973789622875557,0.8743281780919383,0.746079485084634,C(C)CC(OC)CC(C)C(O)C(C)=CC(OC)C(O)CCC(C)=C,(redmmal-redmxmal-ohmmal)(ccmmal-ohmxmal)(redmal-ccmmal)
2,hbmAIII;hbmAI;hbmAII,0.6967746165266812,0.6198029188601397,0.7480890816377088,CCC(C)=CC(C)CC(OC)CC(C)C(O)C(C)=CC(OC)C(O),(redmal-ccmmal)(redmmal-redmxmal-ohmmal)(ccmmal-ohmxmal)
3,hbmAII;hbmAIII;hbmAI,0.6829271622299176,0.7443035107451814,0.6420095965530749,C(C)=CC(OC)C(O)CCC(C)=CC(C)CC(OC)CC(C)C(O),(ccmmal-ohmxmal)(redmal-ccmmal)(redmmal-redmxmal-ohmmal)
4,hbmAIII;hbmAII;hbmAI,0.3955125349049342,0.3756626081075985,0.40874581943649135,CCC(C)=CC(C)=CC(OC)C(O)C(C)CC(OC)CC(C)C(O),(redmal-ccmmal)(ccmmal-ohmxmal)(redmmal-redmxmal-ohmmal)
5,hbmAI;hbmAIII;hbmAII,0.23071029457731046,0.29558528171681353,0.1874603031509751,C(C)CC(OC)CC(C)C(O)CCC(C)=CC(C)=CC(OC)C(O),(redmmal-redmxmal-ohmmal)(redmal-ccmmal)(ccmmal-ohmxmal)
6,hbmAII;hbmAI;hbmAIII,0.1875618388570232,0.10447632271428361,0.24295218295218296,C(C)=CC(OC)C(O)C(C)CC(OC)CC(C)C(O)CCC(C)=C,(ccmmal-ohmxmal)(redmmal-redmxmal-ohmmal)(redmal-ccmmal)
