PathwayID,Pathway,Score,Score2,Score3,ProductSMILES,Polymer
1,angAV;angAI;angAII;angAIII;angAIV,0.6284521225175296,0.6005853176716013,0.6470299924148152,CC(O)C(C)C(=O)C(C)C(O)C(C)=CC=CC(C)C(O)C(CC)CC(C)C(O),(ohmal)(mmal-ohmmal-ccmmal)(ccmal)(ohmmal-redemal)(ohmmal)
2,angAI;angAII;angAIII;angAIV;angAV,0.6137374498657415,0.7082870122132829,0.5507044083007139,C(C)C(=O)C(C)C(O)C(C)=CC=CC(C)C(O)C(CC)CC(C)C(O)CC(O),(mmal-ohmmal-ccmmal)(ccmal)(ohmmal-redemal)(ohmmal)(ohmal)
3,angAIII;angAIV;angAV;angAI;angAII,0.5690262882996762,0.6663273289717818,0.5041589278516057,C(C)C(O)C(CC)CC(C)C(O)CC(O)C(C)C(=O)C(C)C(O)C(C)=CC=C,(ohmmal-redemal)(ohmmal)(ohmal)(mmal-ohmmal-ccmmal)(ccmal)
4,angAIII;angAV;angAI;angAII;angAIV,0.5477983682482969,0.5198031710535276,0.5664618330448097,C(C)C(O)C(CC)CCC(O)C(C)C(=O)C(C)C(O)C(C)=CC=CC(C)C(O),(ohmmal-redemal)(ohmal)(mmal-ohmmal-ccmmal)(ccmal)(ohmmal)
5,angAIV;angAV;angAI;angAII;angAIII,0.5413369932314275,0.5969898019038004,0.5042351207831789,C(C)C(O)CC(O)C(C)C(=O)C(C)C(O)C(C)=CC=CC(C)C(O)C(CC)C,(ohmmal)(ohmal)(mmal-ohmmal-ccmmal)(ccmal)(ohmmal-redemal)
6,angAIII;angAIV;angAI;angAII;angAV,0.5410972546274225,0.5487873196709568,0.5359705445983998,C(C)C(O)C(CC)CC(C)C(O)C(C)C(=O)C(C)C(O)C(C)=CC=CCC(O),(ohmmal-redemal)(ohmmal)(mmal-ohmmal-ccmmal)(ccmal)(ohmal)
7,angAV;angAI;angAIII;angAIV;angAII,0.5404163292194438,0.47653922656412906,0.5830010643229872,CC(O)C(C)C(=O)C(C)C(O)C(C)=CC(C)C(O)C(CC)CC(C)C(O)C=C,(ohmal)(mmal-ohmmal-ccmmal)(ohmmal-redemal)(ohmmal)(ccmal)
8,angAIV;angAI;angAII;angAIII;angAV,0.5381022183502636,0.4628943143352457,0.5882408210269423,C(C)C(O)C(C)C(=O)C(C)C(O)C(C)=CC=CC(C)C(O)C(CC)CCC(O),(ohmmal)(mmal-ohmmal-ccmmal)(ccmal)(ohmmal-redemal)(ohmal)
9,angAII;angAIII;angAIV;angAV;angAI,0.5278187120948543,0.596859499773715,0.4817915203089473,C=CC(C)C(O)C(CC)CC(C)C(O)CC(O)C(C)C(=O)C(C)C(O)C(C)=C,(ccmal)(ohmmal-redemal)(ohmmal)(ohmal)(mmal-ohmmal-ccmmal)
10,angAI;angAII;angAIII;angAV;angAIV,0.5258903932082066,0.4837318147123886,0.5539961122054188,C(C)C(=O)C(C)C(O)C(C)=CC=CC(C)C(O)C(CC)CCC(O)C(C)C(O),(mmal-ohmmal-ccmmal)(ccmal)(ohmmal-redemal)(ohmal)(ohmmal)
11,angAI;angAII;angAIV;angAIII;angAV,0.523348117036178,0.5113822574819589,0.5313253567389908,C(C)C(=O)C(C)C(O)C(C)=CC=CC(C)C(O)C(C)C(O)C(CC)CCC(O),(mmal-ohmmal-ccmmal)(ccmal)(ohmmal)(ohmmal-redemal)(ohmal)
12,angAI;angAIII;angAIV;angAII;angAV,0.5221722155032699,0.49078078626814137,0.5430998349933556,C(C)C(=O)C(C)C(O)C(C)=CC(C)C(O)C(CC)CC(C)C(O)C=CCC(O),(mmal-ohmmal-ccmmal)(ohmmal-redemal)(ohmmal)(ccmal)(ohmal)
13,angAII;angAIII;angAIV;angAI;angAV,0.5215227058328608,0.4630428073538034,0.5605093048188992,C=CC(C)C(O)C(CC)CC(C)C(O)C(C)C(=O)C(C)C(O)C(C)=CCC(O),(ccmal)(ohmmal-redemal)(ohmmal)(mmal-ohmmal-ccmmal)(ohmal)
14,angAV;angAI;angAII;angAIV;angAIII,0.5168979719612623,0.5136961760456764,0.5190325025716529,CC(O)C(C)C(=O)C(C)C(O)C(C)=CC=CC(C)C(O)C(C)C(O)C(CC)C,(ohmal)(mmal-ohmmal-ccmmal)(ccmal)(ohmmal)(ohmmal-redemal)
15,angAI;angAIV;angAII;angAIII;angAV,0.5161019227424289,0.48616671797824146,0.5360587259185539,C(C)C(=O)C(C)C(O)C(C)=CC(C)C(O)C=CC(C)C(O)C(CC)CCC(O),(mmal-ohmmal-ccmmal)(ohmmal)(ccmal)(ohmmal-redemal)(ohmal)
16,angAII;angAV;angAI;angAIII;angAIV,0.5143973774193453,0.46143154793293406,0.5497079304102863,C=CCC(O)C(C)C(=O)C(C)C(O)C(C)=CC(C)C(O)C(CC)CC(C)C(O),(ccmal)(ohmal)(mmal-ohmmal-ccmmal)(ohmmal-redemal)(ohmmal)
17,angAI;angAII;angAV;angAIII;angAIV,0.5125873243182362,0.5335700743077145,0.4985988243252506,C(C)C(=O)C(C)C(O)C(C)=CC=CCC(O)C(C)C(O)C(CC)CC(C)C(O),(mmal-ohmmal-ccmmal)(ccmal)(ohmal)(ohmmal-redemal)(ohmmal)
18,angAV;angAI;angAIV;angAII;angAIII,0.5096517776675131,0.48848063654195906,0.5237658717512159,CC(O)C(C)C(=O)C(C)C(O)C(C)=CC(C)C(O)C=CC(C)C(O)C(CC)C,(ohmal)(mmal-ohmmal-ccmmal)(ohmmal)(ccmal)(ohmmal-redemal)
19,angAII;angAIII;angAV;angAI;angAIV,0.5083270846585044,0.45681747964303415,0.5426668213354846,C=CC(C)C(O)C(CC)CCC(O)C(C)C(=O)C(C)C(O)C(C)=CC(C)C(O),(ccmal)(ohmmal-redemal)(ohmal)(mmal-ohmmal-ccmmal)(ohmmal)
20,angAV;angAIII;angAIV;angAI;angAII,0.5064318454265424,0.4952486401405468,0.5138873156172061,CC(O)C(C)C(O)C(CC)CC(C)C(O)C(C)C(=O)C(C)C(O)C(C)=CC=C,(ohmal)(ohmmal-redemal)(ohmmal)(mmal-ohmmal-ccmmal)(ccmal)
21,angAV;angAI;angAIII;angAII;angAIV,0.5011350745781832,0.46475162076119336,0.5253907104561765,CC(O)C(C)C(=O)C(C)C(O)C(C)=CC(C)C(O)C(CC)CC=CC(C)C(O),(ohmal)(mmal-ohmmal-ccmmal)(ohmmal-redemal)(ccmal)(ohmmal)
22,angAIII;angAI;angAII;angAIV;angAV,0.49933335517416627,0.5966719603598603,0.434440951717037,C(C)C(O)C(CC)CC(C)C(=O)C(C)C(O)C(C)=CC=CC(C)C(O)CC(O),(ohmmal-redemal)(mmal-ohmmal-ccmmal)(ccmal)(ohmmal)(ohmal)
23,angAV;angAIV;angAI;angAII;angAIII,0.4950406555254232,0.4619658588129507,0.517090520000405,CC(O)C(C)C(O)C(C)C(=O)C(C)C(O)C(C)=CC=CC(C)C(O)C(CC)C,(ohmal)(ohmmal)(mmal-ohmmal-ccmmal)(ccmal)(ohmmal-redemal)
24,angAIV;angAIII;angAV;angAI;angAII,0.49334039817994724,0.4365935919853314,0.5311716023096911,C(C)C(O)C(C)C(O)C(CC)CCC(O)C(C)C(=O)C(C)C(O)C(C)=CC=C,(ohmmal)(ohmmal-redemal)(ohmal)(mmal-ohmmal-ccmmal)(ccmal)
25,angAII;angAI;angAIII;angAIV;angAV,0.49276802173350925,0.5299458240249262,0.467982820205898,C=CC(C)C(=O)C(C)C(O)C(C)=CC(C)C(O)C(CC)CC(C)C(O)CC(O),(ccmal)(mmal-ohmmal-ccmmal)(ohmmal-redemal)(ohmmal)(ohmal)
26,angAIII;angAIV;angAII;angAV;angAI,0.4873529475483277,0.49078892002975183,0.4850622992273783,C(C)C(O)C(CC)CC(C)C(O)C=CCC(O)C(C)C(=O)C(C)C(O)C(C)=C,(ohmmal-redemal)(ohmmal)(ccmal)(ohmal)(mmal-ohmmal-ccmmal)
27,angAI;angAIII;angAII;angAIV;angAV,0.4864204019263951,0.572453315302875,0.42906512634207505,C(C)C(=O)C(C)C(O)C(C)=CC(C)C(O)C(CC)CC=CC(C)C(O)CC(O),(mmal-ohmmal-ccmmal)(ohmmal-redemal)(ccmal)(ohmmal)(ohmal)
28,angAIV;angAII;angAIII;angAV;angAI,0.4843579112711687,0.4048959146940406,0.5373325756559209,C(C)C(O)C=CC(C)C(O)C(CC)CCC(O)C(C)C(=O)C(C)C(O)C(C)=C,(ohmmal)(ccmal)(ohmmal-redemal)(ohmal)(mmal-ohmmal-ccmmal)
29,angAIII;angAIV;angAII;angAI;angAV,0.48382717820836585,0.44956637816498785,0.5066677115706179,C(C)C(O)C(CC)CC(C)C(O)C=CC(C)C(=O)C(C)C(O)C(C)=CCC(O),(ohmmal-redemal)(ohmmal)(ccmal)(mmal-ohmmal-ccmmal)(ohmal)
30,angAI;angAV;angAII;angAIII;angAIV,0.47864864997899015,0.4471224536881918,0.49966611417285567,C(C)C(=O)C(C)C(O)C(C)=CCC(O)C=CC(C)C(O)C(CC)CC(C)C(O),(mmal-ohmmal-ccmmal)(ohmal)(ccmal)(ohmmal-redemal)(ohmmal)
31,angAII;angAIV;angAV;angAI;angAIII,0.475534080705648,0.5183831379577484,0.44696804253758116,C=CC(C)C(O)CC(O)C(C)C(=O)C(C)C(O)C(C)=CC(C)C(O)C(CC)C,(ccmal)(ohmmal)(ohmal)(mmal-ohmmal-ccmmal)(ohmmal-redemal)
32,angAI;angAII;angAIV;angAV;angAIII,0.4737240276045387,0.5905216643325288,0.39585893645254533,C(C)C(=O)C(C)C(O)C(C)=CC=CC(C)C(O)CC(O)C(C)C(O)C(CC)C,(mmal-ohmmal-ccmmal)(ccmal)(ohmmal)(ohmal)(ohmmal-redemal)
33,angAII;angAIV;angAI;angAIII;angAV,0.47229930582448415,0.3842876503891936,0.5309737427813445,C=CC(C)C(O)C(C)C(=O)C(C)C(O)C(C)=CC(C)C(O)C(CC)CCC(O),(ccmal)(ohmmal)(mmal-ohmmal-ccmmal)(ohmmal-redemal)(ohmal)
34,angAIII;angAV;angAI;angAIV;angAII,0.4713907611763636,0.44420703473674034,0.4895132454694457,C(C)C(O)C(CC)CCC(O)C(C)C(=O)C(C)C(O)C(C)=CC(C)C(O)C=C,(ohmmal-redemal)(ohmal)(mmal-ohmmal-ccmmal)(ohmmal)(ccmal)
35,angAV;angAIII;angAI;angAII;angAIV,0.4611385049089003,0.4496731459917807,0.4687820775203133,CC(O)C(C)C(O)C(CC)CC(C)C(=O)C(C)C(O)C(C)=CC=CC(C)C(O),(ohmal)(ohmmal-redemal)(mmal-ohmmal-ccmmal)(ccmal)(ohmmal)
36,angAII;angAIII;angAI;angAIV;angAV,0.45986207158437387,0.5336862689493669,0.41064594000771193,C=CC(C)C(O)C(CC)CC(C)C(=O)C(C)C(O)C(C)=CC(C)C(O)CC(O),(ccmal)(ohmmal-redemal)(mmal-ohmmal-ccmmal)(ohmmal)(ohmal)
37,angAIII;angAV;angAIV;angAI;angAII,0.4567796390342736,0.417692257007732,0.4828378937186347,C(C)C(O)C(CC)CCC(O)C(C)C(O)C(C)C(=O)C(C)C(O)C(C)=CC=C,(ohmmal-redemal)(ohmal)(ohmmal)(mmal-ohmmal-ccmmal)(ccmal)
38,angAIV;angAV;angAI;angAIII;angAII,0.45641268307016425,0.4976646498062475,0.4289113719127754,C(C)C(O)CC(O)C(C)C(=O)C(C)C(O)C(C)=CC(C)C(O)C(CC)CC=C,(ohmmal)(ohmal)(mmal-ohmmal-ccmmal)(ohmmal-redemal)(ccmal)
39,angAI;angAV;angAIII;angAIV;angAII,0.4560764520415335,0.43521511708426713,0.4699840086797111,C(C)C(=O)C(C)C(O)C(C)=CCC(O)C(C)C(O)C(CC)CC(C)C(O)C=C,(mmal-ohmmal-ccmmal)(ohmal)(ohmmal-redemal)(ohmmal)(ccmal)
40,angAIV;angAII;angAIII;angAI;angAV,0.4539964845429124,0.37202788604361714,0.5086422168757759,C(C)C(O)C=CC(C)C(O)C(CC)CC(C)C(=O)C(C)C(O)C(C)=CCC(O),(ohmmal)(ccmal)(ohmmal-redemal)(mmal-ohmmal-ccmmal)(ohmal)
41,angAIII;angAII;angAIV;angAV;angAI,0.45160113397145285,0.5724614490644855,0.3710275905760978,C(C)C(O)C(CC)CC=CC(C)C(O)CC(O)C(C)C(=O)C(C)C(O)C(C)=C,(ohmmal-redemal)(ccmal)(ohmmal)(ohmal)(mmal-ohmmal-ccmmal)
42,angAV;angAII;angAIII;angAIV;angAI,0.45086014367703636,0.4250777026401109,0.4680484377016534,CC(O)C=CC(C)C(O)C(CC)CC(C)C(O)C(C)C(=O)C(C)C(O)C(C)=C,(ohmal)(ccmal)(ohmmal-redemal)(ohmmal)(mmal-ohmmal-ccmmal)
43,angAI;angAIII;angAIV;angAV;angAII,0.45065317002199273,0.5148914546418365,0.407827646942097,C(C)C(=O)C(C)C(O)C(C)=CC(C)C(O)C(CC)CC(C)C(O)CC(O)C=C,(mmal-ohmmal-ccmmal)(ohmmal-redemal)(ohmmal)(ohmal)(ccmal)
44,angAIII;angAII;angAV;angAI;angAIV,0.44980798552209644,0.4854834520143895,0.42602434119390103,C(C)C(O)C(CC)CC=CCC(O)C(C)C(=O)C(C)C(O)C(C)=CC(C)C(O),(ohmmal-redemal)(ccmal)(ohmal)(mmal-ohmmal-ccmmal)(ohmmal)
45,angAIV;angAII;angAV;angAI;angAIII,0.4497717588689559,0.37948357595865884,0.4966305474758206,C(C)C(O)C=CCC(O)C(C)C(=O)C(C)C(O)C(C)=CC(C)C(O)C(CC)C,(ohmmal)(ccmal)(ohmal)(mmal-ohmmal-ccmmal)(ohmmal-redemal)
46,angAIV;angAII;angAI;angAIII;angAV,0.4493072209098236,0.33798223894525176,0.5235238755528716,C(C)C(O)C=CC(C)C(=O)C(C)C(O)C(C)=CC(C)C(O)C(CC)CCC(O),(ohmmal)(ccmal)(mmal-ohmmal-ccmmal)(ohmmal-redemal)(ohmal)
47,angAIII;angAII;angAIV;angAI;angAV,0.44530512770945935,0.43864475664457386,0.4497453750860497,C(C)C(O)C(CC)CC=CC(C)C(O)C(C)C(=O)C(C)C(O)C(C)=CCC(O),(ohmmal-redemal)(ccmal)(ohmmal)(mmal-ohmmal-ccmmal)(ohmal)
48,angAI;angAV;angAIV;angAII;angAIII,0.4446852621404144,0.4019323357566711,0.4731872130629099,C(C)C(=O)C(C)C(O)C(C)=CCC(O)C(C)C(O)C=CC(C)C(O)C(CC)C,(mmal-ohmmal-ccmmal)(ohmal)(ohmmal)(ccmal)(ohmmal-redemal)
49,angAV;angAI;angAIV;angAIII;angAII,0.4436018480261516,0.46282097873880856,0.4307890942177136,CC(O)C(C)C(=O)C(C)C(O)C(C)=CC(C)C(O)C(C)C(O)C(CC)CC=C,(ohmal)(mmal-ohmmal-ccmmal)(ohmmal)(ohmmal-redemal)(ccmal)
50,angAIV;angAIII;angAI;angAII;angAV,0.4413459440414309,0.42000224645399475,0.4555750757663884,C(C)C(O)C(C)C(O)C(CC)CC(C)C(=O)C(C)C(O)C(C)=CC=CCC(O),(ohmmal)(ohmmal-redemal)(mmal-ohmmal-ccmmal)(ccmal)(ohmal)
51,angAV;angAII;angAI;angAIII;angAIV,0.44020904592355903,0.3822439013544776,0.47885247563628,CC(O)C=CC(C)C(=O)C(C)C(O)C(C)=CC(C)C(O)C(CC)CC(C)C(O),(ohmal)(ccmal)(mmal-ohmmal-ccmmal)(ohmmal-redemal)(ohmmal)
52,angAI;angAIII;angAV;angAIV;angAII,0.4378545999101209,0.3596857236049164,0.4899671841135906,C(C)C(=O)C(C)C(O)C(C)=CC(C)C(O)C(CC)CCC(O)C(C)C(O)C=C,(mmal-ohmmal-ccmmal)(ohmmal-redemal)(ohmal)(ohmmal)(ccmal)
53,angAII;angAIV;angAIII;angAV;angAI,0.4374293792652909,0.3999547450423909,0.4624124687472242,C=CC(C)C(O)C(C)C(O)C(CC)CCC(O)C(C)C(=O)C(C)C(O)C(C)=C,(ccmal)(ohmmal)(ohmmal-redemal)(ohmal)(mmal-ohmmal-ccmmal)
54,angAI;angAII;angAV;angAIV;angAIII,0.43203472163893286,0.4499066961670486,0.42012007195352236,C(C)C(=O)C(C)C(O)C(C)=CC=CCC(O)C(C)C(O)C(C)C(O)C(CC)C,(mmal-ohmmal-ccmmal)(ccmal)(ohmal)(ohmmal)(ohmmal-redemal)
55,angAI;angAIII;angAV;angAII;angAIV,0.4294252499706134,0.36836729672358215,0.47013055213530097,C(C)C(=O)C(C)C(O)C(C)=CC(C)C(O)C(CC)CCC(O)C=CC(C)C(O),(mmal-ohmmal-ccmmal)(ohmmal-redemal)(ohmal)(ccmal)(ohmmal)
56,angAIII;angAI;angAII;angAV;angAIV,0.42918477750362505,0.4251807859395509,0.4318541052130078,C(C)C(O)C(CC)CC(C)C(=O)C(C)C(O)C(C)=CC=CCC(O)C(C)C(O),(ohmmal-redemal)(mmal-ohmmal-ccmmal)(ccmal)(ohmal)(ohmmal)
57,angAIV;angAI;angAIII;angAII;angAV,0.4284836493979107,0.3801246405054226,0.46072298865956945,C(C)C(O)C(C)C(=O)C(C)C(O)C(C)=CC(C)C(O)C(CC)CC=CCC(O),(ohmmal)(mmal-ohmmal-ccmmal)(ohmmal-redemal)(ccmal)(ohmal)
58,angAIII;angAII;angAI;angAIV;angAV,0.42817862983626037,0.5539977281063817,0.34429923098951276,C(C)C(O)C(CC)CC=CC(C)C(=O)C(C)C(O)C(C)=CC(C)C(O)CC(O),(ohmmal-redemal)(ccmal)(mmal-ohmmal-ccmmal)(ohmmal)(ohmal)
59,angAV;angAIII;angAIV;angAII;angAI,0.42752874159722554,0.41230438175366446,0.4376783148262663,CC(O)C(C)C(O)C(CC)CC(C)C(O)C=CC(C)C(=O)C(C)C(O)C(C)=C,(ohmal)(ohmmal-redemal)(ohmmal)(ccmal)(mmal-ohmmal-ccmmal)
60,angAI;angAIV;angAIII;angAII;angAV,0.42535773430997764,0.47706253844282087,0.39088786488808214,C(C)C(=O)C(C)C(O)C(C)=CC(C)C(O)C(C)C(O)C(CC)CC=CCC(O),(mmal-ohmmal-ccmmal)(ohmmal)(ohmmal-redemal)(ccmal)(ohmal)
61,angAII;angAI;angAV;angAIII;angAIV,0.4231428172073871,0.38092002000338265,0.4512913486767235,C=CC(C)C(=O)C(C)C(O)C(C)=CCC(O)C(C)C(O)C(CC)CC(C)C(O),(ccmal)(mmal-ohmmal-ccmmal)(ohmal)(ohmmal-redemal)(ohmmal)
62,angAV;angAIV;angAIII;angAI;angAII,0.4229786400076802,0.40251831266396987,0.4366188582368204,CC(O)C(C)C(O)C(C)C(O)C(CC)CC(C)C(=O)C(C)C(O)C(C)=CC=C,(ohmal)(ohmmal)(ohmmal-redemal)(mmal-ohmmal-ccmmal)(ccmal)
63,angAI;angAIV;angAV;angAII;angAIII,0.4198886184700621,0.5268328646196664,0.34859245437032593,C(C)C(=O)C(C)C(O)C(C)=CC(C)C(O)CC(O)C=CC(C)C(O)C(CC)C,(mmal-ohmmal-ccmmal)(ohmmal)(ohmal)(ccmal)(ohmmal-redemal)
64,angAIII;angAI;angAIV;angAII;angAV,0.41939630703784725,0.4276156892054037,0.4139167189261429,C(C)C(O)C(CC)CC(C)C(=O)C(C)C(O)C(C)=CC(C)C(O)C=CCC(O),(ohmmal-redemal)(mmal-ohmmal-ccmmal)(ohmmal)(ccmal)(ohmal)
65,angAI;angAV;angAIII;angAII;angAIV,0.41679519740027293,0.4234275112813315,0.4123736548129005,C(C)C(=O)C(C)C(O)C(C)=CCC(O)C(C)C(O)C(CC)CC=CC(C)C(O),(mmal-ohmmal-ccmmal)(ohmal)(ohmmal-redemal)(ccmal)(ohmmal)
66,angAIV;angAV;angAIII;angAI;angAII,0.4164161134008813,0.4825861750368349,0.37230273897691224,C(C)C(O)CC(O)C(C)C(O)C(CC)CC(C)C(=O)C(C)C(O)C(C)=CC=C,(ohmmal)(ohmal)(ohmmal-redemal)(mmal-ohmmal-ccmmal)(ccmal)
67,angAI;angAIII;angAII;angAV;angAIV,0.41627182425585374,0.40096214088256565,0.4264782798380459,C(C)C(=O)C(C)C(O)C(C)=CC(C)C(O)C(CC)CC=CCC(O)C(C)C(O),(mmal-ohmmal-ccmmal)(ohmmal-redemal)(ccmal)(ohmal)(ohmmal)
68,angAIV;angAI;angAII;angAV;angAIII,0.4157872750760544,0.3981929895350764,0.42751679877003973,C(C)C(O)C(C)C(=O)C(C)C(O)C(C)=CC=CCC(O)C(C)C(O)C(CC)C,(ohmmal)(mmal-ohmmal-ccmmal)(ccmal)(ohmal)(ohmmal-redemal)
69,angAII;angAIII;angAV;angAIV;angAI,0.41557206282945186,0.3482244278096652,0.4604704861759763,C=CC(C)C(O)C(CC)CCC(O)C(C)C(O)C(C)C(=O)C(C)C(O)C(C)=C,(ccmal)(ohmmal-redemal)(ohmal)(ohmmal)(mmal-ohmmal-ccmmal)
70,angAII;angAV;angAI;angAIV;angAIII,0.4144714130892306,0.42299236109769417,0.4087907810835882,C=CCC(O)C(C)C(=O)C(C)C(O)C(C)=CC(C)C(O)C(C)C(O)C(CC)C,(ccmal)(ohmal)(mmal-ohmmal-ccmmal)(ohmmal)(ohmmal-redemal)
71,angAII;angAI;angAIV;angAIII;angAV,0.4140068751300984,0.38149102408428714,0.43568410916063915,C=CC(C)C(=O)C(C)C(O)C(C)=CC(C)C(O)C(C)C(O)C(CC)CCC(O),(ccmal)(mmal-ohmmal-ccmmal)(ohmmal)(ohmmal-redemal)(ohmal)
72,angAV;angAIV;angAII;angAIII;angAI,0.4139961530989017,0.37082063537267906,0.44277983158305007,CC(O)C(C)C(O)C=CC(C)C(O)C(CC)CC(C)C(=O)C(C)C(O)C(C)=C,(ohmal)(ohmmal)(ccmal)(ohmmal-redemal)(mmal-ohmmal-ccmmal)
73,angAV;angAIV;angAI;angAIII;angAII,0.41011634536416003,0.36264070671539783,0.44176677113000146,CC(O)C(C)C(O)C(C)C(=O)C(C)C(O)C(C)=CC(C)C(O)C(CC)CC=C,(ohmal)(ohmmal)(mmal-ohmmal-ccmmal)(ohmmal-redemal)(ccmal)
74,angAII;angAIII;angAI;angAV;angAIV,0.4096102287090633,0.33943627362239726,0.4563928654335073,C=CC(C)C(O)C(CC)CC(C)C(=O)C(C)C(O)C(C)=CCC(O)C(C)C(O),(ccmal)(ohmmal-redemal)(mmal-ohmmal-ccmmal)(ohmal)(ohmmal)
75,angAIII;angAIV;angAI;angAV;angAII,0.40953789580505706,0.38108289598353523,0.42850789568607156,C(C)C(O)C(CC)CC(C)C(O)C(C)C(=O)C(C)C(O)C(C)=CCC(O)C=C,(ohmmal-redemal)(ohmmal)(mmal-ohmmal-ccmmal)(ohmal)(ccmal)
76,angAV;angAII;angAIII;angAI;angAIV,0.40730309577442364,0.38598434627891826,0.42151559543809386,CC(O)C=CC(C)C(O)C(CC)CC(C)C(=O)C(C)C(O)C(C)=CC(C)C(O),(ohmal)(ccmal)(ohmmal-redemal)(mmal-ohmmal-ccmmal)(ohmmal)
77,angAII;angAIV;angAIII;angAI;angAV,0.40706795253703465,0.3670867163919675,0.4337221099670793,C=CC(C)C(O)C(C)C(O)C(CC)CC(C)C(=O)C(C)C(O)C(C)=CCC(O),(ccmal)(ohmmal)(ohmmal-redemal)(mmal-ohmmal-ccmmal)(ohmal)
78,angAV;angAIV;angAII;angAI;angAIII,0.40624565808498325,0.3370537834229568,0.4523735745263343,CC(O)C(C)C(O)C=CC(C)C(=O)C(C)C(O)C(C)=CC(C)C(O)C(CC)C,(ohmal)(ohmmal)(ccmal)(mmal-ohmmal-ccmmal)(ohmmal-redemal)
79,angAII;angAI;angAIII;angAV;angAIV,0.4049209650759745,0.3053906265240319,0.4712745241106029,C=CC(C)C(=O)C(C)C(O)C(C)=CC(C)C(O)C(CC)CCC(O)C(C)C(O),(ccmal)(mmal-ohmmal-ccmmal)(ohmmal-redemal)(ohmal)(ohmmal)
80,angAII;angAV;angAIII;angAIV;angAI,0.4022689939394813,0.3980626874049912,0.40507319829580807,C=CCC(O)C(C)C(O)C(CC)CC(C)C(O)C(C)C(=O)C(C)C(O)C(C)=C,(ccmal)(ohmal)(ohmmal-redemal)(ohmmal)(mmal-ohmmal-ccmmal)
81,angAI;angAIV;angAV;angAIII;angAII,0.40042790366942804,0.539646467025661,0.30761552809860604,C(C)C(=O)C(C)C(O)C(C)=CC(C)C(O)CC(O)C(C)C(O)C(CC)CC=C,(mmal-ohmmal-ccmmal)(ohmmal)(ohmal)(ohmmal-redemal)(ccmal)
82,angAV;angAII;angAIV;angAI;angAIII,0.39857551228783,0.34660134082414423,0.4332249599302872,CC(O)C=CC(C)C(O)C(C)C(=O)C(C)C(O)C(C)=CC(C)C(O)C(CC)C,(ohmal)(ccmal)(ohmmal)(mmal-ohmmal-ccmmal)(ohmmal-redemal)
83,angAI;angAIV;angAII;angAV;angAIII,0.39378697946821967,0.4214653931780722,0.3753347036616513,C(C)C(=O)C(C)C(O)C(C)=CC(C)C(O)C=CCC(O)C(C)C(O)C(CC)C,(mmal-ohmmal-ccmmal)(ohmmal)(ccmal)(ohmal)(ohmmal-redemal)
84,angAIV;angAIII;angAII;angAV;angAI,0.3936137228387175,0.39579173515862,0.39216171462544913,C(C)C(O)C(C)C(O)C(CC)CC=CCC(O)C(C)C(=O)C(C)C(O)C(C)=C,(ohmmal)(ohmmal-redemal)(ccmal)(ohmal)(mmal-ohmmal-ccmmal)
85,angAIII;angAIV;angAV;angAII;angAI,0.3906751053168287,0.48995372965776973,0.3244893557562013,C(C)C(O)C(CC)CC(C)C(O)CC(O)C=CC(C)C(=O)C(C)C(O)C(C)=C,(ohmmal-redemal)(ohmmal)(ohmal)(ccmal)(mmal-ohmmal-ccmmal)
86,angAIV;angAIII;angAII;angAI;angAV,0.3900879534987556,0.354569193293856,0.41376712696868867,C(C)C(O)C(C)C(O)C(CC)CC=CC(C)C(=O)C(C)C(O)C(C)=CCC(O),(ohmmal)(ohmmal-redemal)(ccmal)(mmal-ohmmal-ccmmal)(ohmal)
87,angAV;angAIII;angAII;angAI;angAIV,0.38998377957099434,0.4069989137383022,0.378640356792789,CC(O)C(C)C(O)C(CC)CC=CC(C)C(=O)C(C)C(O)C(C)=CC(C)C(O),(ohmal)(ohmmal-redemal)(ccmal)(mmal-ohmmal-ccmmal)(ohmmal)
88,angAV;angAIII;angAII;angAIV;angAI,0.38900669109831915,0.4013827602332505,0.38075597834169816,CC(O)C(C)C(O)C(CC)CC=CC(C)C(O)C(C)C(=O)C(C)C(O)C(C)=C,(ohmal)(ohmmal-redemal)(ccmal)(ohmmal)(mmal-ohmmal-ccmmal)
89,angAV;angAIII;angAI;angAIV;angAII,0.384730897836967,0.3740770096749935,0.3918334899449493,CC(O)C(C)C(O)C(CC)CC(C)C(=O)C(C)C(O)C(C)=CC(C)C(O)C=C,(ohmal)(ohmmal-redemal)(mmal-ohmmal-ccmmal)(ohmmal)(ccmal)
90,angAIV;angAI;angAV;angAII;angAIII,0.3818486007368084,0.3117453689155538,0.42858408861764485,C(C)C(O)C(C)C(=O)C(C)C(O)C(C)=CCC(O)C=CC(C)C(O)C(CC)C,(ohmmal)(mmal-ohmmal-ccmmal)(ohmal)(ccmal)(ohmmal-redemal)
91,angAII;angAIV;angAI;angAV;angAIII,0.3815092835716581,0.3452774594730492,0.4056638329707307,C=CC(C)C(O)C(C)C(=O)C(C)C(O)C(C)=CCC(O)C(C)C(O)C(CC)C,(ccmal)(ohmmal)(mmal-ohmmal-ccmmal)(ohmal)(ohmmal-redemal)
92,angAII;angAV;angAIV;angAI;angAIII,0.38098591042723895,0.3228120890742834,0.41976845799587603,C=CCC(O)C(C)C(O)C(C)C(=O)C(C)C(O)C(C)=CC(C)C(O)C(CC)C,(ccmal)(ohmal)(ohmmal)(mmal-ohmmal-ccmmal)(ohmmal-redemal)
93,angAI;angAV;angAIV;angAIII;angAII,0.3786353324990528,0.3762726779535206,0.3802104355294076,C(C)C(=O)C(C)C(O)C(C)=CCC(O)C(C)C(O)C(C)C(O)C(CC)CC=C,(mmal-ohmmal-ccmmal)(ohmal)(ohmmal)(ohmmal-redemal)(ccmal)
94,angAIII;angAII;angAI;angAV;angAIV,0.3779267869609497,0.3597477327794121,0.39004615641530815,C(C)C(O)C(CC)CC=CC(C)C(=O)C(C)C(O)C(C)=CCC(O)C(C)C(O),(ohmmal-redemal)(ccmal)(mmal-ohmmal-ccmmal)(ohmal)(ohmmal)
95,angAIII;angAV;angAIV;angAII;angAI,0.3778765352049568,0.3347479986208497,0.4066288929276949,C(C)C(O)C(CC)CCC(O)C(C)C(O)C=CC(C)C(=O)C(C)C(O)C(C)=C,(ohmmal-redemal)(ohmal)(ohmmal)(ccmal)(mmal-ohmmal-ccmmal)
96,angAIV;angAI;angAIII;angAV;angAII,0.3750179385065149,0.2694987567637992,0.44536405966832543,C(C)C(O)C(C)C(=O)C(C)C(O)C(C)=CC(C)C(O)C(CC)CCC(O)C=C,(ohmmal)(mmal-ohmmal-ccmmal)(ohmmal-redemal)(ohmal)(ccmal)
97,angAIII;angAI;angAV;angAIV;angAII,0.3726739052269224,0.32682582871610344,0.4032392895674684,C(C)C(O)C(CC)CC(C)C(=O)C(C)C(O)C(C)=CCC(O)C(C)C(O)C=C,(ohmmal-redemal)(mmal-ohmmal-ccmmal)(ohmal)(ohmmal)(ccmal)
98,angAI;angAIV;angAIII;angAV;angAII,0.3718920234185818,0.36643665470119735,0.3755289358968381,C(C)C(=O)C(C)C(O)C(C)=CC(C)C(O)C(C)C(O)C(CC)CCC(O)C=C,(mmal-ohmmal-ccmmal)(ohmmal)(ohmmal-redemal)(ohmal)(ccmal)
99,angAIII;angAV;angAII;angAI;angAIV,0.37118347788047873,0.3499117095270889,0.3853646567827386,C(C)C(O)C(CC)CCC(O)C=CC(C)C(=O)C(C)C(O)C(C)=CC(C)C(O),(ohmmal-redemal)(ohmal)(ccmal)(mmal-ohmmal-ccmmal)(ohmmal)
100,angAIII;angAV;angAII;angAIV;angAI,0.37020638940780354,0.3442955560220372,0.3874802783316478,C(C)C(O)C(CC)CCC(O)C=CC(C)C(O)C(C)C(=O)C(C)C(O)C(C)=C,(ohmmal-redemal)(ohmal)(ccmal)(ohmmal)(mmal-ohmmal-ccmmal)
101,angAI;angAV;angAII;angAIV;angAIII,0.36709449942272276,0.360233312062267,0.37166862432969333,C(C)C(=O)C(C)C(O)C(C)=CCC(O)C=CC(C)C(O)C(C)C(O)C(CC)C,(mmal-ohmmal-ccmmal)(ohmal)(ccmal)(ohmmal)(ohmmal-redemal)
102,angAII;angAI;angAIV;angAV;angAIII,0.3643827856984591,0.4606304309348571,0.3002176888741937,C=CC(C)C(=O)C(C)C(O)C(C)=CC(C)C(O)CC(O)C(C)C(O)C(CC)C,(ccmal)(mmal-ohmmal-ccmmal)(ohmmal)(ohmal)(ohmmal-redemal)
103,angAIII;angAI;angAV;angAII;angAIV,0.36424455528741495,0.33550740183476924,0.3834026575891788,C(C)C(O)C(CC)CC(C)C(=O)C(C)C(O)C(C)=CCC(O)C=CC(C)C(O),(ohmmal-redemal)(mmal-ohmmal-ccmmal)(ohmal)(ccmal)(ohmmal)
104,angAIV;angAI;angAV;angAIII;angAII,0.3623878859361744,0.3245589713215485,0.38760716234592496,C(C)C(O)C(C)C(=O)C(C)C(O)C(C)=CCC(O)C(C)C(O)C(CC)CC=C,(ohmmal)(mmal-ohmmal-ccmmal)(ohmal)(ohmmal-redemal)(ccmal)
105,angAIV;angAV;angAII;angAIII;angAI,0.36084441165137526,0.41241523753639897,0.32646386106135944,C(C)C(O)CC(O)C=CC(C)C(O)C(CC)CC(C)C(=O)C(C)C(O)C(C)=C,(ohmmal)(ohmal)(ccmal)(ohmmal-redemal)(mmal-ohmmal-ccmmal)
106,angAII;angAIV;angAV;angAIII;angAI,0.36050509448622503,0.4459473280938944,0.3035436054144453,C=CC(C)C(O)CC(O)C(C)C(O)C(CC)CC(C)C(=O)C(C)C(O)C(C)=C,(ccmal)(ohmmal)(ohmal)(ohmmal-redemal)(mmal-ohmmal-ccmmal)
107,angAII;angAV;angAIII;angAI;angAIV,0.35871194603686857,0.35896933104379847,0.3585403560322486,C=CCC(O)C(C)C(O)C(CC)CC(C)C(=O)C(C)C(O)C(C)=CC(C)C(O),(ccmal)(ohmal)(ohmmal-redemal)(mmal-ohmmal-ccmmal)(ohmmal)
108,angAIV;angAII;angAI;angAV;angAIII,0.3585171986569976,0.2989720480291074,0.39821396574225776,C(C)C(O)C=CC(C)C(=O)C(C)C(O)C(C)=CCC(O)C(C)C(O)C(CC)C,(ohmmal)(ccmal)(mmal-ohmmal-ccmmal)(ohmal)(ohmmal-redemal)
109,angAIII;angAII;angAV;angAIV;angAI,0.3570529636930439,0.3768904001810206,0.3438280060343927,C(C)C(O)C(CC)CC=CCC(O)C(C)C(O)C(C)C(=O)C(C)C(O)C(C)=C,(ohmmal-redemal)(ccmal)(ohmal)(ohmmal)(mmal-ohmmal-ccmmal)
110,angAIV;angAV;angAII;angAI;angAIII,0.3530939166374568,0.3786483855866767,0.33605760400464363,C(C)C(O)CC(O)C=CC(C)C(=O)C(C)C(O)C(C)=CC(C)C(O)C(CC)C,(ohmmal)(ohmal)(ccmal)(mmal-ohmmal-ccmmal)(ohmmal-redemal)
111,angAV;angAIV;angAIII;angAII;angAI,0.35008762205474486,0.353361942622918,0.3479047416759628,CC(O)C(C)C(O)C(C)C(O)C(CC)CC=CC(C)C(=O)C(C)C(O)C(C)=C,(ohmal)(ohmmal)(ohmmal-redemal)(ccmal)(mmal-ohmmal-ccmmal)
112,angAIII;angAI;angAIV;angAV;angAII,0.3478772615565701,0.45172635757909874,0.27864453087488433,C(C)C(O)C(CC)CC(C)C(=O)C(C)C(O)C(C)=CC(C)C(O)CC(O)C=C,(ohmmal-redemal)(mmal-ohmmal-ccmmal)(ohmmal)(ohmal)(ccmal)
113,angAIV;angAV;angAIII;angAII;angAI,0.34352509544794596,0.433429804995783,0.28358862241605465,C(C)C(O)CC(O)C(C)C(O)C(CC)CC=CC(C)C(=O)C(C)C(O)C(C)=C,(ohmmal)(ohmal)(ohmmal-redemal)(ccmal)(mmal-ohmmal-ccmmal)
114,angAII;angAI;angAV;angAIV;angAIII,0.3425902145280838,0.2972566418627167,0.37281259630499525,C=CC(C)C(=O)C(C)C(O)C(C)=CCC(O)C(C)C(O)C(C)C(O)C(CC)C,(ccmal)(mmal-ohmmal-ccmmal)(ohmal)(ohmmal)(ohmmal-redemal)
115,angAV;angAII;angAI;angAIV;angAIII,0.3402830815934442,0.3438047145192378,0.33793532630958184,CC(O)C=CC(C)C(=O)C(C)C(O)C(C)=CC(C)C(O)C(C)C(O)C(CC)C,(ohmal)(ccmal)(mmal-ohmmal-ccmmal)(ohmmal)(ohmmal-redemal)
116,angAV;angAII;angAIV;angAIII;angAI,0.33640539038121015,0.32912161167827503,0.34126124284983345,CC(O)C=CC(C)C(O)C(C)C(O)C(CC)CC(C)C(=O)C(C)C(O)C(C)=C,(ohmal)(ccmal)(ohmmal)(ohmmal-redemal)(mmal-ohmmal-ccmmal)
117,angAIV;angAII;angAV;angAIII;angAI,0.3347427726495329,0.3070477660948049,0.35320611035268484,C(C)C(O)C=CCC(O)C(C)C(O)C(CC)CC(C)C(=O)C(C)C(O)C(C)=C,(ohmmal)(ccmal)(ohmal)(ohmmal-redemal)(mmal-ohmmal-ccmmal)
118,angAII;angAV;angAIV;angAIII;angAI,0.3188157885206191,0.30533235992841423,0.32780474091542233,C=CCC(O)C(C)C(O)C(C)C(O)C(CC)CC(C)C(=O)C(C)C(O)C(C)=C,(ccmal)(ohmal)(ohmmal)(ohmmal-redemal)(mmal-ohmmal-ccmmal)
119,angAIV;angAIII;angAV;angAII;angAI,0.31498921519709977,0.2602199926713193,0.3515020302142867,C(C)C(O)C(C)C(O)C(CC)CCC(O)C=CC(C)C(=O)C(C)C(O)C(C)=C,(ohmmal)(ohmmal-redemal)(ohmal)(ccmal)(mmal-ohmmal-ccmmal)
120,angAIV;angAIII;angAI;angAV;angAII,0.3097865852190654,0.2522978227665731,0.34811242685406024,C(C)C(O)C(C)C(O)C(CC)CC(C)C(=O)C(C)C(O)C(C)=CCC(O)C=C,(ohmmal)(ohmmal-redemal)(mmal-ohmmal-ccmmal)(ohmal)(ccmal)
