PathwayID,Pathway,Score,Score2,Score3,ProductSMILES,Polymer
1,hgcA;hgcB;hgcD;hgcE;hgcC,0.5727845738777779,0.5575771403532261,0.582922862894146,C(C)=CCC(=O)CC(O)C(CC)CC(C)CC(C)C(=O)C=CC=C,(ccmmal-mal-ohmal)(redemal)(redmmal)(mmal-ccmal)(ccmal)
2,hgcA;hgcB;hgcC;hgcD;hgcE,0.5649603564187149,0.512323119797143,0.6000518474997628,C(C)=CCC(=O)CC(O)C(CC)CC=CC(C)CC(C)C(=O)C=C,(ccmmal-mal-ohmal)(redemal)(ccmal)(redmmal)(mmal-ccmal)
3,hgcC;hgcD;hgcE;hgcA;hgcB,0.556260558970195,0.5379530436852582,0.568465569160153,C=CC(C)CC(C)C(=O)C=CC(C)=CCC(=O)CC(O)C(CC)C,(ccmal)(redmmal)(mmal-ccmal)(ccmmal-mal-ohmal)(redemal)
4,hgcA;hgcE;hgcC;hgcD;hgcB,0.5428804285636253,0.5101319415040767,0.564712753269991,C(C)=CCC(=O)CC(O)C(C)C(=O)C=CC=CC(C)CC(CC)C,(ccmmal-mal-ohmal)(mmal-ccmal)(ccmal)(redmmal)(redemal)
5,hgcE;hgcC;hgcD;hgcA;hgcB,0.5300055040221048,0.5113557122032341,0.5424386985680187,C(C)C(=O)C=CC=CC(C)CC(C)=CCC(=O)CC(O)C(CC)C,(mmal-ccmal)(ccmal)(redmmal)(ccmmal-mal-ohmal)(redemal)
6,hgcA;hgcC;hgcD;hgcE;hgcB,0.5266737427840259,0.5010623946900746,0.54374797484666,C(C)=CCC(=O)CC(O)C=CC(C)CC(C)C(=O)C=CC(CC)C,(ccmmal-mal-ohmal)(ccmal)(redmmal)(mmal-ccmal)(redemal)
7,hgcC;hgcD;hgcE;hgcB;hgcA,0.5188849396649622,0.5649284550742338,0.48818926272544794,C=CC(C)CC(C)C(=O)C=CC(CC)CC(C)=CCC(=O)CC(O),(ccmal)(redmmal)(mmal-ccmal)(redemal)(ccmmal-mal-ohmal)
8,hgcB;hgcC;hgcD;hgcE;hgcA,0.512336355918624,0.4523254127960522,0.5523436513336719,C(CC)CC=CC(C)CC(C)C(=O)C=CC(C)=CCC(=O)CC(O),(redemal)(ccmal)(redmmal)(mmal-ccmal)(ccmmal-mal-ohmal)
9,hgcC;hgcB;hgcD;hgcE;hgcA,0.5063777671051843,0.45722591838349136,0.5391456662529795,C=CC(CC)CC(C)CC(C)C(=O)C=CC(C)=CCC(=O)CC(O),(ccmal)(redemal)(redmmal)(mmal-ccmal)(ccmmal-mal-ohmal)
10,hgcE;hgcC;hgcD;hgcB;hgcA,0.5062467760803339,0.578791599115724,0.4578835607234072,C(C)C(=O)C=CC=CC(C)CC(CC)CC(C)=CCC(=O)CC(O),(mmal-ccmal)(ccmal)(redmmal)(redemal)(ccmmal-mal-ohmal)
11,hgcE;hgcA;hgcB;hgcC;hgcD,0.49955481838796195,0.42228791418025036,0.5510660878597697,C(C)C(=O)C=CC(C)=CCC(=O)CC(O)C(CC)CC=CC(C)C,(mmal-ccmal)(ccmmal-mal-ohmal)(redemal)(ccmal)(redmmal)
12,hgcA;hgcE;hgcB;hgcC;hgcD,0.4988128515660206,0.3806036679575787,0.5776189739716486,C(C)=CCC(=O)CC(O)C(C)C(=O)C=CC(CC)CC=CC(C)C,(ccmmal-mal-ohmal)(mmal-ccmal)(redemal)(ccmal)(redmmal)
13,hgcE;hgcB;hgcC;hgcD;hgcA,0.4900361032377752,0.4249911122726303,0.5333994305478718,C(C)C(=O)C=CC(CC)CC=CC(C)CC(C)=CCC(=O)CC(O),(mmal-ccmal)(redemal)(ccmal)(redmmal)(ccmmal-mal-ohmal)
14,hgcA;hgcE;hgcC;hgcB;hgcD,0.48889946048533955,0.38624114258641556,0.5573383390846222,C(C)=CCC(=O)CC(O)C(C)C(=O)C=CC=CC(CC)CC(C)C,(ccmmal-mal-ohmal)(mmal-ccmal)(ccmal)(redemal)(redmmal)
15,hgcC;hgcA;hgcB;hgcD;hgcE,0.4888719943762321,0.4637248502067112,0.5056367571559126,C=CC(C)=CCC(=O)CC(O)C(CC)CC(C)CC(C)C(=O)C=C,(ccmal)(ccmmal-mal-ohmal)(redemal)(redmmal)(mmal-ccmal)
16,hgcD;hgcE;hgcA;hgcB;hgcC,0.4882665688788713,0.3811854735390929,0.559653965772057,C(C)CC(C)C(=O)C=CC(C)=CCC(=O)CC(O)C(CC)CC=C,(redmmal)(mmal-ccmal)(ccmmal-mal-ohmal)(redemal)(ccmal)
17,hgcC;hgcD;hgcA;hgcE;hgcB,0.48622971139943016,0.39312591072619285,0.548298911848255,C=CC(C)CC(C)=CCC(=O)CC(O)C(C)C(=O)C=CC(CC)C,(ccmal)(redmmal)(ccmmal-mal-ohmal)(mmal-ccmal)(redemal)
18,hgcA;hgcC;hgcB;hgcD;hgcE,0.48242632335113134,0.4045243901764268,0.5343609454676008,C(C)=CCC(=O)CC(O)C=CC(CC)CC(C)CC(C)C(=O)C=C,(ccmmal-mal-ohmal)(ccmal)(redemal)(redmmal)(mmal-ccmal)
19,hgcD;hgcE;hgcC;hgcA;hgcB,0.48172184353027214,0.46605421778943207,0.4921669273574989,C(C)CC(C)C(=O)C=CC=CC(C)=CCC(=O)CC(O)C(CC)C,(redmmal)(mmal-ccmal)(ccmal)(ccmmal-mal-ohmal)(redemal)
20,hgcA;hgcD;hgcE;hgcC;hgcB,0.4803512641764276,0.4259867994372881,0.5165942406691872,C(C)=CCC(=O)CC(O)C(C)CC(C)C(=O)C=CC=CC(CC)C,(ccmmal-mal-ohmal)(redmmal)(mmal-ccmal)(ccmal)(redemal)
21,hgcA;hgcB;hgcE;hgcC;hgcD,0.480182373188777,0.508837358804125,0.46107904944521166,C(C)=CCC(=O)CC(O)C(CC)CC(C)C(=O)C=CC=CC(C)C,(ccmmal-mal-ohmal)(redemal)(mmal-ccmal)(ccmal)(redmmal)
22,hgcE;hgcC;hgcB;hgcD;hgcA,0.48012271215709407,0.4306285869014671,0.5131187956608454,C(C)C(=O)C=CC=CC(CC)CC(C)CC(C)=CCC(=O)CC(O),(mmal-ccmal)(ccmal)(redemal)(redmmal)(ccmmal-mal-ohmal)
23,hgcB;hgcD;hgcE;hgcC;hgcA,0.47928181967687455,0.4802726984599899,0.47862123382146426,C(CC)CC(C)CC(C)C(=O)C=CC=CC(C)=CCC(=O)CC(O),(redemal)(redmmal)(mmal-ccmal)(ccmal)(ccmmal-mal-ohmal)
24,hgcE;hgcA;hgcB;hgcD;hgcC,0.4720870306913598,0.4036217622727021,0.517730542970465,C(C)C(=O)C=CC(C)=CCC(=O)CC(O)C(CC)CC(C)CC=C,(mmal-ccmal)(ccmmal-mal-ohmal)(redemal)(redmmal)(ccmal)
25,hgcA;hgcE;hgcB;hgcD;hgcC,0.4713450638694185,0.36193751605003044,0.5442834290823438,C(C)=CCC(=O)CC(O)C(C)C(=O)C=CC(CC)CC(C)CC=C,(ccmmal-mal-ohmal)(mmal-ccmal)(redemal)(redmmal)(ccmal)
26,hgcE;hgcA;hgcC;hgcD;hgcB,0.4710017533986641,0.4383799834771952,0.49274960001297674,C(C)C(=O)C=CC(C)=CCC(=O)CC(O)C=CC(C)CC(CC)C,(mmal-ccmal)(ccmmal-mal-ohmal)(ccmal)(redmmal)(redemal)
27,hgcC;hgcD;hgcB;hgcA;hgcE,0.46810635588977534,0.4447509184268018,0.48367664753175765,C=CC(C)CC(CC)CC(C)=CCC(=O)CC(O)C(C)C(=O)C=C,(ccmal)(redmmal)(redemal)(ccmmal-mal-ohmal)(mmal-ccmal)
28,hgcD;hgcE;hgcC;hgcB;hgcA,0.4674873693861078,0.4707198181433069,0.4653324035479751,C(C)CC(C)C(=O)C=CC=CC(CC)CC(C)=CCC(=O)CC(O),(redmmal)(mmal-ccmal)(ccmal)(redemal)(ccmmal-mal-ohmal)
29,hgcE;hgcC;hgcA;hgcB;hgcD,0.4665002821462125,0.450235199844188,0.4773436703475621,C(C)C(=O)C=CC=CC(C)=CCC(=O)CC(O)C(CC)CC(C)C,(mmal-ccmal)(ccmal)(ccmmal-mal-ohmal)(redemal)(redmmal)
30,hgcA;hgcD;hgcE;hgcB;hgcC,0.4637548443639583,0.3634278662220497,0.530639496458564,C(C)=CCC(=O)CC(O)C(C)CC(C)C(=O)C=CC(CC)CC=C,(ccmmal-mal-ohmal)(redmmal)(mmal-ccmal)(redemal)(ccmal)
31,hgcB;hgcD;hgcA;hgcE;hgcC,0.4557650982390384,0.33694142118118897,0.5349808829442713,C(CC)CC(C)CC(C)=CCC(=O)CC(O)C(C)C(=O)C=CC=C,(redemal)(redmmal)(ccmmal-mal-ohmal)(mmal-ccmal)(ccmal)
32,hgcA;hgcE;hgcD;hgcB;hgcC,0.45548329260917747,0.3757435865320338,0.5086430966606066,C(C)=CCC(=O)CC(O)C(C)C(=O)C=CC(C)CC(CC)CC=C,(ccmmal-mal-ohmal)(mmal-ccmal)(redmmal)(redemal)(ccmal)
33,hgcB;hgcA;hgcE;hgcC;hgcD,0.4544180049771428,0.41813509306418617,0.4786066129191138,C(CC)CC(C)=CCC(=O)CC(O)C(C)C(=O)C=CC=CC(C)C,(redemal)(ccmmal-mal-ohmal)(mmal-ccmal)(ccmal)(redmmal)
34,hgcB;hgcD;hgcE;hgcA;hgcC,0.45317530382290083,0.36833234989070124,0.5097372731110338,C(CC)CC(C)CC(C)C(=O)C=CC(C)=CCC(=O)CC(O)C=C,(redemal)(redmmal)(mmal-ccmal)(ccmmal-mal-ohmal)(ccmal)
35,hgcB;hgcA;hgcC;hgcD;hgcE,0.4479448678429345,0.43641834065419743,0.4556292193020926,C(CC)CC(C)=CCC(=O)CC(O)C=CC(C)CC(C)C(=O)C=C,(redemal)(ccmmal-mal-ohmal)(ccmal)(redmmal)(mmal-ccmal)
36,hgcB;hgcC;hgcD;hgcA;hgcE,0.44794088077997524,0.2916874006251059,0.5521098675498881,C(CC)CC=CC(C)CC(C)=CCC(=O)CC(O)C(C)C(=O)C=C,(redemal)(ccmal)(redmmal)(ccmmal-mal-ohmal)(mmal-ccmal)
37,hgcE;hgcD;hgcA;hgcB;hgcC,0.44260836806765697,0.3769673572311911,0.48636904195863423,C(C)C(=O)C=CC(C)CC(C)=CCC(=O)CC(O)C(CC)CC=C,(mmal-ccmal)(redmmal)(ccmmal-mal-ohmal)(redemal)(ccmal)
38,hgcC;hgcB;hgcD;hgcA;hgcE,0.44198229196653555,0.29658790621254505,0.5389118824691959,C=CC(CC)CC(C)CC(C)=CCC(=O)CC(O)C(C)C(=O)C=C,(ccmal)(redemal)(redmmal)(ccmmal-mal-ohmal)(mmal-ccmal)
39,hgcD;hgcE;hgcB;hgcC;hgcA,0.44175244274594255,0.3796896178588284,0.4831276593373519,C(C)CC(C)C(=O)C=CC(CC)CC=CC(C)=CCC(=O)CC(O),(redmmal)(mmal-ccmal)(redemal)(ccmal)(ccmmal-mal-ohmal)
40,hgcC;hgcD;hgcB;hgcE;hgcA,0.44124672360131867,0.47545547716564973,0.41844088789176465,C=CC(C)CC(CC)CC(C)C(=O)C=CC(C)=CCC(=O)CC(O),(ccmal)(redmmal)(redemal)(mmal-ccmal)(ccmmal-mal-ohmal)
41,hgcD;hgcA;hgcE;hgcC;hgcB,0.43483214112057567,0.298917273795266,0.5254420526707821,C(C)CC(C)=CCC(=O)CC(O)C(C)C(=O)C=CC=CC(CC)C,(redmmal)(ccmmal-mal-ohmal)(mmal-ccmal)(ccmal)(redemal)
42,hgcD;hgcB;hgcA;hgcE;hgcC,0.4344463941506651,0.3901588274231212,0.4639714386356944,C(C)CC(CC)CC(C)=CCC(=O)CC(O)C(C)C(=O)C=CC=C,(redmmal)(redemal)(ccmmal-mal-ohmal)(mmal-ccmal)(ccmal)
43,hgcC;hgcD;hgcA;hgcB;hgcE,0.433265204669973,0.41918412243025444,0.44265259282978536,C=CC(C)CC(C)=CCC(=O)CC(O)C(CC)CC(C)C(=O)C=C,(ccmal)(redmmal)(ccmmal-mal-ohmal)(redemal)(mmal-ccmal)
44,hgcD;hgcE;hgcA;hgcC;hgcB,0.4322423467044381,0.3303082025047782,0.5001984428375447,C(C)CC(C)C(=O)C=CC(C)=CCC(=O)CC(O)C=CC(CC)C,(redmmal)(mmal-ccmal)(ccmmal-mal-ohmal)(ccmal)(redemal)
45,hgcE;hgcB;hgcD;hgcA;hgcC,0.43087505114205193,0.34099804936727934,0.4907930523252336,C(C)C(=O)C=CC(CC)CC(C)CC(C)=CCC(=O)CC(O)C=C,(mmal-ccmal)(redemal)(redmmal)(ccmmal-mal-ohmal)(ccmal)
46,hgcE;hgcB;hgcA;hgcC;hgcD,0.42952795788015635,0.4221917212502766,0.4344187823000762,C(C)C(=O)C=CC(CC)CC(C)=CCC(=O)CC(O)C=CC(C)C,(mmal-ccmal)(redemal)(ccmmal-mal-ohmal)(ccmal)(redmmal)
47,hgcA;hgcE;hgcD;hgcC;hgcB,0.4270541586205903,0.3470295528796276,0.4804038957812321,C(C)=CCC(=O)CC(O)C(C)C(=O)C=CC(C)CC=CC(CC)C,(ccmmal-mal-ohmal)(mmal-ccmal)(redmmal)(ccmal)(redemal)
48,hgcA;hgcB;hgcD;hgcC;hgcE,0.4268767300570322,0.41298616004676914,0.4361371100638742,C(C)=CCC(=O)CC(O)C(CC)CC(C)CC=CC(C)C(=O)C=C,(ccmmal-mal-ohmal)(redemal)(redmmal)(ccmal)(mmal-ccmal)
49,hgcE;hgcB;hgcD;hgcC;hgcA,0.42557290455843105,0.40212590659243763,0.44120423653575996,C(C)C(=O)C=CC(CC)CC(C)CC=CC(C)=CCC(=O)CC(O),(mmal-ccmal)(redemal)(redmmal)(ccmal)(ccmmal-mal-ohmal)
50,hgcB;hgcE;hgcC;hgcD;hgcA,0.42367502997061546,0.4357319706835331,0.415637069495337,C(CC)CC(C)C(=O)C=CC=CC(C)CC(C)=CCC(=O)CC(O),(redemal)(mmal-ccmal)(ccmal)(redmmal)(ccmmal-mal-ohmal)
51,hgcC;hgcA;hgcE;hgcB;hgcD,0.4227244895235378,0.33200539836714693,0.4832038836277983,C=CC(C)=CCC(=O)CC(O)C(C)C(=O)C=CC(CC)CC(C)C,(ccmal)(ccmmal-mal-ohmal)(mmal-ccmal)(redemal)(redmmal)
52,hgcB;hgcA;hgcD;hgcE;hgcC,0.41935999777508043,0.40095929132865715,0.43162713540602937,C(CC)CC(C)=CCC(=O)CC(O)C(C)CC(C)C(=O)C=CC=C,(redemal)(ccmmal-mal-ohmal)(redmmal)(mmal-ccmal)(ccmal)
53,hgcC;hgcE;hgcA;hgcB;hgcD,0.41913490941196413,0.400360777256031,0.4316509975159196,C=CC(C)C(=O)C=CC(C)=CCC(=O)CC(O)C(CC)CC(C)C,(ccmal)(mmal-ccmal)(ccmmal-mal-ohmal)(redemal)(redmmal)
54,hgcD;hgcE;hgcB;hgcA;hgcC,0.4182397083710657,0.38108928060911906,0.44300666021236335,C(C)CC(C)C(=O)C=CC(CC)CC(C)=CCC(=O)CC(O)C=C,(redmmal)(mmal-ccmal)(redemal)(ccmmal-mal-ohmal)(ccmal)
55,hgcD;hgcA;hgcE;hgcB;hgcC,0.4182357213081064,0.2363583405800276,0.5394873084601589,C(C)CC(C)=CCC(=O)CC(O)C(C)C(=O)C=CC(CC)CC=C,(redmmal)(ccmmal-mal-ohmal)(mmal-ccmal)(redemal)(ccmal)
56,hgcA;hgcC;hgcD;hgcB;hgcE,0.4172952798472656,0.42275394895858515,0.4136561671063859,C(C)=CCC(=O)CC(O)C=CC(C)CC(CC)CC(C)C(=O)C=C,(ccmmal-mal-ohmal)(ccmal)(redmmal)(redemal)(mmal-ccmal)
57,hgcE;hgcA;hgcC;hgcB;hgcD,0.4170207853203784,0.3144891845595341,0.48537518582760786,C(C)C(=O)C=CC(C)=CCC(=O)CC(O)C=CC(CC)CC(C)C,(mmal-ccmal)(ccmmal-mal-ohmal)(ccmal)(redemal)(redmmal)
58,hgcC;hgcA;hgcD;hgcE;hgcB,0.4141762932146258,0.37175105521801943,0.4424597852123634,C=CC(C)=CCC(=O)CC(O)C(C)CC(C)C(=O)C=CC(CC)C,(ccmal)(ccmmal-mal-ohmal)(redmmal)(mmal-ccmal)(redemal)
59,hgcE;hgcD;hgcB;hgcC;hgcA,0.40971113329819003,0.41593197707444096,0.40556390411402277,C(C)C(=O)C=CC(C)CC(CC)CC=CC(C)=CCC(=O)CC(O),(mmal-ccmal)(redmmal)(redemal)(ccmal)(ccmmal-mal-ohmal)
60,hgcC;hgcE;hgcB;hgcD;hgcA,0.4096161942617773,0.403063975348411,0.41398434020402153,C=CC(C)C(=O)C=CC(CC)CC(C)CC(C)=CCC(=O)CC(O),(ccmal)(mmal-ccmal)(redemal)(redmmal)(ccmmal-mal-ohmal)
61,hgcE;hgcA;hgcD;hgcB;hgcC,0.40808285497859653,0.30074545500917027,0.47964112162488076,C(C)C(=O)C=CC(C)=CCC(=O)CC(O)C(C)CC(CC)CC=C,(mmal-ccmal)(ccmmal-mal-ohmal)(redmmal)(redemal)(ccmal)
62,hgcC;hgcA;hgcE;hgcD;hgcB,0.40590474145984495,0.3840667755280036,0.4204633854144059,C=CC(C)=CCC(=O)CC(O)C(C)C(=O)C=CC(C)CC(CC)C,(ccmal)(ccmmal-mal-ohmal)(mmal-ccmal)(redmmal)(redemal)
63,hgcC;hgcB;hgcA;hgcD;hgcE,0.40557719150257765,0.3606057763600133,0.43555813493095386,C=CC(CC)CC(C)=CCC(=O)CC(O)C(C)CC(C)C(=O)C=C,(ccmal)(redemal)(ccmmal-mal-ohmal)(redmmal)(mmal-ccmal)
64,hgcE;hgcD;hgcC;hgcA;hgcB,0.40465498028146324,0.4110236101374,0.40040922704417203,C(C)C(=O)C=CC(C)CC=CC(C)=CCC(=O)CC(O)C(CC)C,(mmal-ccmal)(redmmal)(ccmal)(ccmmal-mal-ohmal)(redemal)
65,hgcE;hgcC;hgcA;hgcD;hgcB,0.4015381296299974,0.38561419925950957,0.4121540832103227,C(C)C(=O)C=CC=CC(C)=CCC(=O)CC(O)C(C)CC(CC)C,(mmal-ccmal)(ccmal)(ccmmal-mal-ohmal)(redmmal)(redemal)
66,hgcA;hgcB;hgcC;hgcE;hgcD,0.4012814101514,0.3994394361247592,0.4025093928358272,C(C)=CCC(=O)CC(O)C(CC)CC=CC(C)C(=O)C=CC(C)C,(ccmmal-mal-ohmal)(redemal)(ccmal)(mmal-ccmal)(redmmal)
67,hgcD;hgcA;hgcB;hgcE;hgcC,0.39960524293086275,0.3645920314265738,0.42294738393372205,C(C)CC(C)=CCC(=O)CC(O)C(CC)CC(C)C(=O)C=CC=C,(redmmal)(ccmmal-mal-ohmal)(redemal)(mmal-ccmal)(ccmal)
68,hgcA;hgcB;hgcE;hgcD;hgcC,0.3918272604308774,0.4127043105109354,0.377909227044172,C(C)=CCC(=O)CC(O)C(CC)CC(C)C(=O)C=CC(C)CC=C,(ccmmal-mal-ohmal)(redemal)(mmal-ccmal)(redmmal)(ccmal)
69,hgcD;hgcB;hgcC;hgcA;hgcE,0.3909738589707556,0.25951208121139646,0.4786150441436617,C(C)CC(CC)CC=CC(C)=CCC(=O)CC(O)C(C)C(=O)C=C,(redmmal)(redemal)(ccmal)(ccmmal-mal-ohmal)(mmal-ccmal)
70,hgcE;hgcD;hgcC;hgcB;hgcA,0.3904205061372989,0.41568921049127483,0.37357470323464825,C(C)C(=O)C=CC(C)CC=CC(CC)CC(C)=CCC(=O)CC(O),(mmal-ccmal)(redmmal)(ccmal)(redemal)(ccmmal-mal-ohmal)
71,hgcA;hgcC;hgcE;hgcB;hgcD,0.389548093225795,0.3634701282608474,0.40693340320242666,C(C)=CCC(=O)CC(O)C=CC(C)C(=O)C=CC(CC)CC(C)C,(ccmmal-mal-ohmal)(ccmal)(mmal-ccmal)(redemal)(redmmal)
72,hgcA;hgcD;hgcB;hgcE;hgcC,0.38871040977941157,0.387294899633045,0.3896540832103227,C(C)=CCC(=O)CC(O)C(C)CC(CC)CC(C)C(=O)C=CC=C,(ccmmal-mal-ohmal)(redmmal)(redemal)(mmal-ccmal)(ccmal)
73,hgcC;hgcE;hgcD;hgcA;hgcB,0.3886982699848095,0.4119616788933734,0.3731893307124336,C=CC(C)C(=O)C=CC(C)CC(C)=CCC(=O)CC(O)C(CC)C,(ccmal)(mmal-ccmal)(redmmal)(ccmmal-mal-ohmal)(redemal)
74,hgcC;hgcB;hgcA;hgcE;hgcD,0.38757209110240565,0.34556870226598413,0.41557435032668666,C=CC(CC)CC(C)=CCC(=O)CC(O)C(C)C(=O)C=CC(C)C,(ccmal)(redemal)(ccmmal-mal-ohmal)(mmal-ccmal)(redmmal)
75,hgcE;hgcD;hgcA;hgcC;hgcB,0.3865841458932237,0.32609008619687646,0.4269135190241219,C(C)C(=O)C=CC(C)CC(C)=CCC(=O)CC(O)C=CC(CC)C,(mmal-ccmal)(redmmal)(ccmmal-mal-ohmal)(ccmal)(redemal)
76,hgcE;hgcD;hgcB;hgcA;hgcC,0.3861983989233132,0.41733163982473165,0.3654429049890342,C(C)C(=O)C=CC(C)CC(CC)CC(C)=CCC(=O)CC(O)C=C,(mmal-ccmal)(redmmal)(redemal)(ccmmal-mal-ohmal)(ccmal)
77,hgcB;hgcD;hgcC;hgcA;hgcE,0.38347768210063116,0.2688221949449132,0.4599146735377764,C(CC)CC(C)CC=CC(C)=CCC(=O)CC(O)C(C)C(=O)C=C,(redemal)(redmmal)(ccmal)(ccmmal-mal-ohmal)(mmal-ccmal)
78,hgcE;hgcC;hgcB;hgcA;hgcD,0.38320547927255805,0.34711612599749003,0.40726504812260333,C(C)C(=O)C=CC=CC(CC)CC(C)=CCC(=O)CC(O)C(C)C,(mmal-ccmal)(ccmal)(redemal)(ccmmal-mal-ohmal)(redmmal)
79,hgcD;hgcB;hgcC;hgcE;hgcA,0.38174890642706577,0.3436783393121615,0.40712928450366864,C(C)CC(CC)CC=CC(C)C(=O)C=CC(C)=CCC(=O)CC(O),(redmmal)(redemal)(ccmal)(mmal-ccmal)(ccmmal-mal-ohmal)
80,hgcD;hgcC;hgcA;hgcE;hgcB,0.38028233352191265,0.2704145934862365,0.45352749354569677,C(C)CC=CC(C)=CCC(=O)CC(O)C(C)C(=O)C=CC(CC)C,(redmmal)(ccmal)(ccmmal-mal-ohmal)(mmal-ccmal)(redemal)
81,hgcE;hgcA;hgcD;hgcC;hgcB,0.3796537209900094,0.27203142135676406,0.4514019207455062,C(C)C(=O)C=CC(C)=CCC(=O)CC(O)C(C)CC=CC(CC)C,(mmal-ccmal)(ccmmal-mal-ohmal)(redmmal)(ccmal)(redemal)
82,hgcD;hgcC;hgcE;hgcA;hgcB,0.376692753410339,0.3387699723751205,0.40197460743381797,C(C)CC=CC(C)C(=O)C=CC(C)=CCC(=O)CC(O)C(CC)C,(redmmal)(ccmal)(mmal-ccmal)(ccmmal-mal-ohmal)(redemal)
83,hgcB;hgcC;hgcA;hgcD;hgcE,0.3758874625951709,0.2703125451169325,0.4462707409139966,C(CC)CC=CC(C)=CCC(=O)CC(O)C(C)CC(C)C(=O)C=C,(redemal)(ccmal)(ccmmal-mal-ohmal)(redmmal)(mmal-ccmal)
84,hgcB;hgcD;hgcC;hgcE;hgcA,0.37425272955694133,0.3529884530456783,0.38842891389778333,C(CC)CC(C)CC=CC(C)C(=O)C=CC(C)=CCC(=O)CC(O),(redemal)(redmmal)(ccmal)(mmal-ccmal)(ccmmal-mal-ohmal)
85,hgcD;hgcA;hgcB;hgcC;hgcE,0.3737673874957201,0.2874069845767663,0.4313409894416893,C(C)CC(C)=CCC(=O)CC(O)C(CC)CC=CC(C)C(=O)C=C,(redmmal)(ccmmal-mal-ohmal)(redemal)(ccmal)(mmal-ccmal)
86,hgcA;hgcC;hgcE;hgcD;hgcB,0.3727283451621021,0.41553150542170403,0.3441929049890342,C(C)=CCC(=O)CC(O)C=CC(C)C(=O)C=CC(C)CC(CC)C,(ccmmal-mal-ohmal)(ccmal)(mmal-ccmal)(redmmal)(redemal)
87,hgcD;hgcC;hgcB;hgcA;hgcE,0.37168323180986446,0.2592693146282303,0.44662584326428717,C(C)CC=CC(CC)CC(C)=CCC(=O)CC(O)C(C)C(=O)C=C,(redmmal)(ccmal)(redemal)(ccmmal-mal-ohmal)(mmal-ccmal)
88,hgcD;hgcB;hgcE;hgcC;hgcA,0.3667080081613958,0.40355665126982365,0.3421422460891106,C(C)CC(CC)CC(C)C(=O)C=CC=CC(C)=CCC(=O)CC(O),(redmmal)(redemal)(mmal-ccmal)(ccmal)(ccmmal-mal-ohmal)
89,hgcB;hgcA;hgcE;hgcD;hgcC,0.3660628922192432,0.3220020447709967,0.3954367905180741,C(CC)CC(C)=CCC(=O)CC(O)C(C)C(=O)C=CC(C)CC=C,(redemal)(ccmmal-mal-ohmal)(mmal-ccmal)(redmmal)(ccmal)
90,hgcE;hgcB;hgcA;hgcD;hgcC,0.36565108265663704,0.322812499461105,0.394210138120325,C(C)C(=O)C=CC(CC)CC(C)=CCC(=O)CC(O)C(C)CC=C,(mmal-ccmal)(redemal)(ccmmal-mal-ohmal)(redmmal)(ccmal)
91,hgcC;hgcE;hgcD;hgcB;hgcA,0.3649395420430386,0.4793975658058633,0.2886341928678221,C=CC(C)C(=O)C=CC(C)CC(CC)CC(C)=CCC(=O)CC(O),(ccmal)(mmal-ccmal)(redmmal)(redemal)(ccmmal-mal-ohmal)
92,hgcA;hgcD;hgcB;hgcC;hgcE,0.3628725543442689,0.3101098527832374,0.39804768871828994,C(C)=CCC(=O)CC(O)C(C)CC(CC)CC=CC(C)C(=O)C=C,(ccmmal-mal-ohmal)(redmmal)(redemal)(ccmal)(mmal-ccmal)
93,hgcB;hgcE;hgcA;hgcC;hgcD,0.3605731031338998,0.3195925683416001,0.38789345966209954,C(CC)CC(C)C(=O)C=CC(C)=CCC(=O)CC(O)C=CC(C)C,(redemal)(mmal-ccmal)(ccmmal-mal-ohmal)(ccmal)(redmmal)
94,hgcB;hgcC;hgcA;hgcE;hgcD,0.35788236219499897,0.2552754710229034,0.42628695630972935,C(CC)CC=CC(C)=CCC(=O)CC(O)C(C)C(=O)C=CC(C)C,(redemal)(ccmal)(ccmmal-mal-ohmal)(mmal-ccmal)(redmmal)
95,hgcE;hgcB;hgcC;hgcA;hgcD,0.3574705526323928,0.25608592571301164,0.42506030391198024,C(C)C(=O)C=CC(CC)CC=CC(C)=CCC(=O)CC(O)C(C)C,(mmal-ccmal)(redemal)(ccmal)(ccmmal-mal-ohmal)(redmmal)
96,hgcC;hgcB;hgcE;hgcD;hgcA,0.3568291160958783,0.36316557988533105,0.3526048069029098,C=CC(CC)CC(C)C(=O)C=CC(C)CC(C)=CCC(=O)CC(O),(ccmal)(redemal)(mmal-ccmal)(redmmal)(ccmmal-mal-ohmal)
97,hgcC;hgcE;hgcA;hgcD;hgcB,0.35417275689574906,0.3357397766713525,0.36646141037868013,C=CC(C)C(=O)C=CC(C)=CCC(=O)CC(O)C(C)CC(CC)C,(ccmal)(mmal-ccmal)(ccmmal-mal-ohmal)(redmmal)(redemal)
98,hgcA;hgcD;hgcC;hgcE;hgcB,0.352181028895426,0.3210123650580774,0.372960138120325,C(C)=CCC(=O)CC(O)C(C)CC=CC(C)C(=O)C=CC(CC)C,(ccmmal-mal-ohmal)(redmmal)(ccmal)(mmal-ccmal)(redemal)
99,hgcD;hgcC;hgcB;hgcE;hgcA,0.3448235995214078,0.2899738733670782,0.38139008362429416,C(C)CC=CC(CC)CC(C)C(=O)C=CC(C)=CCC(=O)CC(O),(redmmal)(ccmal)(redemal)(mmal-ccmal)(ccmmal-mal-ohmal)
100,hgcB;hgcC;hgcE;hgcD;hgcA,0.3447740669332385,0.32633404800416743,0.35706741288595256,C(CC)CC=CC(C)C(=O)C=CC(C)CC(C)=CCC(=O)CC(O),(redemal)(ccmal)(mmal-ccmal)(redmmal)(ccmmal-mal-ohmal)
101,hgcC;hgcA;hgcB;hgcE;hgcD,0.3432066860849967,0.3827721928280519,0.31682968158962654,C=CC(C)=CCC(=O)CC(O)C(CC)CC(C)C(=O)C=CC(C)C,(ccmal)(ccmmal-mal-ohmal)(redemal)(mmal-ccmal)(redmmal)
102,hgcD;hgcB;hgcE;hgcA;hgcC,0.3406014923074221,0.291616302700535,0.3732582853786801,C(C)CC(CC)CC(C)C(=O)C=CC(C)=CCC(=O)CC(O)C=C,(redmmal)(redemal)(mmal-ccmal)(ccmmal-mal-ohmal)(ccmal)
103,hgcD;hgcC;hgcE;hgcB;hgcA,0.3393171341051062,0.36574538376409615,0.3216983009991129,C(C)CC=CC(C)C(=O)C=CC(CC)CC(C)=CCC(=O)CC(O),(redmmal)(ccmal)(mmal-ccmal)(redemal)(ccmmal-mal-ohmal)
104,hgcB;hgcD;hgcA;hgcC;hgcE,0.3386761224397496,0.2745538609283746,0.38142429678066614,C(CC)CC(C)CC(C)=CCC(=O)CC(O)C=CC(C)C(=O)C=C,(redemal)(redmmal)(ccmmal-mal-ohmal)(ccmal)(mmal-ccmal)
105,hgcA;hgcC;hgcB;hgcE;hgcD,0.3367610150598959,0.32357173279776746,0.34555386990131487,C(C)=CCC(=O)CC(O)C=CC(CC)CC(C)C(=O)C=CC(C)C,(ccmmal-mal-ohmal)(ccmal)(redemal)(mmal-ccmal)(redmmal)
106,hgcD;hgcA;hgcC;hgcE;hgcB,0.33548077386103103,0.27614625946969784,0.37503711678858653,C(C)CC(C)=CCC(=O)CC(O)C=CC(C)C(=O)C=CC(CC)C,(redmmal)(ccmmal-mal-ohmal)(ccmal)(mmal-ccmal)(redemal)
107,hgcD;hgcC;hgcA;hgcB;hgcE,0.3273178267924555,0.29647280519029806,0.34788117452722717,C(C)CC=CC(C)=CCC(=O)CC(O)C(CC)CC(C)C(=O)C=C,(redmmal)(ccmal)(ccmmal-mal-ohmal)(redemal)(mmal-ccmal)
108,hgcA;hgcD;hgcC;hgcB;hgcE,0.3259472474386109,0.25640538683815406,0.37230848783891546,C(C)=CCC(=O)CC(O)C(C)CC=CC(CC)CC(C)C(=O)C=C,(ccmmal-mal-ohmal)(redmmal)(ccmal)(redemal)(mmal-ccmal)
109,hgcC;hgcB;hgcE;hgcA;hgcD,0.31820542679354286,0.24378000404741593,0.3678223752909608,C=CC(CC)CC(C)C(=O)C=CC(C)=CCC(=O)CC(O)C(C)C,(ccmal)(redemal)(mmal-ccmal)(ccmmal-mal-ohmal)(redmmal)
110,hgcD;hgcB;hgcA;hgcC;hgcE,0.31735741835137626,0.3277712671703068,0.3104148524720893,C(C)CC(CC)CC(C)=CCC(=O)CC(O)C=CC(C)C(=O)C=C,(redmmal)(redemal)(ccmmal-mal-ohmal)(ccmal)(mmal-ccmal)
111,hgcC;hgcE;hgcB;hgcA;hgcD,0.3126989613772413,0.31955151444443386,0.3081305926657796,C=CC(C)C(=O)C=CC(CC)CC(C)=CCC(=O)CC(O)C(C)C,(ccmal)(mmal-ccmal)(redemal)(ccmmal-mal-ohmal)(redmmal)
112,hgcD;hgcA;hgcC;hgcB;hgcE,0.309246992404216,0.21153928124977453,0.374385466507177,C(C)CC(C)=CCC(=O)CC(O)C=CC(CC)CC(C)C(=O)C=C,(redmmal)(ccmmal-mal-ohmal)(ccmal)(redemal)(mmal-ccmal)
113,hgcB;hgcC;hgcE;hgcA;hgcD,0.306150377630903,0.20694847216625228,0.37228498127400356,C(CC)CC=CC(C)C(=O)C=CC(C)=CCC(=O)CC(O)C(C)C,(redemal)(ccmal)(mmal-ccmal)(ccmmal-mal-ohmal)(redmmal)
114,hgcC;hgcA;hgcD;hgcB;hgcE,0.3047978302778656,0.29344260948653,0.31236797747208933,C=CC(C)=CCC(=O)CC(O)C(C)CC(CC)CC(C)C(=O)C=C,(ccmal)(ccmmal-mal-ohmal)(redmmal)(redemal)(mmal-ccmal)
115,hgcB;hgcE;hgcD;hgcA;hgcC,0.3036266528135948,0.2742720113925409,0.32319641376096403,C(CC)CC(C)C(=O)C=CC(C)CC(C)=CCC(=O)CC(O)C=C,(redemal)(mmal-ccmal)(redmmal)(ccmmal-mal-ohmal)(ccmal)
116,hgcB;hgcE;hgcD;hgcC;hgcA,0.2983245062299739,0.3353998686176992,0.27360759797149037,C(CC)CC(C)C(=O)C=CC(C)CC=CC(C)=CCC(=O)CC(O),(redemal)(mmal-ccmal)(redmmal)(ccmal)(ccmmal-mal-ohmal)
117,hgcB;hgcE;hgcA;hgcD;hgcC,0.2966962279103804,0.2202133465524285,0.34768481548234836,C(CC)CC(C)C(=O)C=CC(C)=CCC(=O)CC(O)C(C)CC=C,(redemal)(mmal-ccmal)(ccmmal-mal-ohmal)(redmmal)(ccmal)
118,hgcB;hgcE;hgcC;hgcA;hgcD,0.29110947936523307,0.2668267841239144,0.3072979428594455,C(CC)CC(C)C(=O)C=CC=CC(C)=CCC(=O)CC(O)C(C)C,(redemal)(mmal-ccmal)(ccmal)(ccmmal-mal-ohmal)(redmmal)
119,hgcB;hgcA;hgcC;hgcE;hgcD,0.28426592157561964,0.3235346569818136,0.258086764638157,C(CC)CC(C)=CCC(=O)CC(O)C=CC(C)C(=O)C=CC(C)C,(redemal)(ccmmal-mal-ohmal)(ccmal)(mmal-ccmal)(redmmal)
120,hgcB;hgcA;hgcD;hgcC;hgcE,0.27345215395433464,0.2563683110222002,0.2848413825757576,C(CC)CC(C)=CCC(=O)CC(O)C(C)CC=CC(C)C(=O)C=C,(redemal)(ccmmal-mal-ohmal)(redmmal)(ccmal)(mmal-ccmal)
