PathwayID,Pathway,Score,Score2,Score3,ProductSMILES,Polymer
1,SCO6275;SCO6274;SCO6273,0.5404763590213932,0.4240282009498738,0.6181084644024062,C=CC=CCC(=O)C=CC=CC=C,(ccmal-ccmal-mal)(ccmal-ccmal)(ccmal)
2,SCO6275;SCO6273;SCO6274,0.4714531678183792,0.3637427449484814,0.5432601163983111,C=CC=CCC(=O)C=CC=CC=C,(ccmal-ccmal-mal)(ccmal)(ccmal-ccmal)
3,SCO6274;SCO6275;SCO6273,0.4484409965745619,0.3746505202062186,0.49763464748679065,C=CC=CC=CC=CCC(=O)C=C,(ccmal-ccmal)(ccmal-ccmal-mal)(ccmal)
4,SCO6273;SCO6275;SCO6274,0.41258038368600347,0.3386076164537894,0.4618955618408129,C=CC=CC=CCC(=O)C=CC=C,(ccmal)(ccmal-ccmal-mal)(ccmal-ccmal)
5,SCO6274;SCO6273;SCO6275,0.4044060892010436,0.19573419071152465,0.5435206881940562,C=CC=CC=CC=CC=CCC(=O),(ccmal-ccmal)(ccmal)(ccmal-ccmal-mal)
6,SCO6273;SCO6274;SCO6275,0.3548593743626322,0.25784076295898883,0.41953844863172773,C=CC=CC=CC=CC=CCC(=O),(ccmal)(ccmal-ccmal)(ccmal-ccmal-mal)
