PathwayID,Pathway,Score,Score2,Score3,ProductSMILES,Polymer
1,ctg1_orf7;ctg1_orf8;ctg1_orf9;ctg1_orf10;ctg1_orf11,0.6297692354470449,0.5059581760124645,0.7123099417367652,CC(=O)C(CC)=CCC(O)C(C)C(O)C([*])C(-O)C([*])C(-O)C=CC=C,(mal-ccemal-ohmal)(ohmmal)(pk)(pk-ccmal)(ccmal)
2,ctg1_orf7;ctg1_orf9;ctg1_orf10;ctg1_orf8;ctg1_orf11,0.6218354858457777,0.6469004616110794,0.6051255020022435,CC(=O)C(CC)=CCC(O)C([*])C(-O)C([*])C(-O)C=CC(C)C(O)C=C,(mal-ccemal-ohmal)(pk)(pk-ccmal)(ohmmal)(ccmal)
3,ctg1_orf9;ctg1_orf10;ctg1_orf11;ctg1_orf7;ctg1_orf8,0.6020358950078094,0.48545980433582214,0.6797532887891343,C([*])C(-O)C([*])C(-O)C=CC=CCC(=O)C(CC)=CCC(O)C(C)C(O),(pk)(pk-ccmal)(ccmal)(mal-ccemal-ohmal)(ohmmal)
4,ctg1_orf7;ctg1_orf9;ctg1_orf10;ctg1_orf11;ctg1_orf8,0.5909251784207684,0.5230864533705413,0.6361509951209199,CC(=O)C(CC)=CCC(O)C([*])C(-O)C([*])C(-O)C=CC=CC(C)C(O),(mal-ccemal-ohmal)(pk)(pk-ccmal)(ccmal)(ohmmal)
5,ctg1_orf8;ctg1_orf7;ctg1_orf9;ctg1_orf10;ctg1_orf11,0.5813157439816837,0.5355179087178292,0.6118476341575868,C(C)C(O)CC(=O)C(CC)=CCC(O)C([*])C(-O)C([*])C(-O)C=CC=C,(ohmmal)(mal-ccemal-ohmal)(pk)(pk-ccmal)(ccmal)
6,ctg1_orf9;ctg1_orf7;ctg1_orf8;ctg1_orf10;ctg1_orf11,0.580926275728266,0.5190247043203357,0.6221939900002197,C([*])C(-O)CC(=O)C(CC)=CCC(O)C(C)C(O)C([*])C(-O)C=CC=C,(pk)(mal-ccemal-ohmal)(ohmmal)(pk-ccmal)(ccmal)
7,ctg1_orf11;ctg1_orf7;ctg1_orf9;ctg1_orf10;ctg1_orf8,0.5743142509878281,0.5791329399198233,0.5711017916998313,C=CCC(=O)C(CC)=CCC(O)C([*])C(-O)C([*])C(-O)C=CC(C)C(O),(ccmal)(mal-ccemal-ohmal)(pk)(pk-ccmal)(ohmmal)
8,ctg1_orf8;ctg1_orf9;ctg1_orf10;ctg1_orf11;ctg1_orf7,0.5676669555053938,0.4253328899401363,0.6625563325488989,C(C)C(O)C([*])C(-O)C([*])C(-O)C=CC=CCC(=O)C(CC)=CCC(O),(ohmmal)(pk)(pk-ccmal)(ccmal)(mal-ccemal-ohmal)
9,ctg1_orf8;ctg1_orf10;ctg1_orf9;ctg1_orf7;ctg1_orf11,0.5625846576861075,0.6134543087001686,0.5286715570100671,C(C)C(O)C([*])C(-O)C=CC([*])C(-O)CC(=O)C(CC)=CCC(O)C=C,(ohmmal)(pk-ccmal)(pk)(mal-ccemal-ohmal)(ccmal)
10,ctg1_orf8;ctg1_orf11;ctg1_orf7;ctg1_orf9;ctg1_orf10,0.5619482396357385,0.5479212414475252,0.5712995717612142,C(C)C(O)C=CCC(=O)C(CC)=CCC(O)C([*])C(-O)C([*])C(-O)C=C,(ohmmal)(ccmal)(mal-ccemal-ohmal)(pk)(pk-ccmal)
11,ctg1_orf9;ctg1_orf10;ctg1_orf7;ctg1_orf8;ctg1_orf11,0.5607548137802136,0.5638284008102097,0.5587057557602165,C([*])C(-O)C([*])C(-O)C=CCC(=O)C(CC)=CCC(O)C(C)C(O)C=C,(pk)(pk-ccmal)(mal-ccemal-ohmal)(ohmmal)(ccmal)
12,ctg1_orf7;ctg1_orf11;ctg1_orf9;ctg1_orf10;ctg1_orf8,0.5565247161755212,0.5661157944687173,0.5501306639800572,CC(=O)C(CC)=CCC(O)C=CC([*])C(-O)C([*])C(-O)C=CC(C)C(O),(mal-ccemal-ohmal)(ccmal)(pk)(pk-ccmal)(ohmmal)
13,ctg1_orf10;ctg1_orf9;ctg1_orf7;ctg1_orf8;ctg1_orf11,0.5561665486705167,0.5379028606932823,0.5683423406553398,C([*])C(-O)C=CC([*])C(-O)CC(=O)C(CC)=CCC(O)C(C)C(O)C=C,(pk-ccmal)(pk)(mal-ccemal-ohmal)(ohmmal)(ccmal)
14,ctg1_orf9;ctg1_orf10;ctg1_orf8;ctg1_orf11;ctg1_orf7,0.5536553568833702,0.5131407958213453,0.5806650642580536,C([*])C(-O)C([*])C(-O)C=CC(C)C(O)C=CCC(=O)C(CC)=CCC(O),(pk)(pk-ccmal)(ohmmal)(ccmal)(mal-ccemal-ohmal)
15,ctg1_orf8;ctg1_orf10;ctg1_orf11;ctg1_orf7;ctg1_orf9,0.5488887452291993,0.49138631762161317,0.5872236969675901,C(C)C(O)C([*])C(-O)C=CC=CCC(=O)C(CC)=CCC(O)C([*])C(-O),(ohmmal)(pk-ccmal)(ccmal)(mal-ccemal-ohmal)(pk)
16,ctg1_orf7;ctg1_orf8;ctg1_orf11;ctg1_orf9;ctg1_orf10,0.543356329909062,0.49335655778697846,0.5766895113237844,CC(=O)C(CC)=CCC(O)C(C)C(O)C=CC([*])C(-O)C([*])C(-O)C=C,(mal-ccemal-ohmal)(ohmmal)(ccmal)(pk)(pk-ccmal)
17,ctg1_orf9;ctg1_orf10;ctg1_orf8;ctg1_orf7;ctg1_orf11,0.5422407768345592,0.5644698230764595,0.5274214126732923,C([*])C(-O)C([*])C(-O)C=CC(C)C(O)CC(=O)C(CC)=CCC(O)C=C,(pk)(pk-ccmal)(ohmmal)(mal-ccemal-ohmal)(ccmal)
18,ctg1_orf8;ctg1_orf9;ctg1_orf10;ctg1_orf7;ctg1_orf11,0.5417692942758692,0.5581067890050366,0.5308776311230908,C(C)C(O)C([*])C(-O)C([*])C(-O)C=CCC(=O)C(CC)=CCC(O)C=C,(ohmmal)(pk)(pk-ccmal)(mal-ccemal-ohmal)(ccmal)
19,ctg1_orf7;ctg1_orf8;ctg1_orf10;ctg1_orf9;ctg1_orf11,0.5365364659383446,0.5458219444870609,0.5303461469058672,CC(=O)C(CC)=CCC(O)C(C)C(O)C([*])C(-O)C=CC([*])C(-O)C=C,(mal-ccemal-ohmal)(ohmmal)(pk-ccmal)(pk)(ccmal)
20,ctg1_orf11;ctg1_orf7;ctg1_orf8;ctg1_orf9;ctg1_orf10,0.5360824961962678,0.4475177117155056,0.5951256858501093,C=CCC(=O)C(CC)=CCC(O)C(C)C(O)C([*])C(-O)C([*])C(-O)C=C,(ccmal)(mal-ccemal-ohmal)(ohmmal)(pk)(pk-ccmal)
21,ctg1_orf7;ctg1_orf9;ctg1_orf8;ctg1_orf10;ctg1_orf11,0.5343483514333246,0.5326312869983649,0.5354930610566311,CC(=O)C(CC)=CCC(O)C([*])C(-O)C(C)C(O)C([*])C(-O)C=CC=C,(mal-ccemal-ohmal)(pk)(ohmmal)(pk-ccmal)(ccmal)
22,ctg1_orf7;ctg1_orf8;ctg1_orf10;ctg1_orf11;ctg1_orf9,0.5302968355025227,0.4368216339610665,0.5926136365301604,CC(=O)C(CC)=CCC(O)C(C)C(O)C([*])C(-O)C=CC=CC([*])C(-O),(mal-ccemal-ohmal)(ohmmal)(pk-ccmal)(ccmal)(pk)
23,ctg1_orf7;ctg1_orf8;ctg1_orf11;ctg1_orf10;ctg1_orf9,0.5269642039566147,0.4587206535659294,0.5724599042170715,CC(=O)C(CC)=CCC(O)C(C)C(O)C=CC([*])C(-O)C=CC([*])C(-O),(mal-ccemal-ohmal)(ohmmal)(ccmal)(pk-ccmal)(pk)
24,ctg1_orf11;ctg1_orf7;ctg1_orf8;ctg1_orf10;ctg1_orf9,0.5236669032519147,0.4911340040745994,0.5453555027034582,C=CCC(=O)C(CC)=CCC(O)C(C)C(O)C([*])C(-O)C=CC([*])C(-O),(ccmal)(mal-ccemal-ohmal)(ohmmal)(pk-ccmal)(pk)
25,ctg1_orf10;ctg1_orf8;ctg1_orf9;ctg1_orf7;ctg1_orf11,0.5225255290819626,0.5198379385843125,0.524317256080396,C([*])C(-O)C=CC(C)C(O)C([*])C(-O)CC(=O)C(CC)=CCC(O)C=C,(pk-ccmal)(ohmmal)(pk)(mal-ccemal-ohmal)(ccmal)
26,ctg1_orf7;ctg1_orf11;ctg1_orf8;ctg1_orf9;ctg1_orf10,0.5196963055028401,0.47355751924225964,0.550455496343227,CC(=O)C(CC)=CCC(O)C=CC(C)C(O)C([*])C(-O)C([*])C(-O)C=C,(mal-ccemal-ohmal)(ccmal)(ohmmal)(pk)(pk-ccmal)
27,ctg1_orf11;ctg1_orf10;ctg1_orf9;ctg1_orf7;ctg1_orf8,0.5175583486184882,0.4717258982908017,0.5481133155036124,C=CC([*])C(-O)C=CC([*])C(-O)CC(=O)C(CC)=CCC(O)C(C)C(O),(ccmal)(pk-ccmal)(pk)(mal-ccemal-ohmal)(ohmmal)
28,ctg1_orf10;ctg1_orf11;ctg1_orf7;ctg1_orf8;ctg1_orf9,0.5174072676885074,0.35697887809214807,0.6243595274194137,C([*])C(-O)C=CC=CCC(=O)C(CC)=CCC(O)C(C)C(O)C([*])C(-O),(pk-ccmal)(ccmal)(mal-ccemal-ohmal)(ohmmal)(pk)
29,ctg1_orf10;ctg1_orf11;ctg1_orf9;ctg1_orf7;ctg1_orf8,0.5152752460631751,0.41582296888849324,0.5815767641796298,C([*])C(-O)C=CC=CC([*])C(-O)CC(=O)C(CC)=CCC(O)C(C)C(O),(pk-ccmal)(ccmal)(pk)(mal-ccemal-ohmal)(ohmmal)
30,ctg1_orf10;ctg1_orf8;ctg1_orf11;ctg1_orf7;ctg1_orf9,0.5094735180872404,0.4979211636907629,0.5171750876848921,C([*])C(-O)C=CC(C)C(O)C=CCC(=O)C(CC)=CCC(O)C([*])C(-O),(pk-ccmal)(ohmmal)(ccmal)(mal-ccemal-ohmal)(pk)
31,ctg1_orf7;ctg1_orf11;ctg1_orf8;ctg1_orf10;ctg1_orf9,0.5072807125584868,0.5171738116013535,0.5006853131965758,CC(=O)C(CC)=CCC(O)C=CC(C)C(O)C([*])C(-O)C=CC([*])C(-O),(mal-ccemal-ohmal)(ccmal)(ohmmal)(pk-ccmal)(pk)
32,ctg1_orf8;ctg1_orf10;ctg1_orf11;ctg1_orf9;ctg1_orf7,0.5063099350806949,0.4369691143048666,0.5525371489312472,C(C)C(O)C([*])C(-O)C=CC=CC([*])C(-O)CC(=O)C(CC)=CCC(O),(ohmmal)(pk-ccmal)(ccmal)(pk)(mal-ccemal-ohmal)
33,ctg1_orf9;ctg1_orf7;ctg1_orf11;ctg1_orf10;ctg1_orf8,0.5037052234486482,0.5009301261964457,0.50555528828345,C([*])C(-O)CC(=O)C(CC)=CCC(O)C=CC([*])C(-O)C=CC(C)C(O),(pk)(mal-ccemal-ohmal)(ccmal)(pk-ccmal)(ohmmal)
34,ctg1_orf8;ctg1_orf11;ctg1_orf10;ctg1_orf9;ctg1_orf7,0.5029773035347868,0.4588681339097296,0.5323834166181582,C(C)C(O)C=CC([*])C(-O)C=CC([*])C(-O)CC(=O)C(CC)=CCC(O),(ohmmal)(ccmal)(pk-ccmal)(pk)(mal-ccemal-ohmal)
35,ctg1_orf11;ctg1_orf9;ctg1_orf10;ctg1_orf7;ctg1_orf8,0.5007195182163439,0.49463057517581266,0.5047788135766982,C=CC([*])C(-O)C([*])C(-O)C=CCC(=O)C(CC)=CCC(O)C(C)C(O),(ccmal)(pk)(pk-ccmal)(mal-ccemal-ohmal)(ohmmal)
36,ctg1_orf9;ctg1_orf10;ctg1_orf7;ctg1_orf11;ctg1_orf8,0.4968473882288362,0.5221006866457075,0.48001185595092194,C([*])C(-O)C([*])C(-O)C=CCC(=O)C(CC)=CCC(O)C=CC(C)C(O),(pk)(pk-ccmal)(mal-ccemal-ohmal)(ccmal)(ohmmal)
37,ctg1_orf9;ctg1_orf10;ctg1_orf11;ctg1_orf8;ctg1_orf7,0.49594704941147877,0.3862505122454085,0.569078074188859,C([*])C(-O)C([*])C(-O)C=CC=CC(C)C(O)CC(=O)C(CC)=CCC(O),(pk)(pk-ccmal)(ccmal)(ohmmal)(mal-ccemal-ohmal)
38,ctg1_orf7;ctg1_orf11;ctg1_orf10;ctg1_orf8;ctg1_orf9,0.49332318436806044,0.4406557314569597,0.5284348196421277,CC(=O)C(CC)=CCC(O)C=CC([*])C(-O)C=CC(C)C(O)C([*])C(-O),(mal-ccemal-ohmal)(ccmal)(pk-ccmal)(ohmmal)(pk)
39,ctg1_orf10;ctg1_orf9;ctg1_orf7;ctg1_orf11;ctg1_orf8,0.4922591231191392,0.49617514652878014,0.48964844084604525,C([*])C(-O)C=CC([*])C(-O)CC(=O)C(CC)=CCC(O)C=CC(C)C(O),(pk-ccmal)(pk)(mal-ccemal-ohmal)(ccmal)(ohmmal)
40,ctg1_orf9;ctg1_orf7;ctg1_orf8;ctg1_orf11;ctg1_orf10,0.490536837182189,0.42817088951470683,0.5321141356271771,C([*])C(-O)CC(=O)C(CC)=CCC(O)C(C)C(O)C=CC([*])C(-O)C=C,(pk)(mal-ccemal-ohmal)(ohmmal)(ccmal)(pk-ccmal)
41,ctg1_orf8;ctg1_orf11;ctg1_orf9;ctg1_orf10;ctg1_orf7,0.4861384731326426,0.48177281079474055,0.489048914691244,C(C)C(O)C=CC([*])C(-O)C([*])C(-O)C=CCC(=O)C(CC)=CCC(O),(ohmmal)(ccmal)(pk)(pk-ccmal)(mal-ccemal-ohmal)
42,ctg1_orf7;ctg1_orf9;ctg1_orf11;ctg1_orf10;ctg1_orf8,0.4837348807216417,0.4864321417007439,0.48193670673557365,CC(=O)C(CC)=CCC(O)C([*])C(-O)C=CC([*])C(-O)C=CC(C)C(O),(mal-ccemal-ohmal)(pk)(ccmal)(pk-ccmal)(ohmmal)
43,ctg1_orf10;ctg1_orf9;ctg1_orf11;ctg1_orf7;ctg1_orf8,0.4833994969791737,0.4440505129983592,0.5096321529663835,C([*])C(-O)C=CC([*])C(-O)C=CCC(=O)C(CC)=CCC(O)C(C)C(O),(pk-ccmal)(pk)(ccmal)(mal-ccemal-ohmal)(ohmmal)
44,ctg1_orf11;ctg1_orf8;ctg1_orf10;ctg1_orf9;ctg1_orf7,0.4824914372222894,0.47577375373571285,0.4869698928800071,C=CC(C)C(O)C([*])C(-O)C=CC([*])C(-O)CC(=O)C(CC)=CCC(O),(ccmal)(ohmmal)(pk-ccmal)(pk)(mal-ccemal-ohmal)
45,ctg1_orf10;ctg1_orf11;ctg1_orf7;ctg1_orf9;ctg1_orf8,0.48121138247415374,0.4308598555096632,0.5147790671171474,C([*])C(-O)C=CC=CCC(=O)C(CC)=CCC(O)C([*])C(-O)C(C)C(O),(pk-ccmal)(ccmal)(mal-ccemal-ohmal)(pk)(ohmmal)
46,ctg1_orf10;ctg1_orf11;ctg1_orf8;ctg1_orf9;ctg1_orf7,0.4762318016588821,0.3416186277532616,0.5659739175959626,C([*])C(-O)C=CC=CC(C)C(O)C([*])C(-O)CC(=O)C(CC)=CCC(O),(pk-ccmal)(ccmal)(ohmmal)(pk)(mal-ccemal-ohmal)
47,ctg1_orf11;ctg1_orf9;ctg1_orf7;ctg1_orf8;ctg1_orf10,0.4747254757715689,0.45915393608023597,0.48510650223245766,C=CC([*])C(-O)CC(=O)C(CC)=CCC(O)C(C)C(O)C([*])C(-O)C=C,(ccmal)(pk)(mal-ccemal-ohmal)(ohmmal)(pk-ccmal)
48,ctg1_orf8;ctg1_orf10;ctg1_orf9;ctg1_orf11;ctg1_orf7,0.47443418599669357,0.4651966584147326,0.4805925377180009,C(C)C(O)C([*])C(-O)C=CC([*])C(-O)C=CCC(=O)C(CC)=CCC(O),(ohmmal)(pk-ccmal)(pk)(ccmal)(mal-ccemal-ohmal)
49,ctg1_orf8;ctg1_orf10;ctg1_orf7;ctg1_orf9;ctg1_orf11,0.4729559918300839,0.5566753328172059,0.41714309783866915,C(C)C(O)C([*])C(-O)C=CCC(=O)C(CC)=CCC(O)C([*])C(-O)C=C,(ohmmal)(pk-ccmal)(mal-ccemal-ohmal)(pk)(ccmal)
50,ctg1_orf8;ctg1_orf9;ctg1_orf7;ctg1_orf11;ctg1_orf10,0.4715513176778444,0.42244927770953394,0.5042860109900514,C(C)C(O)C([*])C(-O)CC(=O)C(CC)=CCC(O)C=CC([*])C(-O)C=C,(ohmmal)(pk)(mal-ccemal-ohmal)(ccmal)(pk-ccmal)
51,ctg1_orf9;ctg1_orf7;ctg1_orf11;ctg1_orf8;ctg1_orf10,0.47085334578406124,0.4866240475501309,0.46033954460668147,C([*])C(-O)CC(=O)C(CC)=CCC(O)C=CC(C)C(O)C([*])C(-O)C=C,(pk)(mal-ccemal-ohmal)(ccmal)(ohmmal)(pk-ccmal)
52,ctg1_orf11;ctg1_orf8;ctg1_orf7;ctg1_orf9;ctg1_orf10,0.47044043912310923,0.4615697137381837,0.476354256046393,C=CC(C)C(O)CC(=O)C(CC)=CCC(O)C([*])C(-O)C([*])C(-O)C=C,(ccmal)(ohmmal)(mal-ccemal-ohmal)(pk)(pk-ccmal)
53,ctg1_orf8;ctg1_orf7;ctg1_orf11;ctg1_orf9;ctg1_orf10,0.4698394699185998,0.4640602989697644,0.4736922505511568,C(C)C(O)CC(=O)C(CC)=CCC(O)C=CC([*])C(-O)C([*])C(-O)C=C,(ohmmal)(mal-ccemal-ohmal)(ccmal)(pk)(pk-ccmal)
54,ctg1_orf11;ctg1_orf10;ctg1_orf8;ctg1_orf9;ctg1_orf7,0.468533909031863,0.39925567359131914,0.5147193993255588,C=CC([*])C(-O)C=CC(C)C(O)C([*])C(-O)CC(=O)C(CC)=CCC(O),(ccmal)(pk-ccmal)(ohmmal)(pk)(mal-ccemal-ohmal)
55,ctg1_orf10;ctg1_orf8;ctg1_orf11;ctg1_orf9;ctg1_orf7,0.466894707938736,0.44350396037401635,0.4824885396485491,C([*])C(-O)C=CC(C)C(O)C=CC([*])C(-O)CC(=O)C(CC)=CCC(O),(pk-ccmal)(ohmmal)(ccmal)(pk)(mal-ccemal-ohmal)
56,ctg1_orf11;ctg1_orf9;ctg1_orf10;ctg1_orf8;ctg1_orf7,0.4668220612726183,0.44086669485154967,0.48412563888666427,C=CC([*])C(-O)C([*])C(-O)C=CC(C)C(O)CC(=O)C(CC)=CCC(O),(ccmal)(pk)(pk-ccmal)(ohmmal)(mal-ccemal-ohmal)
57,ctg1_orf9;ctg1_orf8;ctg1_orf10;ctg1_orf11;ctg1_orf7,0.46616822247091705,0.39887162120863084,0.5110326233124413,C([*])C(-O)C(C)C(O)C([*])C(-O)C=CC=CCC(=O)C(CC)=CCC(O),(pk)(ohmmal)(pk-ccmal)(ccmal)(mal-ccemal-ohmal)
58,ctg1_orf7;ctg1_orf11;ctg1_orf10;ctg1_orf9;ctg1_orf8,0.46570495021715985,0.4737456394608658,0.4603444907213559,CC(=O)C(CC)=CCC(O)C=CC([*])C(-O)C=CC([*])C(-O)C(C)C(O),(mal-ccemal-ohmal)(ccmal)(pk-ccmal)(pk)(ohmmal)
59,ctg1_orf8;ctg1_orf11;ctg1_orf10;ctg1_orf7;ctg1_orf9,0.46338372984835385,0.4695740418960746,0.45925685514987336,C(C)C(O)C=CC([*])C(-O)C=CCC(=O)C(CC)=CCC(O)C([*])C(-O),(ohmmal)(ccmal)(pk-ccmal)(mal-ccemal-ohmal)(pk)
60,ctg1_orf9;ctg1_orf11;ctg1_orf7;ctg1_orf8;ctg1_orf10,0.46199371964409575,0.4344994140197098,0.4803232567270197,C([*])C(-O)C=CCC(=O)C(CC)=CCC(O)C(C)C(O)C([*])C(-O)C=C,(pk)(ccmal)(mal-ccemal-ohmal)(ohmmal)(pk-ccmal)
61,ctg1_orf11;ctg1_orf8;ctg1_orf9;ctg1_orf10;ctg1_orf7,0.4616760738120509,0.420426234040581,0.489175966993031,C=CC(C)C(O)C([*])C(-O)C([*])C(-O)C=CCC(=O)C(CC)=CCC(O),(ccmal)(ohmmal)(pk)(pk-ccmal)(mal-ccemal-ohmal)
62,ctg1_orf8;ctg1_orf7;ctg1_orf11;ctg1_orf10;ctg1_orf9,0.45344734396615244,0.4294243947487154,0.4694626434444439,C(C)C(O)CC(=O)C(CC)=CCC(O)C=CC([*])C(-O)C=CC([*])C(-O),(ohmmal)(mal-ccemal-ohmal)(ccmal)(pk-ccmal)(pk)
63,ctg1_orf10;ctg1_orf11;ctg1_orf8;ctg1_orf7;ctg1_orf9,0.45176521061534886,0.3710308801148261,0.5055880976156973,C([*])C(-O)C=CC=CC(C)C(O)CC(=O)C(CC)=CCC(O)C([*])C(-O),(pk-ccmal)(ccmal)(ohmmal)(mal-ccemal-ohmal)(pk)
64,ctg1_orf7;ctg1_orf9;ctg1_orf11;ctg1_orf8;ctg1_orf10,0.45088300305705475,0.472126063054429,0.43672096305880526,CC(=O)C(CC)=CCC(O)C([*])C(-O)C=CC(C)C(O)C([*])C(-O)C=C,(mal-ccemal-ohmal)(pk)(ccmal)(ohmmal)(pk-ccmal)
65,ctg1_orf10;ctg1_orf8;ctg1_orf7;ctg1_orf9;ctg1_orf11,0.44802384586883853,0.4817653070765696,0.42552953839701785,C([*])C(-O)C=CC(C)C(O)CC(=O)C(CC)=CCC(O)C([*])C(-O)C=C,(pk-ccmal)(ohmmal)(mal-ccemal-ohmal)(pk)(ccmal)
66,ctg1_orf7;ctg1_orf8;ctg1_orf9;ctg1_orf11;ctg1_orf10,0.44550312593008146,0.3548169134964262,0.5059606008858517,CC(=O)C(CC)=CCC(O)C(C)C(O)C([*])C(-O)C=CC([*])C(-O)C=C,(mal-ccemal-ohmal)(ohmmal)(pk)(ccmal)(pk-ccmal)
67,ctg1_orf11;ctg1_orf10;ctg1_orf8;ctg1_orf7;ctg1_orf9,0.44406731798832966,0.4286679259528837,0.4543335793452936,C=CC([*])C(-O)C=CC(C)C(O)CC(=O)C(CC)=CCC(O)C([*])C(-O),(ccmal)(pk-ccmal)(ohmmal)(mal-ccemal-ohmal)(pk)
68,ctg1_orf7;ctg1_orf9;ctg1_orf8;ctg1_orf11;ctg1_orf10,0.4439589128872474,0.44177747219273605,0.44541320668358847,CC(=O)C(CC)=CCC(O)C([*])C(-O)C(C)C(O)C=CC([*])C(-O)C=C,(mal-ccemal-ohmal)(pk)(ohmmal)(ccmal)(pk-ccmal)
69,ctg1_orf11;ctg1_orf8;ctg1_orf10;ctg1_orf7;ctg1_orf9,0.4428978635358565,0.48647966172205787,0.4138433314117222,C=CC(C)C(O)C([*])C(-O)C=CCC(=O)C(CC)=CCC(O)C([*])C(-O),(ccmal)(ohmmal)(pk-ccmal)(mal-ccemal-ohmal)(pk)
70,ctg1_orf8;ctg1_orf10;ctg1_orf7;ctg1_orf11;ctg1_orf9,0.442296894331347,0.48897024695363855,0.411181325916486,C(C)C(O)C([*])C(-O)C=CCC(=O)C(CC)=CCC(O)C=CC([*])C(-O),(ohmmal)(pk-ccmal)(mal-ccemal-ohmal)(ccmal)(pk)
71,ctg1_orf10;ctg1_orf7;ctg1_orf8;ctg1_orf9;ctg1_orf11,0.441474514289392,0.42226789328774095,0.4542789282904927,C([*])C(-O)C=CCC(=O)C(CC)=CCC(O)C(C)C(O)C([*])C(-O)C=C,(pk-ccmal)(mal-ccemal-ohmal)(ohmmal)(pk)(ccmal)
72,ctg1_orf10;ctg1_orf9;ctg1_orf8;ctg1_orf11;ctg1_orf7,0.44140849541316773,0.41774977758157733,0.4571809739675613,C([*])C(-O)C=CC([*])C(-O)C(C)C(O)C=CCC(=O)C(CC)=CCC(O),(pk-ccmal)(pk)(ohmmal)(ccmal)(mal-ccemal-ohmal)
73,ctg1_orf8;ctg1_orf9;ctg1_orf7;ctg1_orf10;ctg1_orf11,0.44120012810307063,0.3765251390508986,0.48431678747118534,C(C)C(O)C([*])C(-O)CC(=O)C(CC)=CCC(O)C([*])C(-O)C=CC=C,(ohmmal)(pk)(mal-ccemal-ohmal)(pk-ccmal)(ccmal)
74,ctg1_orf11;ctg1_orf7;ctg1_orf9;ctg1_orf8;ctg1_orf10,0.44066161218254757,0.474190822701406,0.41830880516997526,C=CCC(=O)C(CC)=CCC(O)C([*])C(-O)C(C)C(O)C([*])C(-O)C=C,(ccmal)(mal-ccemal-ohmal)(pk)(ohmmal)(pk-ccmal)
75,ctg1_orf9;ctg1_orf8;ctg1_orf10;ctg1_orf7;ctg1_orf11,0.4402705612413924,0.5316455202735312,0.37935392188663325,C([*])C(-O)C(C)C(O)C([*])C(-O)C=CCC(=O)C(CC)=CCC(O)C=C,(pk)(ohmmal)(pk-ccmal)(mal-ccemal-ohmal)(ccmal)
76,ctg1_orf10;ctg1_orf7;ctg1_orf9;ctg1_orf8;ctg1_orf11,0.439930301246558,0.5092284519840508,0.3937315340882296,C([*])C(-O)C=CCC(=O)C(CC)=CCC(O)C([*])C(-O)C(C)C(O)C=C,(pk-ccmal)(mal-ccemal-ohmal)(pk)(ohmmal)(ccmal)
77,ctg1_orf11;ctg1_orf10;ctg1_orf7;ctg1_orf8;ctg1_orf9,0.4375179864088832,0.36917051216405505,0.4830829692387686,C=CC([*])C(-O)C=CCC(=O)C(CC)=CCC(O)C(C)C(O)C([*])C(-O),(ccmal)(pk-ccmal)(mal-ccemal-ohmal)(ohmmal)(pk)
78,ctg1_orf10;ctg1_orf7;ctg1_orf8;ctg1_orf11;ctg1_orf9,0.4358787853157562,0.4134187989467523,0.4508521095617588,C([*])C(-O)C=CCC(=O)C(CC)=CCC(O)C(C)C(O)C=CC([*])C(-O),(pk-ccmal)(mal-ccemal-ohmal)(ohmmal)(ccmal)(pk)
79,ctg1_orf10;ctg1_orf8;ctg1_orf9;ctg1_orf11;ctg1_orf7,0.43437505739254856,0.37158028829887657,0.4762382367883299,C([*])C(-O)C=CC(C)C(O)C([*])C(-O)C=CCC(=O)C(CC)=CCC(O),(pk-ccmal)(ohmmal)(pk)(ccmal)(mal-ccemal-ohmal)
80,ctg1_orf10;ctg1_orf9;ctg1_orf8;ctg1_orf7;ctg1_orf11,0.42999391536435666,0.4690788048366915,0.4039373223828,C([*])C(-O)C=CC([*])C(-O)C(C)C(O)CC(=O)C(CC)=CCC(O)C=C,(pk-ccmal)(pk)(ohmmal)(mal-ccemal-ohmal)(ccmal)
81,ctg1_orf9;ctg1_orf7;ctg1_orf10;ctg1_orf8;ctg1_orf11,0.4271885294810471,0.46433304493210764,0.4024255191803402,C([*])C(-O)CC(=O)C(CC)=CCC(O)C([*])C(-O)C=CC(C)C(O)C=C,(pk)(mal-ccemal-ohmal)(pk-ccmal)(ohmmal)(ccmal)
82,ctg1_orf7;ctg1_orf11;ctg1_orf9;ctg1_orf8;ctg1_orf10,0.4228720773702407,0.46117367725030006,0.3973376774502011,CC(=O)C(CC)=CCC(O)C=CC([*])C(-O)C(C)C(O)C([*])C(-O)C=C,(mal-ccemal-ohmal)(ccmal)(pk)(ohmmal)(pk-ccmal)
83,ctg1_orf9;ctg1_orf11;ctg1_orf10;ctg1_orf7;ctg1_orf8,0.4226542086560776,0.4033600808998741,0.4355169604935467,C([*])C(-O)C=CC([*])C(-O)C=CCC(=O)C(CC)=CCC(O)C(C)C(O),(pk)(ccmal)(pk-ccmal)(mal-ccemal-ohmal)(ohmmal)
84,ctg1_orf10;ctg1_orf8;ctg1_orf7;ctg1_orf11;ctg1_orf9,0.41736474837010173,0.4140602212130022,0.4195677664748347,C([*])C(-O)C=CC(C)C(O)CC(=O)C(CC)=CCC(O)C=CC([*])C(-O),(pk-ccmal)(ohmmal)(mal-ccemal-ohmal)(ccmal)(pk)
85,ctg1_orf10;ctg1_orf7;ctg1_orf11;ctg1_orf8;ctg1_orf9,0.41221876090953424,0.39361976040203356,0.42461809458120137,C([*])C(-O)C=CCC(=O)C(CC)=CCC(O)C=CC(C)C(O)C([*])C(-O),(pk-ccmal)(mal-ccemal-ohmal)(ccmal)(ohmmal)(pk)
86,ctg1_orf8;ctg1_orf11;ctg1_orf7;ctg1_orf10;ctg1_orf9,0.40372865004543346,0.39590358881977594,0.4089453575292052,C(C)C(O)C=CCC(=O)C(CC)=CCC(O)C([*])C(-O)C=CC([*])C(-O),(ohmmal)(ccmal)(mal-ccemal-ohmal)(pk-ccmal)(pk)
87,ctg1_orf10;ctg1_orf7;ctg1_orf9;ctg1_orf11;ctg1_orf8,0.40263045726311547,0.43939617064581765,0.3781199816746474,C([*])C(-O)C=CCC(=O)C(CC)=CCC(O)C([*])C(-O)C=CC(C)C(O),(pk-ccmal)(mal-ccemal-ohmal)(pk)(ccmal)(ohmmal)
88,ctg1_orf11;ctg1_orf10;ctg1_orf7;ctg1_orf9;ctg1_orf8,0.4013221011945294,0.44305148958157026,0.3735025089365022,C=CC([*])C(-O)C=CCC(=O)C(CC)=CCC(O)C([*])C(-O)C(C)C(O),(ccmal)(pk-ccmal)(mal-ccemal-ohmal)(pk)(ohmmal)
89,ctg1_orf8;ctg1_orf7;ctg1_orf9;ctg1_orf11;ctg1_orf10,0.3970496344647203,0.38437664620179096,0.40549829330667325,C(C)C(O)CC(=O)C(CC)=CCC(O)C([*])C(-O)C=CC([*])C(-O)C=C,(ohmmal)(mal-ccemal-ohmal)(pk)(ccmal)(pk-ccmal)
90,ctg1_orf9;ctg1_orf7;ctg1_orf10;ctg1_orf11;ctg1_orf8,0.3962782220560377,0.3405190366915695,0.4334510122990165,C([*])C(-O)CC(=O)C(CC)=CCC(O)C([*])C(-O)C=CC=CC(C)C(O),(pk)(mal-ccemal-ohmal)(pk-ccmal)(ccmal)(ohmmal)
91,ctg1_orf7;ctg1_orf10;ctg1_orf9;ctg1_orf8;ctg1_orf11,0.3891882562495587,0.4371485581965277,0.3572147216182462,CC(=O)C(CC)=CCC(O)C([*])C(-O)C=CC([*])C(-O)C(C)C(O)C=C,(mal-ccemal-ohmal)(pk-ccmal)(pk)(ohmmal)(ccmal)
92,ctg1_orf9;ctg1_orf11;ctg1_orf10;ctg1_orf8;ctg1_orf7,0.3887567517123521,0.3495962005756111,0.4148637858035128,C([*])C(-O)C=CC([*])C(-O)C=CC(C)C(O)CC(=O)C(CC)=CCC(O),(pk)(ccmal)(pk-ccmal)(ohmmal)(mal-ccemal-ohmal)
93,ctg1_orf8;ctg1_orf9;ctg1_orf11;ctg1_orf10;ctg1_orf7,0.388285269153662,0.3432331665041883,0.4183200042533112,C(C)C(O)C([*])C(-O)C=CC([*])C(-O)C=CCC(=O)C(CC)=CCC(O),(ohmmal)(pk)(ccmal)(pk-ccmal)(mal-ccemal-ohmal)
94,ctg1_orf9;ctg1_orf11;ctg1_orf8;ctg1_orf10;ctg1_orf7,0.38758729725987884,0.4074079363447852,0.3743735378699413,C([*])C(-O)C=CC(C)C(O)C([*])C(-O)C=CCC(=O)C(CC)=CCC(O),(pk)(ccmal)(ohmmal)(pk-ccmal)(mal-ccemal-ohmal)
95,ctg1_orf7;ctg1_orf10;ctg1_orf11;ctg1_orf8;ctg1_orf9,0.3858961829754499,0.28024464195208354,0.4563305436576942,CC(=O)C(CC)=CCC(O)C([*])C(-O)C=CC=CC(C)C(O)C([*])C(-O),(mal-ccemal-ohmal)(pk-ccmal)(ccmal)(ohmmal)(pk)
96,ctg1_orf7;ctg1_orf10;ctg1_orf8;ctg1_orf9;ctg1_orf11,0.38215481822893965,0.39097906891382694,0.3762719844390147,CC(=O)C(CC)=CCC(O)C([*])C(-O)C=CC(C)C(O)C([*])C(-O)C=C,(mal-ccemal-ohmal)(pk-ccmal)(ohmmal)(pk)(ccmal)
97,ctg1_orf9;ctg1_orf8;ctg1_orf11;ctg1_orf10;ctg1_orf7,0.3806632070900716,0.3770593454830923,0.3830657814947245,C([*])C(-O)C(C)C(O)C=CC([*])C(-O)C=CCC(=O)C(CC)=CCC(O),(pk)(ohmmal)(ccmal)(pk-ccmal)(mal-ccemal-ohmal)
98,ctg1_orf10;ctg1_orf9;ctg1_orf11;ctg1_orf8;ctg1_orf7,0.3773106513828431,0.34484122090794556,0.3989569383661081,C([*])C(-O)C=CC([*])C(-O)C=CC(C)C(O)CC(=O)C(CC)=CCC(O),(pk-ccmal)(pk)(ccmal)(ohmmal)(mal-ccemal-ohmal)
99,ctg1_orf7;ctg1_orf10;ctg1_orf8;ctg1_orf11;ctg1_orf9,0.3765590892553038,0.38212997457283837,0.37284516571028076,CC(=O)C(CC)=CCC(O)C([*])C(-O)C=CC(C)C(O)C=CC([*])C(-O),(mal-ccemal-ohmal)(pk-ccmal)(ohmmal)(ccmal)(pk)
100,ctg1_orf11;ctg1_orf10;ctg1_orf9;ctg1_orf8;ctg1_orf7,0.37600229531425705,0.34849653984369816,0.39433946562796296,C=CC([*])C(-O)C=CC([*])C(-O)C(C)C(O)CC(=O)C(CC)=CCC(O),(ccmal)(pk-ccmal)(pk)(ohmmal)(mal-ccemal-ohmal)
101,ctg1_orf10;ctg1_orf7;ctg1_orf11;ctg1_orf9;ctg1_orf8,0.37461953157630146,0.4284437848416887,0.33873669606604323,C([*])C(-O)C=CCC(=O)C(CC)=CCC(O)C=CC([*])C(-O)C(C)C(O),(pk-ccmal)(mal-ccemal-ohmal)(ccmal)(pk)(ohmmal)
102,ctg1_orf10;ctg1_orf11;ctg1_orf9;ctg1_orf8;ctg1_orf7,0.373719192758944,0.29259361044138965,0.4278029143039802,C([*])C(-O)C=CC=CC([*])C(-O)C(C)C(O)CC(=O)C(CC)=CCC(O),(pk-ccmal)(ccmal)(pk)(ohmmal)(mal-ccemal-ohmal)
103,ctg1_orf11;ctg1_orf7;ctg1_orf10;ctg1_orf8;ctg1_orf9,0.3692852555425097,0.3362911285013655,0.39128134023660577,C=CCC(=O)C(CC)=CCC(O)C([*])C(-O)C=CC(C)C(O)C([*])C(-O),(ccmal)(mal-ccemal-ohmal)(pk-ccmal)(ohmmal)(pk)
104,ctg1_orf11;ctg1_orf9;ctg1_orf7;ctg1_orf10;ctg1_orf8,0.36715323391717736,0.39513521929771067,0.34849857699682174,C=CC([*])C(-O)CC(=O)C(CC)=CCC(O)C([*])C(-O)C=CC(C)C(O),(ccmal)(pk)(mal-ccemal-ohmal)(pk-ccmal)(ohmmal)
105,ctg1_orf11;ctg1_orf9;ctg1_orf8;ctg1_orf10;ctg1_orf7,0.3648518456794516,0.40804239204862136,0.3360581481000051,C=CC([*])C(-O)C(C)C(O)C([*])C(-O)C=CCC(=O)C(CC)=CCC(O),(ccmal)(pk)(ohmmal)(pk-ccmal)(mal-ccemal-ohmal)
106,ctg1_orf9;ctg1_orf8;ctg1_orf7;ctg1_orf11;ctg1_orf10,0.36436420387602886,0.3593468336581162,0.36770911735463735,C([*])C(-O)C(C)C(O)CC(=O)C(CC)=CCC(O)C=CC([*])C(-O)C=C,(pk)(ohmmal)(mal-ccemal-ohmal)(ccmal)(pk-ccmal)
107,ctg1_orf8;ctg1_orf11;ctg1_orf9;ctg1_orf7;ctg1_orf10,0.35478722256508777,0.3639235208254125,0.34869635705820456,C(C)C(O)C=CC([*])C(-O)CC(=O)C(CC)=CCC(O)C([*])C(-O)C=C,(ohmmal)(ccmal)(pk)(mal-ccemal-ohmal)(pk-ccmal)
108,ctg1_orf9;ctg1_orf11;ctg1_orf7;ctg1_orf10;ctg1_orf8,0.3544214777897041,0.3704806972371845,0.3437153314913838,C([*])C(-O)C=CCC(=O)C(CC)=CCC(O)C([*])C(-O)C=CC(C)C(O),(pk)(ccmal)(mal-ccemal-ohmal)(pk-ccmal)(ohmmal)
109,ctg1_orf7;ctg1_orf10;ctg1_orf9;ctg1_orf11;ctg1_orf8,0.3518884122661162,0.3673162768582946,0.341603169204664,CC(=O)C(CC)=CCC(O)C([*])C(-O)C=CC([*])C(-O)C=CC(C)C(O),(mal-ccemal-ohmal)(pk-ccmal)(pk)(ccmal)(ohmmal)
110,ctg1_orf7;ctg1_orf10;ctg1_orf11;ctg1_orf9;ctg1_orf8,0.34829695364221713,0.3150686663917387,0.3704491451425361,CC(=O)C(CC)=CCC(O)C([*])C(-O)C=CC=CC([*])C(-O)C(C)C(O),(mal-ccemal-ohmal)(pk-ccmal)(ccmal)(pk)(ohmmal)
111,ctg1_orf8;ctg1_orf7;ctg1_orf10;ctg1_orf9;ctg1_orf11,0.3422789778270316,0.37974773220558267,0.31729980824133097,C(C)C(O)CC(=O)C(CC)=CCC(O)C([*])C(-O)C=CC([*])C(-O)C=C,(ohmmal)(mal-ccemal-ohmal)(pk-ccmal)(pk)(ccmal)
112,ctg1_orf11;ctg1_orf7;ctg1_orf10;ctg1_orf9;ctg1_orf8,0.341667021391609,0.3693810365052716,0.323191011315834,C=CCC(=O)C(CC)=CCC(O)C([*])C(-O)C=CC([*])C(-O)C(C)C(O),(ccmal)(mal-ccemal-ohmal)(pk-ccmal)(pk)(ohmmal)
113,ctg1_orf8;ctg1_orf7;ctg1_orf10;ctg1_orf11;ctg1_orf9,0.3360393473912098,0.27074742167958826,0.3795672978656241,C(C)C(O)CC(=O)C(CC)=CCC(O)C([*])C(-O)C=CC=CC([*])C(-O),(ohmmal)(mal-ccemal-ohmal)(pk-ccmal)(ccmal)(pk)
114,ctg1_orf9;ctg1_orf8;ctg1_orf7;ctg1_orf10;ctg1_orf11,0.3340130143012551,0.3134226949994809,0.3477398938357713,C([*])C(-O)C(C)C(O)CC(=O)C(CC)=CCC(O)C([*])C(-O)C=CC=C,(pk)(ohmmal)(mal-ccemal-ohmal)(pk-ccmal)(ccmal)
115,ctg1_orf11;ctg1_orf8;ctg1_orf9;ctg1_orf7;ctg1_orf10,0.3303248232444961,0.302576944071253,0.34882340935999157,C=CC(C)C(O)C([*])C(-O)CC(=O)C(CC)=CCC(O)C([*])C(-O)C=C,(ccmal)(ohmmal)(pk)(mal-ccemal-ohmal)(pk-ccmal)
116,ctg1_orf8;ctg1_orf9;ctg1_orf11;ctg1_orf7;ctg1_orf10,0.3222675720189003,0.29199984875027274,0.34244605419798535,C(C)C(O)C([*])C(-O)C=CCC(=O)C(CC)=CCC(O)C([*])C(-O)C=C,(ohmmal)(pk)(ccmal)(mal-ccemal-ohmal)(pk-ccmal)
117,ctg1_orf9;ctg1_orf8;ctg1_orf11;ctg1_orf7;ctg1_orf10,0.3146455099553098,0.32582602772917674,0.30719183143939865,C([*])C(-O)C(C)C(O)C=CCC(=O)C(CC)=CCC(O)C([*])C(-O)C=C,(pk)(ohmmal)(ccmal)(mal-ccemal-ohmal)(pk-ccmal)
118,ctg1_orf11;ctg1_orf8;ctg1_orf7;ctg1_orf10;ctg1_orf9,0.31222084953280416,0.30955206111043454,0.314000041814384,C=CC(C)C(O)CC(=O)C(CC)=CCC(O)C([*])C(-O)C=CC([*])C(-O),(ccmal)(ohmmal)(mal-ccemal-ohmal)(pk-ccmal)(pk)
119,ctg1_orf9;ctg1_orf11;ctg1_orf8;ctg1_orf7;ctg1_orf10,0.25054766592498523,0.25291747105554496,0.24896779583794548,C([*])C(-O)C=CC(C)C(O)CC(=O)C(CC)=CCC(O)C([*])C(-O)C=C,(pk)(ccmal)(ohmmal)(mal-ccemal-ohmal)(pk-ccmal)
120,ctg1_orf11;ctg1_orf9;ctg1_orf8;ctg1_orf7;ctg1_orf10,0.22781221434455795,0.2535519267593811,0.21065240606800925,C=CC([*])C(-O)C(C)C(O)CC(=O)C(CC)=CCC(O)C([*])C(-O)C=C,(ccmal)(pk)(ohmmal)(mal-ccemal-ohmal)(pk-ccmal)
