PathwayID,Pathway,Score,Score2,Score3,ProductSMILES,Polymer
1,ACB37740.1;ACB37741.1;ACB37742.1;ACB37755.1;ACB37743.1,0.6343898184796688,0.6913279531753613,0.5964310620158738,C([*])C(-O)C([*])C(-O)C([*])C(-O)C(C)=CC=CC(C)=CC=CC=CC(C)=CC([*])C(-O)C(C)=CCC(O),(pk-pk-pk-ccmmal)(ccmal-ccmmal-ccmal-ccmal)(ccmmal)(pk-ccmmal)(ohmal)
2,ACB37742.1;ACB37755.1;ACB37743.1;ACB37740.1;ACB37741.1,0.6081763859602161,0.6983847511444576,0.5480374758373882,C(C)=CC([*])C(-O)C(C)=CCC(O)C([*])C(-O)C([*])C(-O)C([*])C(-O)C(C)=CC=CC(C)=CC=CC=C,(ccmmal)(pk-ccmmal)(ohmal)(pk-pk-pk-ccmmal)(ccmal-ccmmal-ccmal-ccmal)
3,ACB37740.1;ACB37755.1;ACB37743.1;ACB37742.1;ACB37741.1,0.6043931809999425,0.5944191140220535,0.611042558985202,C([*])C(-O)C([*])C(-O)C([*])C(-O)C(C)=CC([*])C(-O)C(C)=CCC(O)C(C)=CC=CC(C)=CC=CC=C,(pk-pk-pk-ccmmal)(pk-ccmmal)(ohmal)(ccmmal)(ccmal-ccmmal-ccmal-ccmal)
4,ACB37742.1;ACB37741.1;ACB37740.1;ACB37755.1;ACB37743.1,0.5813874909104342,0.5831927502716548,0.5801839846696203,C(C)=CC=CC(C)=CC=CC=CC([*])C(-O)C([*])C(-O)C([*])C(-O)C(C)=CC([*])C(-O)C(C)=CCC(O),(ccmmal)(ccmal-ccmmal-ccmal-ccmal)(pk-pk-pk-ccmmal)(pk-ccmmal)(ohmal)
5,ACB37741.1;ACB37740.1;ACB37755.1;ACB37743.1;ACB37742.1,0.5774277871096851,0.5940631150989608,0.5663375684501679,C=CC(C)=CC=CC=CC([*])C(-O)C([*])C(-O)C([*])C(-O)C(C)=CC([*])C(-O)C(C)=CCC(O)C(C)=C,(ccmal-ccmmal-ccmal-ccmal)(pk-pk-pk-ccmmal)(pk-ccmmal)(ohmal)(ccmmal)
6,ACB37742.1;ACB37755.1;ACB37743.1;ACB37741.1;ACB37740.1,0.572902052772882,0.6723522150991287,0.5066019445553842,C(C)=CC([*])C(-O)C(C)=CCC(O)C=CC(C)=CC=CC=CC([*])C(-O)C([*])C(-O)C([*])C(-O)C(C)=C,(ccmmal)(pk-ccmmal)(ohmal)(ccmal-ccmmal-ccmal-ccmal)(pk-pk-pk-ccmmal)
7,ACB37741.1;ACB37742.1;ACB37755.1;ACB37743.1;ACB37740.1,0.571917721305561,0.6122434142293021,0.5450339260230669,C=CC(C)=CC=CC=CC(C)=CC([*])C(-O)C(C)=CCC(O)C([*])C(-O)C([*])C(-O)C([*])C(-O)C(C)=C,(ccmal-ccmmal-ccmal-ccmal)(ccmmal)(pk-ccmmal)(ohmal)(pk-pk-pk-ccmmal)
8,ACB37743.1;ACB37742.1;ACB37755.1;ACB37740.1;ACB37741.1,0.5717648604214995,0.5452404449668403,0.589447804057939,CC(O)C(C)=CC([*])C(-O)C(C)=CC([*])C(-O)C([*])C(-O)C([*])C(-O)C(C)=CC=CC(C)=CC=CC=C,(ohmal)(ccmmal)(pk-ccmmal)(pk-pk-pk-ccmmal)(ccmal-ccmmal-ccmal-ccmal)
9,ACB37741.1;ACB37740.1;ACB37742.1;ACB37755.1;ACB37743.1,0.5697024416328345,0.5728569246134103,0.5675994529791172,C=CC(C)=CC=CC=CC([*])C(-O)C([*])C(-O)C([*])C(-O)C(C)=CC(C)=CC([*])C(-O)C(C)=CCC(O),(ccmal-ccmmal-ccmal-ccmal)(pk-pk-pk-ccmmal)(ccmmal)(pk-ccmmal)(ohmal)
10,ACB37755.1;ACB37743.1;ACB37742.1;ACB37741.1;ACB37740.1,0.5670916100233291,0.5603562776116041,0.5715818316311457,C([*])C(-O)C(C)=CCC(O)C(C)=CC=CC(C)=CC=CC=CC([*])C(-O)C([*])C(-O)C([*])C(-O)C(C)=C,(pk-ccmmal)(ohmal)(ccmmal)(ccmal-ccmmal-ccmal-ccmal)(pk-pk-pk-ccmmal)
11,ACB37740.1;ACB37742.1;ACB37755.1;ACB37743.1;ACB37741.1,0.5571304189127022,0.6028904855122025,0.5266237078463687,C([*])C(-O)C([*])C(-O)C([*])C(-O)C(C)=CC(C)=CC([*])C(-O)C(C)=CCC(O)C=CC(C)=CC=CC=C,(pk-pk-pk-ccmmal)(ccmmal)(pk-ccmmal)(ohmal)(ccmal-ccmmal-ccmal-ccmal)
12,ACB37743.1;ACB37742.1;ACB37755.1;ACB37741.1;ACB37740.1,0.5512274854996222,0.5484392351632237,0.5530863190572212,CC(O)C(C)=CC([*])C(-O)C(C)=CC=CC(C)=CC=CC=CC([*])C(-O)C([*])C(-O)C([*])C(-O)C(C)=C,(ohmal)(ccmmal)(pk-ccmmal)(ccmal-ccmmal-ccmal-ccmal)(pk-pk-pk-ccmmal)
13,ACB37743.1;ACB37740.1;ACB37741.1;ACB37742.1;ACB37755.1,0.5502283579420805,0.5321935758645029,0.5622515459937989,CC(O)C([*])C(-O)C([*])C(-O)C([*])C(-O)C(C)=CC=CC(C)=CC=CC=CC(C)=CC([*])C(-O)C(C)=C,(ohmal)(pk-pk-pk-ccmmal)(ccmal-ccmmal-ccmal-ccmal)(ccmmal)(pk-ccmmal)
14,ACB37740.1;ACB37755.1;ACB37743.1;ACB37741.1;ACB37742.1,0.5481786134660442,0.5943042932772887,0.5174281602585479,C([*])C(-O)C([*])C(-O)C([*])C(-O)C(C)=CC([*])C(-O)C(C)=CCC(O)C=CC(C)=CC=CC=CC(C)=C,(pk-pk-pk-ccmmal)(pk-ccmmal)(ohmal)(ccmal-ccmmal-ccmal-ccmal)(ccmmal)
15,ACB37740.1;ACB37743.1;ACB37742.1;ACB37755.1;ACB37741.1,0.5471126341466819,0.5649678421297173,0.5352091621579916,C([*])C(-O)C([*])C(-O)C([*])C(-O)C(C)=CCC(O)C(C)=CC([*])C(-O)C(C)=CC=CC(C)=CC=CC=C,(pk-pk-pk-ccmmal)(ohmal)(ccmmal)(pk-ccmmal)(ccmal-ccmmal-ccmal-ccmal)
16,ACB37755.1;ACB37743.1;ACB37740.1;ACB37741.1;ACB37742.1,0.5461513756767647,0.5862739929121684,0.5194029641864956,C([*])C(-O)C(C)=CCC(O)C([*])C(-O)C([*])C(-O)C([*])C(-O)C(C)=CC=CC(C)=CC=CC=CC(C)=C,(pk-ccmmal)(ohmal)(pk-pk-pk-ccmmal)(ccmal-ccmmal-ccmal-ccmal)(ccmmal)
17,ACB37755.1;ACB37743.1;ACB37742.1;ACB37740.1;ACB37741.1,0.5429408267868359,0.6114799445578329,0.4972480816061713,C([*])C(-O)C(C)=CCC(O)C(C)=CC([*])C(-O)C([*])C(-O)C([*])C(-O)C(C)=CC=CC(C)=CC=CC=C,(pk-ccmmal)(ohmal)(ccmmal)(pk-pk-pk-ccmmal)(ccmal-ccmmal-ccmal-ccmal)
18,ACB37743.1;ACB37742.1;ACB37741.1;ACB37740.1;ACB37755.1,0.5401166138158073,0.4467939577121641,0.6023317178849027,CC(O)C(C)=CC=CC(C)=CC=CC=CC([*])C(-O)C([*])C(-O)C([*])C(-O)C(C)=CC([*])C(-O)C(C)=C,(ohmal)(ccmmal)(ccmal-ccmmal-ccmal-ccmal)(pk-pk-pk-ccmmal)(pk-ccmmal)
19,ACB37741.1;ACB37740.1;ACB37743.1;ACB37742.1;ACB37755.1,0.5400883470454472,0.5224484686073395,0.5518482660041855,C=CC(C)=CC=CC=CC([*])C(-O)C([*])C(-O)C([*])C(-O)C(C)=CCC(O)C(C)=CC([*])C(-O)C(C)=C,(ccmal-ccmmal-ccmal-ccmal)(pk-pk-pk-ccmmal)(ohmal)(ccmmal)(pk-ccmmal)
20,ACB37741.1;ACB37740.1;ACB37755.1;ACB37742.1;ACB37743.1,0.531250772432289,0.44682019298096476,0.5875378253998387,C=CC(C)=CC=CC=CC([*])C(-O)C([*])C(-O)C([*])C(-O)C(C)=CC([*])C(-O)C(C)=CC(C)=CCC(O),(ccmal-ccmmal-ccmal-ccmal)(pk-pk-pk-ccmmal)(pk-ccmmal)(ccmmal)(ohmal)
21,ACB37740.1;ACB37741.1;ACB37743.1;ACB37742.1;ACB37755.1,0.5282028444240617,0.4849735140641722,0.5570223979973215,C([*])C(-O)C([*])C(-O)C([*])C(-O)C(C)=CC=CC(C)=CC=CC=CCC(O)C(C)=CC([*])C(-O)C(C)=C,(pk-pk-pk-ccmmal)(ccmal-ccmmal-ccmal-ccmal)(ohmal)(ccmmal)(pk-ccmmal)
22,ACB37740.1;ACB37755.1;ACB37741.1;ACB37742.1;ACB37743.1,0.5266018258525652,0.5170341699095058,0.5329802631479381,C([*])C(-O)C([*])C(-O)C([*])C(-O)C(C)=CC([*])C(-O)C(C)=CC=CC(C)=CC=CC=CC(C)=CCC(O),(pk-pk-pk-ccmmal)(pk-ccmmal)(ccmal-ccmmal-ccmal-ccmal)(ccmmal)(ohmal)
23,ACB37742.1;ACB37755.1;ACB37741.1;ACB37740.1;ACB37743.1,0.5241069440571734,0.5537414783793186,0.5043505878424099,C(C)=CC([*])C(-O)C(C)=CC=CC(C)=CC=CC=CC([*])C(-O)C([*])C(-O)C([*])C(-O)C(C)=CCC(O),(ccmmal)(pk-ccmmal)(ccmal-ccmmal-ccmal-ccmal)(pk-pk-pk-ccmmal)(ohmal)
24,ACB37740.1;ACB37741.1;ACB37755.1;ACB37743.1;ACB37742.1,0.5220887688344289,0.5457279376759707,0.5063293229400677,C([*])C(-O)C([*])C(-O)C([*])C(-O)C(C)=CC=CC(C)=CC=CC=CC([*])C(-O)C(C)=CCC(O)C(C)=C,(pk-pk-pk-ccmmal)(ccmal-ccmmal-ccmal-ccmal)(pk-ccmmal)(ohmal)(ccmmal)
25,ACB37741.1;ACB37742.1;ACB37740.1;ACB37755.1;ACB37743.1,0.520978043019286,0.5481750803027281,0.5028466848303246,C=CC(C)=CC=CC=CC(C)=CC([*])C(-O)C([*])C(-O)C([*])C(-O)C(C)=CC([*])C(-O)C(C)=CCC(O),(ccmal-ccmmal-ccmal-ccmal)(ccmmal)(pk-pk-pk-ccmmal)(pk-ccmmal)(ohmal)
26,ACB37740.1;ACB37755.1;ACB37742.1;ACB37743.1;ACB37741.1,0.5186787497121569,0.4768537538797568,0.5465620802670903,C([*])C(-O)C([*])C(-O)C([*])C(-O)C(C)=CC([*])C(-O)C(C)=CC(C)=CCC(O)C=CC(C)=CC=CC=C,(pk-pk-pk-ccmmal)(pk-ccmmal)(ccmmal)(ohmal)(ccmal-ccmmal-ccmal-ccmal)
27,ACB37755.1;ACB37742.1;ACB37743.1;ACB37740.1;ACB37741.1,0.5166515119228774,0.46882345351463645,0.548536884195038,C([*])C(-O)C(C)=CC(C)=CCC(O)C([*])C(-O)C([*])C(-O)C([*])C(-O)C(C)=CC=CC(C)=CC=CC=C,(pk-ccmmal)(ccmmal)(ohmal)(pk-pk-pk-ccmmal)(ccmal-ccmmal-ccmal-ccmal)
28,ACB37743.1;ACB37740.1;ACB37755.1;ACB37742.1;ACB37741.1,0.5152278032198042,0.3777977505845677,0.606847838309962,CC(O)C([*])C(-O)C([*])C(-O)C([*])C(-O)C(C)=CC([*])C(-O)C(C)=CC(C)=CC=CC(C)=CC=CC=C,(ohmal)(pk-pk-pk-ccmmal)(pk-ccmmal)(ccmmal)(ccmal-ccmmal-ccmal-ccmal)
29,ACB37740.1;ACB37743.1;ACB37741.1;ACB37742.1;ACB37755.1,0.5108391734018063,0.5226896467856675,0.5029388578125654,C([*])C(-O)C([*])C(-O)C([*])C(-O)C(C)=CCC(O)C=CC(C)=CC=CC=CC(C)=CC([*])C(-O)C(C)=C,(pk-pk-pk-ccmmal)(ohmal)(ccmal-ccmmal-ccmal-ccmal)(ccmmal)(pk-ccmmal)
30,ACB37755.1;ACB37740.1;ACB37741.1;ACB37742.1;ACB37743.1,0.509837629797829,0.47977254330267305,0.5298810207945996,C([*])C(-O)C(C)=CC([*])C(-O)C([*])C(-O)C([*])C(-O)C(C)=CC=CC(C)=CC=CC=CC(C)=CCC(O),(pk-ccmmal)(pk-pk-pk-ccmmal)(ccmal-ccmmal-ccmal-ccmal)(ccmmal)(ohmal)
31,ACB37755.1;ACB37743.1;ACB37740.1;ACB37742.1;ACB37741.1,0.5084293927201878,0.4681589632733102,0.5352763456847729,C([*])C(-O)C(C)=CCC(O)C([*])C(-O)C([*])C(-O)C([*])C(-O)C(C)=CC(C)=CC=CC(C)=CC=CC=C,(pk-ccmmal)(ohmal)(pk-pk-pk-ccmmal)(ccmmal)(ccmal-ccmmal-ccmal-ccmal)
32,ACB37741.1;ACB37742.1;ACB37755.1;ACB37740.1;ACB37743.1,0.5083856543243958,0.46440135126777965,0.5377085230288066,C=CC(C)=CC=CC=CC(C)=CC([*])C(-O)C(C)=CC([*])C(-O)C([*])C(-O)C([*])C(-O)C(C)=CCC(O),(ccmal-ccmmal-ccmal-ccmal)(ccmmal)(pk-ccmmal)(pk-pk-pk-ccmmal)(ohmal)
33,ACB37742.1;ACB37740.1;ACB37755.1;ACB37743.1;ACB37741.1,0.5020774811331539,0.5967746601715856,0.43894602844086616,C(C)=CC([*])C(-O)C([*])C(-O)C([*])C(-O)C(C)=CC([*])C(-O)C(C)=CCC(O)C=CC(C)=CC=CC=C,(ccmmal)(pk-pk-pk-ccmmal)(pk-ccmmal)(ohmal)(ccmal-ccmmal-ccmal-ccmal)
34,ACB37742.1;ACB37743.1;ACB37741.1;ACB37740.1;ACB37755.1,0.5006769768651984,0.5231143762559856,0.4857187106046736,C(C)=CCC(O)C=CC(C)=CC=CC=CC([*])C(-O)C([*])C(-O)C([*])C(-O)C(C)=CC([*])C(-O)C(C)=C,(ccmmal)(ohmal)(ccmal-ccmmal-ccmal-ccmal)(pk-pk-pk-ccmmal)(pk-ccmmal)
35,ACB37742.1;ACB37743.1;ACB37740.1;ACB37755.1;ACB37741.1,0.5003883933331124,0.5240909678786022,0.48458667696945246,C(C)=CCC(O)C([*])C(-O)C([*])C(-O)C([*])C(-O)C(C)=CC([*])C(-O)C(C)=CC=CC(C)=CC=CC=C,(ccmmal)(ohmal)(pk-pk-pk-ccmmal)(pk-ccmmal)(ccmal-ccmmal-ccmal-ccmal)
36,ACB37743.1;ACB37741.1;ACB37742.1;ACB37755.1;ACB37740.1,0.4999284829572038,0.47790630520007815,0.5146099347952876,CC(O)C=CC(C)=CC=CC=CC(C)=CC([*])C(-O)C(C)=CC([*])C(-O)C([*])C(-O)C([*])C(-O)C(C)=C,(ohmal)(ccmal-ccmmal-ccmal-ccmal)(ccmmal)(pk-ccmmal)(pk-pk-pk-ccmmal)
37,ACB37741.1;ACB37742.1;ACB37743.1;ACB37740.1;ACB37755.1,0.4996926453978773,0.46300557538615894,0.5241506920723562,C=CC(C)=CC=CC=CC(C)=CCC(O)C([*])C(-O)C([*])C(-O)C([*])C(-O)C(C)=CC([*])C(-O)C(C)=C,(ccmal-ccmmal-ccmal-ccmal)(ccmmal)(ohmal)(pk-pk-pk-ccmmal)(pk-ccmmal)
38,ACB37743.1;ACB37741.1;ACB37740.1;ACB37755.1;ACB37742.1,0.4955752799628676,0.4189845335612361,0.5466357775639553,CC(O)C=CC(C)=CC=CC=CC([*])C(-O)C([*])C(-O)C([*])C(-O)C(C)=CC([*])C(-O)C(C)=CC(C)=C,(ohmal)(ccmal-ccmmal-ccmal-ccmal)(pk-pk-pk-ccmmal)(pk-ccmmal)(ccmmal)
39,ACB37740.1;ACB37741.1;ACB37742.1;ACB37743.1;ACB37755.1,0.4950851501261769,0.5216298053243212,0.47738871332741384,C([*])C(-O)C([*])C(-O)C([*])C(-O)C(C)=CC=CC(C)=CC=CC=CC(C)=CCC(O)C([*])C(-O)C(C)=C,(pk-pk-pk-ccmmal)(ccmal-ccmmal-ccmal-ccmal)(ccmmal)(ohmal)(pk-ccmmal)
40,ACB37755.1;ACB37742.1;ACB37741.1;ACB37740.1;ACB37743.1,0.49369627424370355,0.37177274214158096,0.574978628978452,C([*])C(-O)C(C)=CC(C)=CC=CC(C)=CC=CC=CC([*])C(-O)C([*])C(-O)C([*])C(-O)C(C)=CCC(O),(pk-ccmmal)(ccmmal)(ccmal-ccmmal-ccmal-ccmal)(pk-pk-pk-ccmmal)(ohmal)
41,ACB37743.1;ACB37741.1;ACB37740.1;ACB37742.1;ACB37755.1,0.49285385172856694,0.4552653292023131,0.5179128667460695,CC(O)C=CC(C)=CC=CC=CC([*])C(-O)C([*])C(-O)C([*])C(-O)C(C)=CC(C)=CC([*])C(-O)C(C)=C,(ohmal)(ccmal-ccmmal-ccmal-ccmal)(pk-pk-pk-ccmmal)(ccmmal)(pk-ccmmal)
42,ACB37743.1;ACB37740.1;ACB37742.1;ACB37755.1;ACB37741.1,0.4925652681964809,0.45624192082492965,0.5167808331108483,CC(O)C([*])C(-O)C([*])C(-O)C([*])C(-O)C(C)=CC(C)=CC([*])C(-O)C(C)=CC=CC(C)=CC=CC=C,(ohmal)(pk-pk-pk-ccmmal)(ccmmal)(pk-ccmmal)(ccmal-ccmmal-ccmal-ccmal)
43,ACB37742.1;ACB37755.1;ACB37740.1;ACB37741.1;ACB37743.1,0.49017161253701064,0.4454924156946779,0.5199577437652324,C(C)=CC([*])C(-O)C(C)=CC([*])C(-O)C([*])C(-O)C([*])C(-O)C(C)=CC=CC(C)=CC=CC=CCC(O),(ccmmal)(pk-ccmmal)(pk-pk-pk-ccmmal)(ccmal-ccmmal-ccmal-ccmal)(ohmal)
44,ACB37742.1;ACB37755.1;ACB37740.1;ACB37743.1;ACB37741.1,0.48948509243826377,0.5130009311366373,0.47380786663934804,C(C)=CC([*])C(-O)C(C)=CC([*])C(-O)C([*])C(-O)C([*])C(-O)C(C)=CCC(O)C=CC(C)=CC=CC=C,(ccmmal)(pk-ccmmal)(pk-pk-pk-ccmmal)(ohmal)(ccmal-ccmmal-ccmal-ccmal)
45,ACB37755.1;ACB37743.1;ACB37741.1;ACB37740.1;ACB37742.1,0.48877686946325116,0.5093457462499785,0.47506428493876623,C([*])C(-O)C(C)=CCC(O)C=CC(C)=CC=CC=CC([*])C(-O)C([*])C(-O)C([*])C(-O)C(C)=CC(C)=C,(pk-ccmmal)(ohmal)(ccmal-ccmmal-ccmal-ccmal)(pk-pk-pk-ccmmal)(ccmmal)
46,ACB37755.1;ACB37740.1;ACB37743.1;ACB37742.1;ACB37741.1,0.4836746496887109,0.40100499364911274,0.5387877537151097,C([*])C(-O)C(C)=CC([*])C(-O)C([*])C(-O)C([*])C(-O)C(C)=CCC(O)C(C)=CC=CC(C)=CC=CC=C,(pk-ccmmal)(pk-pk-pk-ccmmal)(ohmal)(ccmmal)(ccmal-ccmmal-ccmal-ccmal)
47,ACB37743.1;ACB37740.1;ACB37755.1;ACB37741.1;ACB37742.1,0.48361346274982286,0.447655728590016,0.5075852855230274,CC(O)C([*])C(-O)C([*])C(-O)C([*])C(-O)C(C)=CC([*])C(-O)C(C)=CC=CC(C)=CC=CC=CC(C)=C,(ohmal)(pk-pk-pk-ccmmal)(pk-ccmmal)(ccmal-ccmmal-ccmal-ccmal)(ccmmal)
48,ACB37755.1;ACB37742.1;ACB37743.1;ACB37741.1;ACB37740.1,0.48137717873554337,0.44279091746930743,0.5071013529130339,C([*])C(-O)C(C)=CC(C)=CCC(O)C=CC(C)=CC=CC=CC([*])C(-O)C([*])C(-O)C([*])C(-O)C(C)=C,(pk-ccmmal)(ccmmal)(ohmal)(ccmal-ccmmal-ccmal-ccmal)(pk-pk-pk-ccmmal)
49,ACB37743.1;ACB37742.1;ACB37740.1;ACB37755.1;ACB37741.1,0.4804029138598941,0.47286168023568054,0.4854304029427032,CC(O)C(C)=CC([*])C(-O)C([*])C(-O)C([*])C(-O)C(C)=CC([*])C(-O)C(C)=CC=CC(C)=CC=CC=C,(ohmal)(ccmmal)(pk-pk-pk-ccmmal)(pk-ccmmal)(ccmal-ccmmal-ccmal-ccmal)
50,ACB37755.1;ACB37741.1;ACB37740.1;ACB37743.1;ACB37742.1,0.4787590846972308,0.4714231028674934,0.4836497392503891,C([*])C(-O)C(C)=CC=CC(C)=CC=CC=CC([*])C(-O)C([*])C(-O)C([*])C(-O)C(C)=CCC(O)C(C)=C,(pk-ccmmal)(ccmal-ccmmal-ccmal-ccmal)(pk-pk-pk-ccmmal)(ohmal)(ccmmal)
51,ACB37740.1;ACB37755.1;ACB37742.1;ACB37741.1;ACB37743.1,0.47652513877827685,0.30078530606377296,0.5936850272546129,C([*])C(-O)C([*])C(-O)C([*])C(-O)C(C)=CC([*])C(-O)C(C)=CC(C)=CC=CC(C)=CC=CC=CCC(O),(pk-pk-pk-ccmmal)(pk-ccmmal)(ccmmal)(ccmal-ccmmal-ccmal-ccmal)(ohmal)
52,ACB37740.1;ACB37741.1;ACB37755.1;ACB37742.1;ACB37743.1,0.4759117541570329,0.39848501555797466,0.5275295798897385,C([*])C(-O)C([*])C(-O)C([*])C(-O)C(C)=CC=CC(C)=CC=CC=CC([*])C(-O)C(C)=CC(C)=CCC(O),(pk-pk-pk-ccmmal)(ccmal-ccmmal-ccmal-ccmal)(pk-ccmmal)(ccmmal)(ohmal)
53,ACB37742.1;ACB37743.1;ACB37755.1;ACB37740.1;ACB37741.1,0.47373106916263436,0.511941089675291,0.44825772215419657,C(C)=CCC(O)C([*])C(-O)C(C)=CC([*])C(-O)C([*])C(-O)C([*])C(-O)C(C)=CC=CC(C)=CC=CC=C,(ccmmal)(ohmal)(pk-ccmmal)(pk-pk-pk-ccmmal)(ccmal-ccmmal-ccmal-ccmal)
54,ACB37755.1;ACB37743.1;ACB37741.1;ACB37742.1;ACB37740.1,0.47110444932254025,0.5441458047910708,0.4224102123435199,C([*])C(-O)C(C)=CCC(O)C=CC(C)=CC=CC=CC(C)=CC([*])C(-O)C([*])C(-O)C([*])C(-O)C(C)=C,(pk-ccmmal)(ohmal)(ccmal-ccmmal-ccmal-ccmal)(ccmmal)(pk-pk-pk-ccmmal)
55,ACB37741.1;ACB37743.1;ACB37742.1;ACB37755.1;ACB37740.1,0.4705900988058642,0.38914346149998635,0.5248878570097828,C=CC(C)=CC=CC=CCC(O)C(C)=CC([*])C(-O)C(C)=CC([*])C(-O)C([*])C(-O)C([*])C(-O)C(C)=C,(ccmal-ccmmal-ccmal-ccmal)(ohmal)(ccmmal)(pk-ccmmal)(pk-pk-pk-ccmmal)
56,ACB37755.1;ACB37741.1;ACB37742.1;ACB37743.1;ACB37740.1,0.46941536152249863,0.47146211249808734,0.4680508608721061,C([*])C(-O)C(C)=CC=CC(C)=CC=CC=CC(C)=CCC(O)C([*])C(-O)C([*])C(-O)C([*])C(-O)C(C)=C,(pk-ccmmal)(ccmal-ccmmal-ccmal-ccmal)(ccmmal)(ohmal)(pk-pk-pk-ccmmal)
57,ACB37743.1;ACB37755.1;ACB37742.1;ACB37741.1;ACB37740.1,0.468033104127449,0.36884666257763976,0.5341573984939885,CC(O)C([*])C(-O)C(C)=CC(C)=CC=CC(C)=CC=CC=CC([*])C(-O)C([*])C(-O)C([*])C(-O)C(C)=C,(ohmal)(pk-ccmmal)(ccmmal)(ccmal-ccmmal-ccmal-ccmal)(pk-pk-pk-ccmmal)
58,ACB37740.1;ACB37742.1;ACB37741.1;ACB37755.1;ACB37743.1,0.4676896349543434,0.39782052531664835,0.5142690413794734,C([*])C(-O)C([*])C(-O)C([*])C(-O)C(C)=CC(C)=CC=CC(C)=CC=CC=CC([*])C(-O)C(C)=CCC(O),(pk-pk-pk-ccmmal)(ccmmal)(ccmal-ccmmal-ccmal-ccmal)(pk-ccmmal)(ohmal)
59,ACB37755.1;ACB37741.1;ACB37740.1;ACB37742.1;ACB37743.1,0.46720008184977213,0.4320756228821956,0.4906163878281565,C([*])C(-O)C(C)=CC=CC(C)=CC=CC=CC([*])C(-O)C([*])C(-O)C([*])C(-O)C(C)=CC(C)=CCC(O),(pk-ccmmal)(ccmal-ccmmal-ccmal-ccmal)(pk-pk-pk-ccmmal)(ccmmal)(ohmal)
60,ACB37740.1;ACB37743.1;ACB37755.1;ACB37742.1;ACB37741.1,0.4639182527745087,0.3853752695441335,0.5162802415947589,C([*])C(-O)C([*])C(-O)C([*])C(-O)C(C)=CCC(O)C([*])C(-O)C(C)=CC(C)=CC=CC(C)=CC=CC=C,(pk-pk-pk-ccmmal)(ohmal)(pk-ccmmal)(ccmmal)(ccmal-ccmmal-ccmal-ccmal)
61,ACB37742.1;ACB37741.1;ACB37755.1;ACB37743.1;ACB37740.1,0.4635763754610701,0.4557730339026056,0.46877860316671316,C(C)=CC=CC(C)=CC=CC=CC([*])C(-O)C(C)=CCC(O)C([*])C(-O)C([*])C(-O)C([*])C(-O)C(C)=C,(ccmmal)(ccmal-ccmmal-ccmal-ccmal)(pk-ccmmal)(ohmal)(pk-pk-pk-ccmmal)
62,ACB37740.1;ACB37755.1;ACB37741.1;ACB37743.1;ACB37742.1,0.46158794923180413,0.4004356667896854,0.50235613752655,C([*])C(-O)C([*])C(-O)C([*])C(-O)C(C)=CC([*])C(-O)C(C)=CC=CC(C)=CC=CC=CCC(O)C(C)=C,(pk-pk-pk-ccmmal)(pk-ccmmal)(ccmal-ccmmal-ccmal-ccmal)(ohmal)(ccmmal)
63,ACB37742.1;ACB37740.1;ACB37741.1;ACB37755.1;ACB37743.1,0.45931048557802995,0.5184059218498034,0.41991352806351434,C(C)=CC([*])C(-O)C([*])C(-O)C([*])C(-O)C(C)=CC=CC(C)=CC=CC=CC([*])C(-O)C(C)=CCC(O),(ccmmal)(pk-pk-pk-ccmmal)(ccmal-ccmmal-ccmal-ccmal)(pk-ccmmal)(ohmal)
64,ACB37743.1;ACB37755.1;ACB37740.1;ACB37741.1;ACB37742.1,0.4569561385793449,0.4355058503867048,0.4712563307077716,CC(O)C([*])C(-O)C(C)=CC([*])C(-O)C([*])C(-O)C([*])C(-O)C(C)=CC=CC(C)=CC=CC=CC(C)=C,(ohmal)(pk-ccmmal)(pk-pk-pk-ccmmal)(ccmal-ccmmal-ccmal-ccmal)(ccmmal)
65,ACB37740.1;ACB37742.1;ACB37755.1;ACB37741.1;ACB37743.1,0.4538626037549535,0.3792294763041349,0.5036180220554992,C([*])C(-O)C([*])C(-O)C([*])C(-O)C(C)=CC(C)=CC([*])C(-O)C(C)=CC=CC(C)=CC=CC=CCC(O),(pk-pk-pk-ccmmal)(ccmmal)(pk-ccmmal)(ccmal-ccmmal-ccmal-ccmal)(ohmal)
66,ACB37742.1;ACB37743.1;ACB37755.1;ACB37741.1;ACB37740.1,0.453193694240757,0.5151398798716743,0.4118962371534788,C(C)=CCC(O)C([*])C(-O)C(C)=CC=CC(C)=CC=CC=CC([*])C(-O)C([*])C(-O)C([*])C(-O)C(C)=C,(ccmmal)(ohmal)(pk-ccmmal)(ccmal-ccmmal-ccmal-ccmal)(pk-pk-pk-ccmmal)
67,ACB37742.1;ACB37755.1;ACB37741.1;ACB37743.1;ACB37740.1,0.44974934426168023,0.43718198489009213,0.4581275838427389,C(C)=CC([*])C(-O)C(C)=CC=CC(C)=CC=CC=CCC(O)C([*])C(-O)C([*])C(-O)C([*])C(-O)C(C)=C,(ccmmal)(pk-ccmmal)(ccmal-ccmmal-ccmal-ccmal)(ohmal)(pk-pk-pk-ccmmal)
68,ACB37742.1;ACB37741.1;ACB37740.1;ACB37743.1;ACB37755.1,0.4459164799275502,0.43163589192036217,0.45543687193234217,C(C)=CC=CC(C)=CC=CC=CC([*])C(-O)C([*])C(-O)C([*])C(-O)C(C)=CCC(O)C([*])C(-O)C(C)=C,(ccmmal)(ccmal-ccmmal-ccmal-ccmal)(pk-pk-pk-ccmmal)(ohmal)(pk-ccmmal)
69,ACB37755.1;ACB37740.1;ACB37741.1;ACB37743.1;ACB37742.1,0.44482375317706796,0.36317404018285265,0.4992568951732115,C([*])C(-O)C(C)=CC([*])C(-O)C([*])C(-O)C([*])C(-O)C(C)=CC=CC(C)=CC=CC=CCC(O)C(C)=C,(pk-ccmmal)(pk-pk-pk-ccmmal)(ccmal-ccmmal-ccmal-ccmal)(ohmal)(ccmmal)
70,ACB37743.1;ACB37741.1;ACB37742.1;ACB37740.1;ACB37755.1,0.44412945311501845,0.4305834848916308,0.4531600985972769,CC(O)C=CC(C)=CC=CC=CC(C)=CC([*])C(-O)C([*])C(-O)C([*])C(-O)C(C)=CC([*])C(-O)C(C)=C,(ohmal)(ccmal-ccmmal-ccmal-ccmal)(ccmmal)(pk-pk-pk-ccmmal)(pk-ccmmal)
71,ACB37743.1;ACB37755.1;ACB37742.1;ACB37740.1;ACB37741.1,0.4438823208909558,0.41997032952386865,0.4598236484690139,CC(O)C([*])C(-O)C(C)=CC(C)=CC([*])C(-O)C([*])C(-O)C([*])C(-O)C(C)=CC=CC(C)=CC=CC=C,(ohmal)(pk-ccmmal)(ccmmal)(pk-pk-pk-ccmmal)(ccmal-ccmmal-ccmal-ccmal)
72,ACB37741.1;ACB37755.1;ACB37743.1;ACB37742.1;ACB37740.1,0.43972897184688364,0.46205696765511195,0.42484364130806473,C=CC(C)=CC=CC=CC([*])C(-O)C(C)=CCC(O)C(C)=CC([*])C(-O)C([*])C(-O)C([*])C(-O)C(C)=C,(ccmal-ccmmal-ccmal-ccmal)(pk-ccmmal)(ohmal)(ccmmal)(pk-pk-pk-ccmmal)
73,ACB37742.1;ACB37741.1;ACB37743.1;ACB37740.1;ACB37755.1,0.43863847257786526,0.3355367074390326,0.5073729826704205,C(C)=CC=CC(C)=CC=CC=CCC(O)C([*])C(-O)C([*])C(-O)C([*])C(-O)C(C)=CC([*])C(-O)C(C)=C,(ccmmal)(ccmal-ccmmal-ccmal-ccmal)(ohmal)(pk-pk-pk-ccmmal)(pk-ccmmal)
74,ACB37740.1;ACB37743.1;ACB37742.1;ACB37741.1;ACB37755.1,0.43807554036695606,0.34741206931057755,0.4985178544045417,C([*])C(-O)C([*])C(-O)C([*])C(-O)C(C)=CCC(O)C(C)=CC=CC(C)=CC=CC=CC([*])C(-O)C(C)=C,(pk-pk-pk-ccmmal)(ohmal)(ccmmal)(ccmal-ccmmal-ccmal-ccmal)(pk-ccmmal)
75,ACB37742.1;ACB37743.1;ACB37740.1;ACB37741.1;ACB37755.1,0.43802508795662143,0.43323641693323434,0.441217535305546,C(C)=CCC(O)C([*])C(-O)C([*])C(-O)C([*])C(-O)C(C)=CC=CC(C)=CC=CC=CC([*])C(-O)C(C)=C,(ccmmal)(ohmal)(pk-pk-pk-ccmmal)(ccmal-ccmmal-ccmal-ccmal)(pk-ccmmal)
76,ACB37741.1;ACB37742.1;ACB37743.1;ACB37755.1;ACB37740.1,0.4374724045079793,0.4257997527601354,0.4452541723398753,C=CC(C)=CC=CC=CC(C)=CCC(O)C([*])C(-O)C(C)=CC([*])C(-O)C([*])C(-O)C([*])C(-O)C(C)=C,(ccmal-ccmmal-ccmal-ccmal)(ccmmal)(ohmal)(pk-ccmmal)(pk-pk-pk-ccmmal)
77,ACB37740.1;ACB37742.1;ACB37743.1;ACB37755.1;ACB37741.1,0.4374220603805773,0.4456781502847481,0.4319180004444634,C([*])C(-O)C([*])C(-O)C([*])C(-O)C(C)=CC(C)=CCC(O)C([*])C(-O)C(C)=CC=CC(C)=CC=CC=C,(pk-pk-pk-ccmmal)(ccmmal)(ohmal)(pk-ccmmal)(ccmal-ccmmal-ccmal-ccmal)
78,ACB37741.1;ACB37740.1;ACB37743.1;ACB37755.1;ACB37742.1,0.4369528588842512,0.38501927062104074,0.47157525105972486,C=CC(C)=CC=CC=CC([*])C(-O)C([*])C(-O)C([*])C(-O)C(C)=CCC(O)C([*])C(-O)C(C)=CC(C)=C,(ccmal-ccmmal-ccmal-ccmal)(pk-pk-pk-ccmmal)(ohmal)(pk-ccmmal)(ccmmal)
79,ACB37743.1;ACB37740.1;ACB37741.1;ACB37755.1;ACB37742.1,0.4329233910542906,0.3291065742384849,0.5021346022648279,CC(O)C([*])C(-O)C([*])C(-O)C([*])C(-O)C(C)=CC=CC(C)=CC=CC=CC([*])C(-O)C(C)=CC(C)=C,(ohmal)(pk-pk-pk-ccmmal)(ccmal-ccmmal-ccmal-ccmal)(pk-ccmmal)(ccmmal)
80,ACB37755.1;ACB37740.1;ACB37742.1;ACB37743.1;ACB37741.1,0.43257823023086245,0.3913350756395142,0.4600736666250945,C([*])C(-O)C(C)=CC([*])C(-O)C([*])C(-O)C([*])C(-O)C(C)=CC(C)=CCC(O)C=CC(C)=CC=CC=C,(pk-ccmmal)(pk-pk-pk-ccmmal)(ccmmal)(ohmal)(ccmal-ccmmal-ccmal-ccmal)
81,ACB37740.1;ACB37743.1;ACB37755.1;ACB37741.1;ACB37742.1,0.43230391230452725,0.4552332475495817,0.4170176888078243,C([*])C(-O)C([*])C(-O)C([*])C(-O)C(C)=CCC(O)C([*])C(-O)C(C)=CC=CC(C)=CC=CC=CC(C)=C,(pk-pk-pk-ccmmal)(ohmal)(pk-ccmmal)(ccmal-ccmmal-ccmal-ccmal)(ccmmal)
82,ACB37741.1;ACB37740.1;ACB37742.1;ACB37743.1;ACB37755.1,0.4303977732793425,0.4031587767623703,0.4485571042906572,C=CC(C)=CC=CC=CC([*])C(-O)C([*])C(-O)C([*])C(-O)C(C)=CC(C)=CCC(O)C([*])C(-O)C(C)=C,(ccmal-ccmmal-ccmal-ccmal)(pk-pk-pk-ccmmal)(ccmmal)(ohmal)(pk-ccmmal)
83,ACB37741.1;ACB37743.1;ACB37740.1;ACB37755.1;ACB37742.1,0.4296748515345663,0.2889200861397111,0.5235113617978031,C=CC(C)=CC=CC=CCC(O)C([*])C(-O)C([*])C(-O)C([*])C(-O)C(C)=CC([*])C(-O)C(C)=CC(C)=C,(ccmal-ccmmal-ccmal-ccmal)(ohmal)(pk-pk-pk-ccmmal)(pk-ccmmal)(ccmmal)
84,ACB37755.1;ACB37740.1;ACB37743.1;ACB37741.1;ACB37742.1,0.42746008215481246,0.4008901729043479,0.44517335498845556,C([*])C(-O)C(C)=CC([*])C(-O)C([*])C(-O)C([*])C(-O)C(C)=CCC(O)C=CC(C)=CC=CC=CC(C)=C,(pk-ccmmal)(pk-pk-pk-ccmmal)(ohmal)(ccmal-ccmmal-ccmal-ccmal)(ccmmal)
85,ACB37743.1;ACB37742.1;ACB37741.1;ACB37755.1;ACB37740.1,0.4271648499223537,0.3026287277249882,0.5101889313872638,CC(O)C(C)=CC=CC(C)=CC=CC=CC([*])C(-O)C(C)=CC([*])C(-O)C([*])C(-O)C([*])C(-O)C(C)=C,(ohmal)(ccmmal)(ccmal-ccmmal-ccmal-ccmal)(pk-ccmmal)(pk-pk-pk-ccmmal)
86,ACB37741.1;ACB37743.1;ACB37740.1;ACB37742.1;ACB37755.1,0.42695342330026564,0.3252008817807881,0.4947884509799173,C=CC(C)=CC=CC=CCC(O)C([*])C(-O)C([*])C(-O)C([*])C(-O)C(C)=CC(C)=CC([*])C(-O)C(C)=C,(ccmal-ccmmal-ccmal-ccmal)(ohmal)(pk-pk-pk-ccmmal)(ccmmal)(pk-ccmmal)
87,ACB37740.1;ACB37741.1;ACB37743.1;ACB37755.1;ACB37742.1,0.4250673562628658,0.3475443160778734,0.4767493830528608,C([*])C(-O)C([*])C(-O)C([*])C(-O)C(C)=CC=CC(C)=CC=CC=CCC(O)C([*])C(-O)C(C)=CC(C)=C,(pk-pk-pk-ccmmal)(ccmal-ccmmal-ccmal-ccmal)(ohmal)(pk-ccmmal)(ccmmal)
88,ACB37755.1;ACB37741.1;ACB37742.1;ACB37740.1;ACB37743.1,0.4223093406068317,0.4255350680712606,0.42015885563054567,C([*])C(-O)C(C)=CC=CC(C)=CC=CC=CC(C)=CC([*])C(-O)C([*])C(-O)C([*])C(-O)C(C)=CCC(O),(pk-ccmmal)(ccmal-ccmmal-ccmal-ccmal)(ccmmal)(pk-pk-pk-ccmmal)(ohmal)
89,ACB37741.1;ACB37755.1;ACB37743.1;ACB37740.1;ACB37742.1,0.42083934771063286,0.3859553053925866,0.44409537592266374,C=CC(C)=CC=CC=CC([*])C(-O)C(C)=CCC(O)C([*])C(-O)C([*])C(-O)C([*])C(-O)C(C)=CC(C)=C,(ccmal-ccmmal-ccmal-ccmal)(pk-ccmmal)(ohmal)(pk-pk-pk-ccmmal)(ccmmal)
90,ACB37755.1;ACB37742.1;ACB37741.1;ACB37743.1;ACB37740.1,0.41933867444821027,0.25521324865235445,0.5287556249787809,C([*])C(-O)C(C)=CC(C)=CC=CC(C)=CC=CC=CCC(O)C([*])C(-O)C([*])C(-O)C([*])C(-O)C(C)=C,(pk-ccmmal)(ccmmal)(ccmal-ccmmal-ccmal-ccmal)(ohmal)(pk-pk-pk-ccmmal)
91,ACB37743.1;ACB37755.1;ACB37740.1;ACB37742.1;ACB37741.1,0.419234155622768,0.31739082074784664,0.48712971220604895,CC(O)C([*])C(-O)C(C)=CC([*])C(-O)C([*])C(-O)C([*])C(-O)C(C)=CC(C)=CC=CC(C)=CC=CC=C,(ohmal)(pk-ccmmal)(pk-pk-pk-ccmmal)(ccmmal)(ccmal-ccmmal-ccmal-ccmal)
92,ACB37743.1;ACB37742.1;ACB37740.1;ACB37741.1;ACB37755.1,0.41803960848340316,0.3820071292903127,0.4420612612787968,CC(O)C(C)=CC([*])C(-O)C([*])C(-O)C([*])C(-O)C(C)=CC=CC(C)=CC=CC=CC([*])C(-O)C(C)=C,(ohmal)(ccmmal)(pk-pk-pk-ccmmal)(ccmal-ccmmal-ccmal-ccmal)(pk-ccmmal)
93,ACB37755.1;ACB37742.1;ACB37740.1;ACB37741.1;ACB37743.1,0.4150727845651702,0.31784613659955235,0.4798905498755821,C([*])C(-O)C(C)=CC(C)=CC([*])C(-O)C([*])C(-O)C([*])C(-O)C(C)=CC=CC(C)=CC=CC=CCC(O),(pk-ccmmal)(ccmmal)(pk-pk-pk-ccmmal)(ccmal-ccmmal-ccmal-ccmal)(ohmal)
94,ACB37741.1;ACB37743.1;ACB37742.1;ACB37740.1;ACB37755.1,0.41479106896367884,0.341820641191539,0.4634380208117721,C=CC(C)=CC=CC=CCC(O)C(C)=CC([*])C(-O)C([*])C(-O)C([*])C(-O)C(C)=CC([*])C(-O)C(C)=C,(ccmal-ccmmal-ccmal-ccmal)(ohmal)(ccmmal)(pk-pk-pk-ccmmal)(pk-ccmmal)
95,ACB37755.1;ACB37742.1;ACB37740.1;ACB37743.1;ACB37741.1,0.41438626446642335,0.38535465204151176,0.43374067274969785,C([*])C(-O)C(C)=CC(C)=CC([*])C(-O)C([*])C(-O)C([*])C(-O)C(C)=CCC(O)C=CC(C)=CC=CC=C,(pk-ccmmal)(ccmmal)(pk-pk-pk-ccmmal)(ohmal)(ccmal-ccmmal-ccmal-ccmal)
96,ACB37743.1;ACB37755.1;ACB37741.1;ACB37740.1;ACB37742.1,0.414318590631288,0.38780892996622734,0.43199169774132845,CC(O)C([*])C(-O)C(C)=CC=CC(C)=CC=CC=CC([*])C(-O)C([*])C(-O)C([*])C(-O)C(C)=CC(C)=C,(ohmal)(pk-ccmmal)(ccmal-ccmmal-ccmal-ccmal)(pk-pk-pk-ccmmal)(ccmmal)
97,ACB37741.1;ACB37755.1;ACB37742.1;ACB37743.1;ACB37740.1,0.41343965698292506,0.31940047661191545,0.47613244389693143,C=CC(C)=CC=CC=CC([*])C(-O)C(C)=CC(C)=CCC(O)C([*])C(-O)C([*])C(-O)C([*])C(-O)C(C)=C,(ccmal-ccmmal-ccmal-ccmal)(pk-ccmmal)(ccmmal)(ohmal)(pk-pk-pk-ccmmal)
98,ACB37742.1;ACB37741.1;ACB37755.1;ACB37740.1;ACB37743.1,0.4000443084799049,0.3079309709410832,0.4614532001724527,C(C)=CC=CC(C)=CC=CC=CC([*])C(-O)C(C)=CC([*])C(-O)C([*])C(-O)C([*])C(-O)C(C)=CCC(O),(ccmmal)(ccmal-ccmmal-ccmal-ccmal)(pk-ccmmal)(pk-pk-pk-ccmmal)(ohmal)
99,ACB37742.1;ACB37740.1;ACB37755.1;ACB37741.1;ACB37743.1,0.3988096659754052,0.37311365096351806,0.4159403426499966,C(C)=CC([*])C(-O)C([*])C(-O)C([*])C(-O)C(C)=CC([*])C(-O)C(C)=CC=CC(C)=CC=CC=CCC(O),(ccmmal)(pk-pk-pk-ccmmal)(pk-ccmmal)(ccmal-ccmmal-ccmal-ccmal)(ohmal)
100,ACB37743.1;ACB37755.1;ACB37741.1;ACB37742.1;ACB37740.1,0.39664617049057704,0.4226089885073195,0.3793376251460821,CC(O)C([*])C(-O)C(C)=CC=CC(C)=CC=CC=CC(C)=CC([*])C(-O)C([*])C(-O)C([*])C(-O)C(C)=C,(ohmal)(pk-ccmmal)(ccmal-ccmmal-ccmal-ccmal)(ccmmal)(pk-pk-pk-ccmmal)
101,ACB37741.1;ACB37755.1;ACB37740.1;ACB37743.1;ACB37742.1,0.3960846046791559,0.31880133576838915,0.44760678395300035,C=CC(C)=CC=CC=CC([*])C(-O)C(C)=CC([*])C(-O)C([*])C(-O)C([*])C(-O)C(C)=CCC(O)C(C)=C,(ccmal-ccmmal-ccmal-ccmal)(pk-ccmmal)(pk-pk-pk-ccmmal)(ohmal)(ccmmal)
102,ACB37740.1;ACB37743.1;ACB37741.1;ACB37755.1;ACB37742.1,0.3935342065140164,0.31960264515964953,0.44282191408359434,C([*])C(-O)C([*])C(-O)C([*])C(-O)C(C)=CCC(O)C=CC(C)=CC=CC=CC([*])C(-O)C(C)=CC(C)=C,(pk-pk-pk-ccmmal)(ohmal)(ccmal-ccmmal-ccmal-ccmal)(pk-ccmmal)(ccmmal)
103,ACB37755.1;ACB37740.1;ACB37742.1;ACB37741.1;ACB37743.1,0.39042461929698247,0.21526662782353032,0.5071966136126171,C([*])C(-O)C(C)=CC([*])C(-O)C([*])C(-O)C([*])C(-O)C(C)=CC(C)=CC=CC(C)=CC=CC=CCC(O),(pk-ccmmal)(pk-pk-pk-ccmmal)(ccmmal)(ccmal-ccmmal-ccmal-ccmal)(ohmal)
104,ACB37742.1;ACB37743.1;ACB37741.1;ACB37755.1;ACB37740.1,0.3877252129717448,0.37894914626880966,0.3935759241070348,C(C)=CCC(O)C=CC(C)=CC=CC=CC([*])C(-O)C(C)=CC([*])C(-O)C([*])C(-O)C([*])C(-O)C(C)=C,(ccmmal)(ohmal)(ccmal-ccmmal-ccmal-ccmal)(pk-ccmmal)(pk-pk-pk-ccmmal)
105,ACB37740.1;ACB37742.1;ACB37743.1;ACB37741.1;ACB37755.1,0.3869791209091077,0.3377421513009791,0.4198037673145267,C([*])C(-O)C([*])C(-O)C([*])C(-O)C(C)=CC(C)=CCC(O)C=CC(C)=CC=CC=CC([*])C(-O)C(C)=C,(pk-pk-pk-ccmmal)(ccmmal)(ohmal)(ccmal-ccmmal-ccmal-ccmal)(pk-ccmmal)
106,ACB37742.1;ACB37740.1;ACB37743.1;ACB37755.1;ACB37741.1,0.38620277997163704,0.45770361444387864,0.33853555699014265,C(C)=CC([*])C(-O)C([*])C(-O)C([*])C(-O)C(C)=CCC(O)C([*])C(-O)C(C)=CC=CC(C)=CC=CC=C,(ccmmal)(pk-pk-pk-ccmmal)(ohmal)(pk-ccmmal)(ccmal-ccmmal-ccmal-ccmal)
107,ACB37741.1;ACB37742.1;ACB37740.1;ACB37743.1;ACB37755.1,0.3855070320364021,0.39661822195143537,0.37809957209304645,C=CC(C)=CC=CC=CC(C)=CC([*])C(-O)C([*])C(-O)C([*])C(-O)C(C)=CCC(O)C([*])C(-O)C(C)=C,(ccmal-ccmmal-ccmal-ccmal)(ccmmal)(pk-pk-pk-ccmmal)(ohmal)(pk-ccmmal)
108,ACB37741.1;ACB37755.1;ACB37740.1;ACB37742.1;ACB37743.1,0.3845256018316972,0.27945385578309134,0.45457343253076776,C=CC(C)=CC=CC=CC([*])C(-O)C(C)=CC([*])C(-O)C([*])C(-O)C([*])C(-O)C(C)=CC(C)=CCC(O),(ccmal-ccmmal-ccmal-ccmal)(pk-ccmmal)(pk-pk-pk-ccmmal)(ccmmal)(ohmal)
109,ACB37755.1;ACB37741.1;ACB37743.1;ACB37742.1;ACB37740.1,0.38451378508830014,0.35027717830346733,0.407338189611522,C([*])C(-O)C(C)=CC=CC(C)=CC=CC=CCC(O)C(C)=CC([*])C(-O)C([*])C(-O)C([*])C(-O)C(C)=C,(pk-ccmmal)(ccmal-ccmmal-ccmal-ccmal)(ohmal)(ccmmal)(pk-pk-pk-ccmmal)
110,ACB37743.1;ACB37740.1;ACB37742.1;ACB37741.1;ACB37755.1,0.383528174416755,0.2386861480057899,0.4800895253573984,CC(O)C([*])C(-O)C([*])C(-O)C([*])C(-O)C(C)=CC(C)=CC=CC(C)=CC=CC=CC([*])C(-O)C(C)=C,(ohmal)(pk-pk-pk-ccmmal)(ccmmal)(ccmal-ccmmal-ccmal-ccmal)(pk-ccmmal)
111,ACB37742.1;ACB37741.1;ACB37743.1;ACB37755.1;ACB37740.1,0.3764182316879673,0.298330884813009,0.4284764629379395,C(C)=CC=CC(C)=CC=CC=CCC(O)C([*])C(-O)C(C)=CC([*])C(-O)C([*])C(-O)C([*])C(-O)C(C)=C,(ccmmal)(ccmal-ccmmal-ccmal-ccmal)(ohmal)(pk-ccmmal)(pk-pk-pk-ccmmal)
112,ACB37740.1;ACB37742.1;ACB37741.1;ACB37743.1;ACB37755.1,0.37567213962533025,0.2571238898451785,0.4547043061454314,C([*])C(-O)C([*])C(-O)C([*])C(-O)C(C)=CC(C)=CC=CC(C)=CC=CC=CCC(O)C([*])C(-O)C(C)=C,(pk-pk-pk-ccmmal)(ccmmal)(ccmal-ccmmal-ccmal-ccmal)(ohmal)(pk-ccmmal)
113,ACB37742.1;ACB37740.1;ACB37741.1;ACB37743.1;ACB37755.1,0.36729299024901685,0.37770928637833356,0.36034879282947235,C(C)=CC([*])C(-O)C([*])C(-O)C([*])C(-O)C(C)=CC=CC(C)=CC=CC=CCC(O)C([*])C(-O)C(C)=C,(ccmmal)(pk-pk-pk-ccmmal)(ccmal-ccmmal-ccmal-ccmal)(ohmal)(pk-ccmmal)
114,ACB37741.1;ACB37755.1;ACB37742.1;ACB37740.1;ACB37743.1,0.3663336360672581,0.2734734321850888,0.428240438655371,C=CC(C)=CC=CC=CC([*])C(-O)C(C)=CC(C)=CC([*])C(-O)C([*])C(-O)C([*])C(-O)C(C)=CCC(O),(ccmal-ccmmal-ccmal-ccmal)(pk-ccmmal)(ccmmal)(pk-pk-pk-ccmmal)(ohmal)
115,ACB37755.1;ACB37741.1;ACB37743.1;ACB37740.1;ACB37742.1,0.36562416095204936,0.274175516040942,0.4265899242261209,C([*])C(-O)C(C)=CC=CC(C)=CC=CC=CCC(O)C([*])C(-O)C([*])C(-O)C([*])C(-O)C(C)=CC(C)=C,(pk-ccmmal)(ccmal-ccmmal-ccmal-ccmal)(ohmal)(pk-pk-pk-ccmmal)(ccmmal)
116,ACB37743.1;ACB37741.1;ACB37755.1;ACB37742.1;ACB37740.1,0.3578764647000662,0.28697838611738724,0.40514185042185213,CC(O)C=CC(C)=CC=CC=CC([*])C(-O)C(C)=CC(C)=CC([*])C(-O)C([*])C(-O)C([*])C(-O)C(C)=C,(ohmal)(ccmal-ccmmal-ccmal-ccmal)(pk-ccmmal)(ccmmal)(pk-pk-pk-ccmmal)
117,ACB37743.1;ACB37741.1;ACB37755.1;ACB37740.1;ACB37742.1,0.34885010936227573,0.2516181963633627,0.41367138469488446,CC(O)C=CC(C)=CC=CC=CC([*])C(-O)C(C)=CC([*])C(-O)C([*])C(-O)C([*])C(-O)C(C)=CC(C)=C,(ohmal)(ccmal-ccmmal-ccmal-ccmal)(pk-ccmmal)(pk-pk-pk-ccmmal)(ccmmal)
118,ACB37741.1;ACB37743.1;ACB37755.1;ACB37742.1;ACB37740.1,0.3427075592753205,0.2638733460570146,0.39526370142085776,C=CC(C)=CC=CC=CCC(O)C([*])C(-O)C(C)=CC(C)=CC([*])C(-O)C([*])C(-O)C([*])C(-O)C(C)=C,(ccmal-ccmmal-ccmal-ccmal)(ohmal)(pk-ccmmal)(ccmmal)(pk-pk-pk-ccmmal)
119,ACB37742.1;ACB37740.1;ACB37743.1;ACB37741.1;ACB37755.1,0.3357598405001674,0.34976761546010965,0.3264213238602059,C(C)=CC([*])C(-O)C([*])C(-O)C([*])C(-O)C(C)=CCC(O)C=CC(C)=CC=CC=CC([*])C(-O)C(C)=C,(ccmmal)(pk-pk-pk-ccmmal)(ohmal)(ccmal-ccmmal-ccmal-ccmal)(pk-ccmmal)
120,ACB37741.1;ACB37743.1;ACB37755.1;ACB37740.1;ACB37742.1,0.3336812039375301,0.22851315630299007,0.4037932356938901,C=CC(C)=CC=CC=CCC(O)C([*])C(-O)C(C)=CC([*])C(-O)C([*])C(-O)C([*])C(-O)C(C)=CC(C)=C,(ccmal-ccmmal-ccmal-ccmal)(ohmal)(pk-ccmmal)(pk-pk-pk-ccmmal)(ccmmal)
