PathwayID,Pathway,Score,Score2,Score3,ProductSMILES,Polymer
1,nemA1-1;nemA1-2;nemA2;nemA3;nemA4,0.6591334267165455,0.7761698352965958,0.5811091543298454,C(CC)C(=O)C(C)=CC(C)C(O)CCCC(=O)CC(O)CC(O)C(C)=CC(C)=CC=CC(C)CC=CC(C)C(O)CC(O),(emal-ccmmal)(ohmmal-redmal)(mal-ohmal-ohmal-ccmmal)(ccmmal-ccmal-redmmal)(ccmal-ohmmal-ohmal)
2,nemA1-2;nemA2;nemA3;nemA4;nemA1-1,0.5924395669191622,0.7187547462749102,0.5082294473486636,C(C)C(O)CCCC(=O)CC(O)CC(O)C(C)=CC(C)=CC=CC(C)CC=CC(C)C(O)CC(O)C(CC)C(=O)C(C)=C,(ohmmal-redmal)(mal-ohmal-ohmal-ccmmal)(ccmmal-ccmal-redmmal)(ccmal-ohmmal-ohmal)(emal-ccmmal)
3,nemA4;nemA1-1;nemA1-2;nemA2;nemA3,0.5848603910509804,0.6672166830217836,0.5299561964037783,C=CC(C)C(O)CC(O)C(CC)C(=O)C(C)=CC(C)C(O)CCCC(=O)CC(O)CC(O)C(C)=CC(C)=CC=CC(C)C,(ccmal-ohmmal-ohmal)(emal-ccmmal)(ohmmal-redmal)(mal-ohmal-ohmal-ccmmal)(ccmmal-ccmal-redmmal)
4,nemA1-2;nemA2;nemA3;nemA1-1;nemA4,0.5781880665682975,0.6382499489012965,0.5381468116796313,C(C)C(O)CCCC(=O)CC(O)CC(O)C(C)=CC(C)=CC=CC(C)CC(CC)C(=O)C(C)=CC=CC(C)C(O)CC(O),(ohmmal-redmal)(mal-ohmal-ohmal-ccmmal)(ccmmal-ccmal-redmmal)(emal-ccmmal)(ccmal-ohmmal-ohmal)
5,nemA3;nemA4;nemA1-1;nemA1-2;nemA2,0.567378842642267,0.6536070255425201,0.5098933873754313,C(C)=CC=CC(C)CC=CC(C)C(O)CC(O)C(CC)C(=O)C(C)=CC(C)C(O)CCCC(=O)CC(O)CC(O)C(C)=C,(ccmmal-ccmal-redmmal)(ccmal-ohmmal-ohmal)(emal-ccmmal)(ohmmal-redmal)(mal-ohmal-ohmal-ccmmal)
6,nemA1-1;nemA2;nemA3;nemA1-2;nemA4,0.5584553749910323,0.6166541846372462,0.519656168560223,C(CC)C(=O)C(C)=CCC(=O)CC(O)CC(O)C(C)=CC(C)=CC=CC(C)CC(C)C(O)CCC=CC(C)C(O)CC(O),(emal-ccmmal)(mal-ohmal-ohmal-ccmmal)(ccmmal-ccmal-redmmal)(ohmmal-redmal)(ccmal-ohmmal-ohmal)
7,nemA2;nemA3;nemA4;nemA1-1;nemA1-2,0.5549414159243722,0.6074399744654382,0.5199423768969949,CC(=O)CC(O)CC(O)C(C)=CC(C)=CC=CC(C)CC=CC(C)C(O)CC(O)C(CC)C(=O)C(C)=CC(C)C(O)CC,(mal-ohmal-ohmal-ccmmal)(ccmmal-ccmal-redmmal)(ccmal-ohmmal-ohmal)(emal-ccmmal)(ohmmal-redmal)
8,nemA1-2;nemA1-1;nemA2;nemA3;nemA4,0.5448124320342282,0.5708731173227807,0.5274386418418601,C(C)C(O)CCC(CC)C(=O)C(C)=CCC(=O)CC(O)CC(O)C(C)=CC(C)=CC=CC(C)CC=CC(C)C(O)CC(O),(ohmmal-redmal)(emal-ccmmal)(mal-ohmal-ohmal-ccmmal)(ccmmal-ccmal-redmmal)(ccmal-ohmmal-ohmal)
9,nemA2;nemA3;nemA1-1;nemA1-2;nemA4,0.5367208961523613,0.4789635343350239,0.5752258040305862,CC(=O)CC(O)CC(O)C(C)=CC(C)=CC=CC(C)CC(CC)C(=O)C(C)=CC(C)C(O)CCC=CC(C)C(O)CC(O),(mal-ohmal-ohmal-ccmmal)(ccmmal-ccmal-redmmal)(emal-ccmmal)(ohmmal-redmal)(ccmal-ohmmal-ohmal)
10,nemA4;nemA1-1;nemA2;nemA3;nemA1-2,0.5246161127731341,0.6108066559687052,0.4671557506427535,C=CC(C)C(O)CC(O)C(CC)C(=O)C(C)=CCC(=O)CC(O)CC(O)C(C)=CC(C)=CC=CC(C)CC(C)C(O)CC,(ccmal-ohmmal-ohmal)(emal-ccmmal)(mal-ohmal-ohmal-ccmmal)(ccmmal-ccmal-redmmal)(ohmmal-redmal)
11,nemA3;nemA1-2;nemA2;nemA1-1;nemA4,0.5238753577732156,0.6116729713911877,0.46534361536123414,C(C)=CC=CC(C)CC(C)C(O)CCCC(=O)CC(O)CC(O)C(C)=CC(CC)C(=O)C(C)=CC=CC(C)C(O)CC(O),(ccmmal-ccmal-redmmal)(ohmmal-redmal)(mal-ohmal-ohmal-ccmmal)(emal-ccmmal)(ccmal-ohmmal-ohmal)
12,nemA1-1;nemA4;nemA1-2;nemA2;nemA3,0.5217513718091611,0.6135723921049887,0.4605373582786093,C(CC)C(=O)C(C)=CC=CC(C)C(O)CC(O)C(C)C(O)CCCC(=O)CC(O)CC(O)C(C)=CC(C)=CC=CC(C)C,(emal-ccmmal)(ccmal-ohmmal-ohmal)(ohmmal-redmal)(mal-ohmal-ohmal-ccmmal)(ccmmal-ccmal-redmmal)
13,nemA2;nemA3;nemA1-2;nemA1-1;nemA4,0.5103888396751078,0.5278501531961463,0.4987479639944156,CC(=O)CC(O)CC(O)C(C)=CC(C)=CC=CC(C)CC(C)C(O)CCC(CC)C(=O)C(C)=CC=CC(C)C(O)CC(O),(mal-ohmal-ohmal-ccmmal)(ccmmal-ccmal-redmmal)(ohmmal-redmal)(emal-ccmmal)(ccmal-ohmmal-ohmal)
14,nemA1-1;nemA2;nemA3;nemA4;nemA1-2,0.5083243303656636,0.5787884651617659,0.4613482405015954,C(CC)C(=O)C(C)=CCC(=O)CC(O)CC(O)C(C)=CC(C)=CC=CC(C)CC=CC(C)C(O)CC(O)C(C)C(O)CC,(emal-ccmmal)(mal-ohmal-ohmal-ccmmal)(ccmmal-ccmal-redmmal)(ccmal-ohmmal-ohmal)(ohmmal-redmal)
15,nemA1-1;nemA4;nemA3;nemA1-2;nemA2,0.5063787951581786,0.5714838877708677,0.46297540008305255,C(CC)C(=O)C(C)=CC=CC(C)C(O)CC(O)C(C)=CC=CC(C)CC(C)C(O)CCCC(=O)CC(O)CC(O)C(C)=C,(emal-ccmmal)(ccmal-ohmmal-ohmal)(ccmmal-ccmal-redmmal)(ohmmal-redmal)(mal-ohmal-ohmal-ccmmal)
16,nemA4;nemA1-2;nemA2;nemA3;nemA1-1,0.506156343845773,0.5343824041555039,0.48733897030595263,C=CC(C)C(O)CC(O)C(C)C(O)CCCC(=O)CC(O)CC(O)C(C)=CC(C)=CC=CC(C)CC(CC)C(=O)C(C)=C,(ccmal-ohmmal-ohmal)(ohmmal-redmal)(mal-ohmal-ohmal-ccmmal)(ccmmal-ccmal-redmmal)(emal-ccmmal)
17,nemA3;nemA1-1;nemA1-2;nemA2;nemA4,0.5056547046146984,0.5402216817519513,0.48261005318986316,C(C)=CC=CC(C)CC(CC)C(=O)C(C)=CC(C)C(O)CCCC(=O)CC(O)CC(O)C(C)=CC=CC(C)C(O)CC(O),(ccmmal-ccmal-redmmal)(emal-ccmmal)(ohmmal-redmal)(mal-ohmal-ohmal-ccmmal)(ccmal-ohmmal-ohmal)
18,nemA2;nemA3;nemA1-2;nemA4;nemA1-1,0.5041551596688774,0.537842231598782,0.4816971117156077,CC(=O)CC(O)CC(O)C(C)=CC(C)=CC=CC(C)CC(C)C(O)CCC=CC(C)C(O)CC(O)C(CC)C(=O)C(C)=C,(mal-ohmal-ohmal-ccmmal)(ccmmal-ccmal-redmmal)(ohmmal-redmal)(ccmal-ohmmal-ohmal)(emal-ccmmal)
19,nemA1-2;nemA4;nemA1-1;nemA2;nemA3,0.5021139980014768,0.525731214875946,0.4863691867518308,C(C)C(O)CCC=CC(C)C(O)CC(O)C(CC)C(=O)C(C)=CCC(=O)CC(O)CC(O)C(C)=CC(C)=CC=CC(C)C,(ohmmal-redmal)(ccmal-ohmmal-ohmal)(emal-ccmmal)(mal-ohmal-ohmal-ccmmal)(ccmmal-ccmal-redmmal)
20,nemA1-1;nemA1-2;nemA4;nemA2;nemA3,0.5019216388665848,0.44125097810470687,0.5423687460411702,C(CC)C(=O)C(C)=CC(C)C(O)CCC=CC(C)C(O)CC(O)CC(=O)CC(O)CC(O)C(C)=CC(C)=CC=CC(C)C,(emal-ccmmal)(ohmmal-redmal)(ccmal-ohmmal-ohmal)(mal-ohmal-ohmal-ccmmal)(ccmmal-ccmal-redmmal)
21,nemA4;nemA3;nemA1-1;nemA1-2;nemA2,0.5011362500026184,0.45878601908176786,0.5293697372831854,C=CC(C)C(O)CC(O)C(C)=CC=CC(C)CC(CC)C(=O)C(C)=CC(C)C(O)CCCC(=O)CC(O)CC(O)C(C)=C,(ccmal-ohmmal-ohmal)(ccmmal-ccmal-redmmal)(emal-ccmmal)(ohmmal-redmal)(mal-ohmal-ohmal-ccmmal)
22,nemA1-1;nemA4;nemA2;nemA3;nemA1-2,0.495538175479903,0.5227305016011222,0.4774099580657569,C(CC)C(=O)C(C)=CC=CC(C)C(O)CC(O)CC(=O)CC(O)CC(O)C(C)=CC(C)=CC=CC(C)CC(C)C(O)CC,(emal-ccmmal)(ccmal-ohmmal-ohmal)(mal-ohmal-ohmal-ccmmal)(ccmmal-ccmal-redmmal)(ohmmal-redmal)
23,nemA3;nemA2;nemA1-1;nemA1-2;nemA4,0.49403797513959413,0.44609204351105625,0.5260019295586196,C(C)=CC=CC(C)CCC(=O)CC(O)CC(O)C(C)=CC(CC)C(=O)C(C)=CC(C)C(O)CCC=CC(C)C(O)CC(O),(ccmmal-ccmal-redmmal)(mal-ohmal-ohmal-ccmmal)(emal-ccmmal)(ohmmal-redmal)(ccmal-ohmmal-ohmal)
24,nemA4;nemA2;nemA3;nemA1-1;nemA1-2,0.49029563032434287,0.4100326329120225,0.5438042952658897,C=CC(C)C(O)CC(O)CC(=O)CC(O)CC(O)C(C)=CC(C)=CC=CC(C)CC(CC)C(=O)C(C)=CC(C)C(O)CC,(ccmal-ohmmal-ohmal)(mal-ohmal-ohmal-ccmmal)(ccmmal-ccmal-redmmal)(emal-ccmmal)(ohmmal-redmal)
25,nemA1-1;nemA1-2;nemA4;nemA3;nemA2,0.4765414125245572,0.4059029598907361,0.5236337142804379,C(CC)C(=O)C(C)=CC(C)C(O)CCC=CC(C)C(O)CC(O)C(C)=CC=CC(C)CCC(=O)CC(O)CC(O)C(C)=C,(emal-ccmmal)(ohmmal-redmal)(ccmal-ohmmal-ohmal)(ccmmal-ccmal-redmmal)(mal-ohmal-ohmal-ccmmal)
26,nemA3;nemA1-2;nemA2;nemA4;nemA1-1,0.47308896813121454,0.5991003790157093,0.3890813608748846,C(C)=CC=CC(C)CC(C)C(O)CCCC(=O)CC(O)CC(O)C(C)=CC=CC(C)C(O)CC(O)C(CC)C(=O)C(C)=C,(ccmmal-ccmal-redmmal)(ohmmal-redmal)(mal-ohmal-ohmal-ccmmal)(ccmal-ohmmal-ohmal)(emal-ccmmal)
27,nemA4;nemA3;nemA1-2;nemA2;nemA1-1,0.47188426548443196,0.4973567623040491,0.4549026009380205,C=CC(C)C(O)CC(O)C(C)=CC=CC(C)CC(C)C(O)CCCC(=O)CC(O)CC(O)C(C)=CC(CC)C(=O)C(C)=C,(ccmal-ohmmal-ohmal)(ccmmal-ccmal-redmmal)(ohmmal-redmal)(mal-ohmal-ohmal-ccmmal)(emal-ccmmal)
28,nemA3;nemA4;nemA1-2;nemA2;nemA1-1,0.4697752937267009,0.5258356091589068,0.4324017501052303,C(C)=CC=CC(C)CC=CC(C)C(O)CC(O)C(C)C(O)CCCC(=O)CC(O)CC(O)C(C)=CC(CC)C(=O)C(C)=C,(ccmmal-ccmal-redmmal)(ccmal-ohmmal-ohmal)(ohmmal-redmal)(mal-ohmal-ohmal-ccmmal)(emal-ccmmal)
29,nemA1-1;nemA1-2;nemA2;nemA4;nemA3,0.4692586402893028,0.5050954606142977,0.4453674267393063,C(CC)C(=O)C(C)=CC(C)C(O)CCCC(=O)CC(O)CC(O)C(C)=CC=CC(C)C(O)CC(O)C(C)=CC=CC(C)C,(emal-ccmmal)(ohmmal-redmal)(mal-ohmal-ohmal-ccmmal)(ccmal-ohmmal-ohmal)(ccmmal-ccmal-redmmal)
30,nemA3;nemA1-2;nemA4;nemA1-1;nemA2,0.46670079091675365,0.4940913748831708,0.44844040160580895,C(C)=CC=CC(C)CC(C)C(O)CCC=CC(C)C(O)CC(O)C(CC)C(=O)C(C)=CCC(=O)CC(O)CC(O)C(C)=C,(ccmmal-ccmal-redmmal)(ohmmal-redmal)(ccmal-ohmmal-ohmal)(emal-ccmmal)(mal-ohmal-ohmal-ccmmal)
31,nemA4;nemA2;nemA3;nemA1-2;nemA1-1,0.4599945544259434,0.4109476090163443,0.4926925180323428,C=CC(C)C(O)CC(O)CC(=O)CC(O)CC(O)C(C)=CC(C)=CC=CC(C)CC(C)C(O)CCC(CC)C(=O)C(C)=C,(ccmal-ohmmal-ohmal)(mal-ohmal-ohmal-ccmmal)(ccmmal-ccmal-redmmal)(ohmmal-redmal)(emal-ccmmal)
32,nemA1-2;nemA4;nemA2;nemA3;nemA1-1,0.45744103274485776,0.3584650725588781,0.5234250062021775,C(C)C(O)CCC=CC(C)C(O)CC(O)CC(=O)CC(O)CC(O)C(C)=CC(C)=CC=CC(C)CC(CC)C(=O)C(C)=C,(ohmmal-redmal)(ccmal-ohmmal-ohmal)(mal-ohmal-ohmal-ccmmal)(ccmmal-ccmal-redmmal)(emal-ccmmal)
33,nemA2;nemA3;nemA4;nemA1-2;nemA1-1,0.45628877562859316,0.44201279096386537,0.4658060987384117,CC(=O)CC(O)CC(O)C(C)=CC(C)=CC=CC(C)CC=CC(C)C(O)CC(O)C(C)C(O)CCC(CC)C(=O)C(C)=C,(mal-ohmal-ohmal-ccmmal)(ccmmal-ccmal-redmmal)(ccmal-ohmmal-ohmal)(ohmmal-redmal)(emal-ccmmal)
34,nemA3;nemA4;nemA2;nemA1-1;nemA1-2,0.45391458020527065,0.4014858379154256,0.4888670750651674,C(C)=CC=CC(C)CC=CC(C)C(O)CC(O)CC(=O)CC(O)CC(O)C(C)=CC(CC)C(=O)C(C)=CC(C)C(O)CC,(ccmmal-ccmal-redmmal)(ccmal-ohmmal-ohmal)(mal-ohmal-ohmal-ccmmal)(emal-ccmmal)(ohmmal-redmal)
35,nemA3;nemA4;nemA1-1;nemA2;nemA1-2,0.45348185216414105,0.5535952058038665,0.38673961640432414,C(C)=CC=CC(C)CC=CC(C)C(O)CC(O)C(CC)C(=O)C(C)=CCC(=O)CC(O)CC(O)C(C)=CC(C)C(O)CC,(ccmmal-ccmal-redmmal)(ccmal-ohmmal-ohmal)(emal-ccmmal)(mal-ohmal-ohmal-ccmmal)(ohmmal-redmal)
36,nemA1-2;nemA2;nemA1-1;nemA4;nemA3,0.45335117013392057,0.46025296396809057,0.44874997424447405,C(C)C(O)CCCC(=O)CC(O)CC(O)C(C)=CC(CC)C(=O)C(C)=CC=CC(C)C(O)CC(O)C(C)=CC=CC(C)C,(ohmmal-redmal)(mal-ohmal-ohmal-ccmmal)(emal-ccmmal)(ccmal-ohmmal-ohmal)(ccmmal-ccmal-redmmal)
37,nemA3;nemA1-1;nemA4;nemA1-2;nemA2,0.4522100414105386,0.46563876582677,0.4432575584663843,C(C)=CC=CC(C)CC(CC)C(=O)C(C)=CC=CC(C)C(O)CC(O)C(C)C(O)CCCC(=O)CC(O)CC(O)C(C)=C,(ccmmal-ccmal-redmmal)(emal-ccmmal)(ccmal-ohmmal-ohmal)(ohmmal-redmal)(mal-ohmal-ohmal-ccmmal)
38,nemA1-2;nemA2;nemA1-1;nemA3;nemA4,0.45122351932801563,0.5250421106621938,0.4020111251052303,C(C)C(O)CCCC(=O)CC(O)CC(O)C(C)=CC(CC)C(=O)C(C)=CC(C)=CC=CC(C)CC=CC(C)C(O)CC(O),(ohmmal-redmal)(mal-ohmal-ohmal-ccmmal)(emal-ccmmal)(ccmmal-ccmal-redmmal)(ccmal-ohmmal-ohmal)
39,nemA3;nemA2;nemA4;nemA1-1;nemA1-2,0.44722060491873905,0.48149109389237843,0.4243736122696462,C(C)=CC=CC(C)CCC(=O)CC(O)CC(O)C(C)=CC=CC(C)C(O)CC(O)C(CC)C(=O)C(C)=CC(C)C(O)CC,(ccmmal-ccmal-redmmal)(mal-ohmal-ohmal-ccmmal)(ccmal-ohmmal-ohmal)(emal-ccmmal)(ohmmal-redmal)
40,nemA4;nemA3;nemA2;nemA1-1;nemA1-2,0.44601590227195653,0.37974747718071816,0.4901948523327821,C=CC(C)C(O)CC(O)C(C)=CC=CC(C)CCC(=O)CC(O)CC(O)C(C)=CC(CC)C(=O)C(C)=CC(C)C(O)CC,(ccmal-ohmmal-ohmal)(ccmmal-ccmal-redmmal)(mal-ohmal-ohmal-ccmmal)(emal-ccmmal)(ohmmal-redmal)
41,nemA1-2;nemA1-1;nemA4;nemA2;nemA3,0.44146145907543205,0.37384381068038564,0.4865398913387964,C(C)C(O)CCC(CC)C(=O)C(C)=CC=CC(C)C(O)CC(O)CC(=O)CC(O)CC(O)C(C)=CC(C)=CC=CC(C)C,(ohmmal-redmal)(emal-ccmmal)(ccmal-ohmmal-ohmal)(mal-ohmal-ohmal-ccmmal)(ccmmal-ccmal-redmmal)
42,nemA2;nemA3;nemA1-1;nemA4;nemA1-2,0.43977261469264384,0.419471714749688,0.4533065479879477,CC(=O)CC(O)CC(O)C(C)=CC(C)=CC=CC(C)CC(CC)C(=O)C(C)=CC=CC(C)C(O)CC(O)C(C)C(O)CC,(mal-ohmal-ohmal-ccmmal)(ccmmal-ccmal-redmmal)(emal-ccmmal)(ccmal-ohmmal-ohmal)(ohmmal-redmal)
43,nemA4;nemA1-2;nemA1-1;nemA2;nemA3,0.43631595528518297,0.4118715917275175,0.45261219765696,C=CC(C)C(O)CC(O)C(C)C(O)CCC(CC)C(=O)C(C)=CCC(=O)CC(O)CC(O)C(C)=CC(C)=CC=CC(C)C,(ccmal-ohmmal-ohmal)(ohmmal-redmal)(emal-ccmmal)(mal-ohmal-ohmal-ccmmal)(ccmmal-ccmal-redmmal)
44,nemA3;nemA1-1;nemA2;nemA1-2;nemA4,0.4352613323921303,0.4251187656734522,0.4420230435379156,C(C)=CC=CC(C)CC(CC)C(=O)C(C)=CCC(=O)CC(O)CC(O)C(C)=CC(C)C(O)CCC=CC(C)C(O)CC(O),(ccmmal-ccmal-redmmal)(emal-ccmmal)(mal-ohmal-ohmal-ccmmal)(ohmmal-redmal)(ccmal-ohmmal-ohmal)
45,nemA3;nemA2;nemA1-2;nemA1-1;nemA4,0.43295270817241976,0.44631400720393677,0.42404517548474185,C(C)=CC=CC(C)CCC(=O)CC(O)CC(O)C(C)=CC(C)C(O)CCC(CC)C(=O)C(C)=CC=CC(C)C(O)CC(O),(ccmmal-ccmal-redmmal)(mal-ohmal-ohmal-ccmmal)(ohmmal-redmal)(emal-ccmmal)(ccmal-ohmmal-ohmal)
46,nemA3;nemA1-1;nemA1-2;nemA4;nemA2,0.4323803084679623,0.2933173518264881,0.5250889462289452,C(C)=CC=CC(C)CC(CC)C(=O)C(C)=CC(C)C(O)CCC=CC(C)C(O)CC(O)CC(=O)CC(O)CC(O)C(C)=C,(ccmmal-ccmal-redmmal)(emal-ccmmal)(ohmmal-redmal)(ccmal-ohmmal-ohmal)(mal-ohmal-ohmal-ccmmal)
47,nemA4;nemA1-1;nemA3;nemA1-2;nemA2,0.4299781086867085,0.5273198821901586,0.36508359301774174,C=CC(C)C(O)CC(O)C(CC)C(=O)C(C)=CC(C)=CC=CC(C)CC(C)C(O)CCCC(=O)CC(O)CC(O)C(C)=C,(ccmal-ohmmal-ohmal)(emal-ccmmal)(ccmmal-ccmal-redmmal)(ohmmal-redmal)(mal-ohmal-ohmal-ccmmal)
48,nemA3;nemA2;nemA1-2;nemA4;nemA1-1,0.42671902816618934,0.4563060856065725,0.40699432320593393,C(C)=CC=CC(C)CCC(=O)CC(O)CC(O)C(C)=CC(C)C(O)CCC=CC(C)C(O)CC(O)C(CC)C(=O)C(C)=C,(ccmmal-ccmal-redmmal)(mal-ohmal-ohmal-ccmmal)(ohmmal-redmal)(ccmal-ohmmal-ohmal)(emal-ccmmal)
49,nemA3;nemA1-2;nemA1-1;nemA2;nemA4,0.4254618332462805,0.4512187500635798,0.408290555368081,C(C)=CC=CC(C)CC(C)C(O)CCC(CC)C(=O)C(C)=CCC(=O)CC(O)CC(O)C(C)=CC=CC(C)C(O)CC(O),(ccmmal-ccmal-redmmal)(ohmmal-redmal)(emal-ccmmal)(mal-ohmal-ohmal-ccmmal)(ccmal-ohmmal-ohmal)
50,nemA1-2;nemA2;nemA4;nemA3;nemA1-1,0.4247780341675757,0.4223095550684689,0.4264236869003135,C(C)C(O)CCCC(=O)CC(O)CC(O)C(C)=CC=CC(C)C(O)CC(O)C(C)=CC=CC(C)CC(CC)C(=O)C(C)=C,(ohmmal-redmal)(mal-ohmal-ohmal-ccmmal)(ccmal-ohmmal-ohmal)(ccmmal-ccmal-redmmal)(emal-ccmmal)
51,nemA4;nemA3;nemA1-2;nemA1-1;nemA2,0.4209433786342005,0.3697830873933964,0.45505023946140327,C=CC(C)C(O)CC(O)C(C)=CC=CC(C)CC(C)C(O)CCC(CC)C(=O)C(C)=CCC(=O)CC(O)CC(O)C(C)=C,(ccmal-ohmmal-ohmal)(ccmmal-ccmal-redmmal)(ohmmal-redmal)(emal-ccmmal)(mal-ohmal-ohmal-ccmmal)
52,nemA1-1;nemA3;nemA1-2;nemA2;nemA4,0.420313752649049,0.5482585071985451,0.3350172496160516,C(CC)C(=O)C(C)=CC(C)=CC=CC(C)CC(C)C(O)CCCC(=O)CC(O)CC(O)C(C)=CC=CC(C)C(O)CC(O),(emal-ccmmal)(ccmmal-ccmal-redmmal)(ohmmal-redmal)(mal-ohmal-ohmal-ccmmal)(ccmal-ohmmal-ohmal)
53,nemA3;nemA4;nemA1-2;nemA1-1;nemA2,0.41883440687646945,0.3982619342482541,0.432549388628613,C(C)=CC=CC(C)CC=CC(C)C(O)CC(O)C(C)C(O)CCC(CC)C(=O)C(C)=CCC(=O)CC(O)CC(O)C(C)=C,(ccmmal-ccmal-redmmal)(ccmal-ohmmal-ohmal)(ohmmal-redmal)(emal-ccmmal)(mal-ohmal-ohmal-ccmmal)
54,nemA1-2;nemA4;nemA3;nemA1-1;nemA2,0.4183898569531148,0.3173005509359303,0.48578272763123787,C(C)C(O)CCC=CC(C)C(O)CC(O)C(C)=CC=CC(C)CC(CC)C(=O)C(C)=CCC(=O)CC(O)CC(O)C(C)=C,(ohmmal-redmal)(ccmal-ohmmal-ohmal)(ccmmal-ccmal-redmmal)(emal-ccmmal)(mal-ohmal-ohmal-ccmmal)
55,nemA1-1;nemA4;nemA3;nemA2;nemA1-2,0.4165052369375958,0.4437806907015761,0.39832160109494225,C(CC)C(=O)C(C)=CC=CC(C)C(O)CC(O)C(C)=CC=CC(C)CCC(=O)CC(O)CC(O)C(C)=CC(C)C(O)CC,(emal-ccmmal)(ccmal-ohmmal-ohmal)(ccmmal-ccmal-redmmal)(mal-ohmal-ohmal-ccmmal)(ohmmal-redmal)
56,nemA1-2;nemA1-1;nemA4;nemA3;nemA2,0.41608123273340436,0.33849579246641487,0.46780485957806406,C(C)C(O)CCC(CC)C(=O)C(C)=CC=CC(C)C(O)CC(O)C(C)=CC=CC(C)CCC(=O)CC(O)CC(O)C(C)=C,(ohmmal-redmal)(emal-ccmmal)(ccmal-ohmmal-ohmal)(ccmmal-ccmal-redmmal)(mal-ohmal-ohmal-ccmmal)
57,nemA1-1;nemA3;nemA4;nemA1-2;nemA2,0.41368632627923796,0.49530169138321944,0.35927608287658364,C(CC)C(=O)C(C)=CC(C)=CC=CC(C)CC=CC(C)C(O)CC(O)C(C)C(O)CCCC(=O)CC(O)CC(O)C(C)=C,(emal-ccmmal)(ccmmal-ccmal-redmmal)(ccmal-ohmmal-ohmal)(ohmmal-redmal)(mal-ohmal-ohmal-ccmmal)
58,nemA1-2;nemA4;nemA3;nemA2;nemA1-1,0.41316130469247137,0.3281799168275738,0.4698155632690698,C(C)C(O)CCC=CC(C)C(O)CC(O)C(C)=CC=CC(C)CCC(=O)CC(O)CC(O)C(C)=CC(CC)C(=O)C(C)=C,(ohmmal-redmal)(ccmal-ohmmal-ohmal)(ccmmal-ccmal-redmmal)(mal-ohmal-ohmal-ccmmal)(emal-ccmmal)
59,nemA2;nemA1-1;nemA1-2;nemA4;nemA3,0.41188399971798456,0.3009665494018179,0.48582896659542896,CC(=O)CC(O)CC(O)C(C)=CC(CC)C(=O)C(C)=CC(C)C(O)CCC=CC(C)C(O)CC(O)C(C)=CC=CC(C)C,(mal-ohmal-ohmal-ccmmal)(emal-ccmmal)(ohmmal-redmal)(ccmal-ohmmal-ohmal)(ccmmal-ccmal-redmmal)
60,nemA1-1;nemA2;nemA4;nemA3;nemA1-2,0.4090143620114565,0.44868543356121915,0.38256698097828146,C(CC)C(=O)C(C)=CCC(=O)CC(O)CC(O)C(C)=CC=CC(C)C(O)CC(O)C(C)=CC=CC(C)CC(C)C(O)CC,(emal-ccmmal)(mal-ohmal-ohmal-ccmmal)(ccmal-ohmmal-ohmal)(ccmmal-ccmal-redmmal)(ohmmal-redmal)
61,nemA3;nemA1-2;nemA1-1;nemA4;nemA2,0.4060482519907089,0.34220397068761044,0.44861110619277456,C(C)=CC=CC(C)CC(C)C(O)CCC(CC)C(=O)C(C)=CC=CC(C)C(O)CC(O)CC(=O)CC(O)CC(O)C(C)=C,(ccmmal-ccmal-redmmal)(ohmmal-redmal)(emal-ccmmal)(ccmal-ohmmal-ohmal)(mal-ohmal-ohmal-ccmmal)
62,nemA2;nemA1-1;nemA4;nemA3;nemA1-2,0.4055005363313027,0.3824460728982333,0.42087017862001563,CC(=O)CC(O)CC(O)C(C)=CC(CC)C(=O)C(C)=CC=CC(C)C(O)CC(O)C(C)=CC=CC(C)CC(C)C(O)CC,(mal-ohmal-ohmal-ccmmal)(emal-ccmmal)(ccmal-ohmmal-ohmal)(ccmmal-ccmal-redmmal)(ohmmal-redmal)
63,nemA3;nemA1-2;nemA4;nemA2;nemA1-1,0.4031283239497758,0.33188809504876937,0.4506218098837803,C(C)=CC=CC(C)CC(C)C(O)CCC=CC(C)C(O)CC(O)CC(=O)CC(O)CC(O)C(C)=CC(CC)C(=O)C(C)=C,(ccmmal-ccmal-redmmal)(ohmmal-redmal)(ccmal-ohmmal-ohmal)(mal-ohmal-ohmal-ccmmal)(emal-ccmmal)
64,nemA2;nemA1-1;nemA1-2;nemA3;nemA4,0.40268577385489085,0.39116741515688497,0.4103646796535615,CC(=O)CC(O)CC(O)C(C)=CC(CC)C(=O)C(C)=CC(C)C(O)CCC(C)=CC=CC(C)CC=CC(C)C(O)CC(O),(mal-ohmal-ohmal-ccmmal)(emal-ccmmal)(ohmmal-redmal)(ccmmal-ccmal-redmmal)(ccmal-ohmmal-ohmal)
65,nemA1-1;nemA2;nemA1-2;nemA4;nemA3,0.39886526806673456,0.38999254453579846,0.4047804170873587,C(CC)C(=O)C(C)=CCC(=O)CC(O)CC(O)C(C)=CC(C)C(O)CCC=CC(C)C(O)CC(O)C(C)=CC=CC(C)C,(emal-ccmmal)(mal-ohmal-ohmal-ccmmal)(ohmmal-redmal)(ccmal-ohmmal-ohmal)(ccmmal-ccmal-redmmal)
66,nemA3;nemA2;nemA1-1;nemA4;nemA1-2,0.3970896936798767,0.3866002239257203,0.404082673515981,C(C)=CC=CC(C)CCC(=O)CC(O)CC(O)C(C)=CC(CC)C(=O)C(C)=CC=CC(C)C(O)CC(O)C(C)C(O)CC,(ccmmal-ccmal-redmmal)(mal-ohmal-ohmal-ccmmal)(emal-ccmmal)(ccmal-ohmmal-ohmal)(ohmmal-redmal)
67,nemA4;nemA1-1;nemA1-2;nemA3;nemA2,0.39307015099589837,0.38715067337099107,0.39701646941250335,C=CC(C)C(O)CC(O)C(CC)C(=O)C(C)=CC(C)C(O)CCC(C)=CC=CC(C)CCC(=O)CC(O)CC(O)C(C)=C,(ccmal-ohmmal-ohmal)(emal-ccmmal)(ohmmal-redmal)(ccmmal-ccmal-redmmal)(mal-ohmal-ohmal-ccmmal)
68,nemA1-1;nemA2;nemA1-2;nemA3;nemA4,0.3896670422036409,0.4801934102908655,0.3293161301454912,C(CC)C(=O)C(C)=CCC(=O)CC(O)CC(O)C(C)=CC(C)C(O)CCC(C)=CC=CC(C)CC=CC(C)C(O)CC(O),(emal-ccmmal)(mal-ohmal-ohmal-ccmmal)(ohmmal-redmal)(ccmmal-ccmal-redmmal)(ccmal-ohmmal-ohmal)
69,nemA3;nemA4;nemA2;nemA1-2;nemA1-1,0.3888602938169503,0.35373615885150556,0.4122763837939135,C(C)=CC=CC(C)CC=CC(C)C(O)CC(O)CC(=O)CC(O)CC(O)C(C)=CC(C)C(O)CCC(CC)C(=O)C(C)=C,(ccmmal-ccmal-redmmal)(ccmal-ohmmal-ohmal)(mal-ohmal-ohmal-ccmmal)(ohmmal-redmal)(emal-ccmmal)
70,nemA2;nemA4;nemA3;nemA1-1;nemA1-2,0.3872798831727856,0.3109947832589969,0.4381366164486447,CC(=O)CC(O)CC(O)C(C)=CC=CC(C)C(O)CC(O)C(C)=CC=CC(C)CC(CC)C(=O)C(C)=CC(C)C(O)CC,(mal-ohmal-ohmal-ccmmal)(ccmal-ohmmal-ohmal)(ccmmal-ccmal-redmmal)(emal-ccmmal)(ohmmal-redmal)
71,nemA4;nemA3;nemA1-1;nemA2;nemA1-2,0.38723925952449256,0.35877419934311405,0.40621596631207824,C=CC(C)C(O)CC(O)C(C)=CC=CC(C)CC(CC)C(=O)C(C)=CCC(=O)CC(O)CC(O)C(C)=CC(C)C(O)CC,(ccmal-ohmmal-ohmal)(ccmmal-ccmal-redmmal)(emal-ccmmal)(mal-ohmal-ohmal-ccmmal)(ohmmal-redmal)
72,nemA1-2;nemA3;nemA4;nemA1-1;nemA2,0.386978377414365,0.43287223321514057,0.3563824735471813,C(C)C(O)CCC(C)=CC=CC(C)CC=CC(C)C(O)CC(O)C(CC)C(=O)C(C)=CCC(=O)CC(O)CC(O)C(C)=C,(ohmmal-redmal)(ccmmal-ccmal-redmmal)(ccmal-ohmmal-ohmal)(emal-ccmmal)(mal-ohmal-ohmal-ccmmal)
73,nemA1-1;nemA1-2;nemA3;nemA4;nemA2,0.38678601827947307,0.3483919964439015,0.41238203283652075,C(CC)C(=O)C(C)=CC(C)C(O)CCC(C)=CC=CC(C)CC=CC(C)C(O)CC(O)CC(=O)CC(O)CC(O)C(C)=C,(emal-ccmmal)(ohmmal-redmal)(ccmmal-ccmal-redmmal)(ccmal-ohmmal-ohmal)(mal-ohmal-ohmal-ccmmal)
74,nemA1-1;nemA1-2;nemA3;nemA2;nemA4,0.38340579495823895,0.4080892983793775,0.3669501260108132,C(CC)C(=O)C(C)=CC(C)C(O)CCC(C)=CC=CC(C)CCC(=O)CC(O)CC(O)C(C)=CC=CC(C)C(O)CC(O),(emal-ccmmal)(ohmmal-redmal)(ccmmal-ccmal-redmmal)(mal-ohmal-ohmal-ccmmal)(ccmal-ohmmal-ohmal)
75,nemA4;nemA3;nemA2;nemA1-2;nemA1-1,0.3809616158836362,0.33199779811679814,0.4136041610615282,C=CC(C)C(O)CC(O)C(C)=CC=CC(C)CCC(=O)CC(O)CC(O)C(C)=CC(C)C(O)CCC(CC)C(=O)C(C)=C,(ccmal-ohmmal-ohmal)(ccmmal-ccmal-redmmal)(mal-ohmal-ohmal-ccmmal)(ohmmal-redmal)(emal-ccmmal)
76,nemA1-1;nemA3;nemA2;nemA1-2;nemA4,0.3739438126840239,0.4054642137894082,0.35293021194710095,C(CC)C(=O)C(C)=CC(C)=CC=CC(C)CCC(=O)CC(O)CC(O)C(C)=CC(C)C(O)CCC=CC(C)C(O)CC(O),(emal-ccmmal)(ccmmal-ccmal-redmmal)(mal-ohmal-ohmal-ccmmal)(ohmmal-redmal)(ccmal-ohmmal-ohmal)
77,nemA3;nemA1-1;nemA4;nemA2;nemA1-2,0.37234413288100093,0.3311950826373281,0.3997768330434495,C(C)=CC=CC(C)CC(CC)C(=O)C(C)=CC=CC(C)C(O)CC(O)CC(=O)CC(O)CC(O)C(C)=CC(C)C(O)CC,(ccmmal-ccmal-redmmal)(emal-ccmmal)(ccmal-ohmmal-ohmal)(mal-ohmal-ohmal-ccmmal)(ohmmal-redmal)
78,nemA1-2;nemA4;nemA1-1;nemA3;nemA2,0.37125514789474795,0.35814303671368336,0.37999655534879107,C(C)C(O)CCC=CC(C)C(O)CC(O)C(CC)C(=O)C(C)=CC(C)=CC=CC(C)CCC(=O)CC(O)CC(O)C(C)=C,(ohmmal-redmal)(ccmal-ohmmal-ohmal)(emal-ccmmal)(ccmmal-ccmal-redmmal)(mal-ohmal-ohmal-ccmmal)
79,nemA1-2;nemA3;nemA2;nemA1-1;nemA4,0.3674983248028567,0.3632468017331704,0.370332673515981,C(C)C(O)CCC(C)=CC=CC(C)CCC(=O)CC(O)CC(O)C(C)=CC(CC)C(=O)C(C)=CC=CC(C)C(O)CC(O),(ohmmal-redmal)(ccmmal-ccmal-redmmal)(mal-ohmal-ohmal-ccmmal)(emal-ccmmal)(ccmal-ohmmal-ohmal)
80,nemA2;nemA1-2;nemA4;nemA3;nemA1-1,0.36677830642023584,0.2858097749731909,0.42075732738493243,CC(=O)CC(O)CC(O)C(C)=CC(C)C(O)CCC=CC(C)C(O)CC(O)C(C)=CC=CC(C)CC(CC)C(=O)C(C)=C,(mal-ohmal-ohmal-ccmmal)(ohmmal-redmal)(ccmal-ohmmal-ohmal)(ccmmal-ccmal-redmmal)(emal-ccmmal)
81,nemA1-2;nemA2;nemA4;nemA1-1;nemA3,0.36397237565949364,0.45733553743724487,0.3017302678076594,C(C)C(O)CCCC(=O)CC(O)CC(O)C(C)=CC=CC(C)C(O)CC(O)C(CC)C(=O)C(C)=CC(C)=CC=CC(C)C,(ohmmal-redmal)(mal-ohmal-ohmal-ccmmal)(ccmal-ohmmal-ohmal)(emal-ccmmal)(ccmmal-ccmal-redmmal)
82,nemA2;nemA1-1;nemA3;nemA1-2;nemA4,0.3629391120777308,0.3441295959860654,0.37547878947217433,CC(=O)CC(O)CC(O)C(C)=CC(CC)C(=O)C(C)=CC(C)=CC=CC(C)CC(C)C(O)CCC=CC(C)C(O)CC(O),(mal-ohmal-ohmal-ccmmal)(emal-ccmmal)(ccmmal-ccmal-redmmal)(ohmmal-redmal)(ccmal-ohmmal-ohmal)
83,nemA2;nemA4;nemA3;nemA1-2;nemA1-1,0.35697880727438613,0.3119097593633186,0.3870248392150978,CC(=O)CC(O)CC(O)C(C)=CC=CC(C)C(O)CC(O)C(C)=CC=CC(C)CC(C)C(O)CCC(CC)C(=O)C(C)=C,(mal-ohmal-ohmal-ccmmal)(ccmal-ohmmal-ohmal)(ccmmal-ccmal-redmmal)(ohmmal-redmal)(emal-ccmmal)
84,nemA1-2;nemA1-1;nemA2;nemA4;nemA3,0.35493764560698554,0.2997987426404826,0.3916969142513209,C(C)C(O)CCC(CC)C(=O)C(C)=CCC(=O)CC(O)CC(O)C(C)=CC=CC(C)C(O)CC(O)C(C)=CC=CC(C)C,(ohmmal-redmal)(emal-ccmmal)(mal-ohmal-ohmal-ccmmal)(ccmal-ohmmal-ohmal)(ccmmal-ccmal-redmmal)
85,nemA3;nemA1-1;nemA2;nemA4;nemA1-2,0.35484560826381656,0.3428403116171216,0.3628491393616131,C(C)=CC=CC(C)CC(CC)C(=O)C(C)=CCC(=O)CC(O)CC(O)C(C)=CC=CC(C)C(O)CC(O)C(C)C(O)CC,(ccmmal-ccmal-redmmal)(emal-ccmmal)(mal-ohmal-ohmal-ccmmal)(ccmal-ohmmal-ohmal)(ohmmal-redmal)
86,nemA2;nemA1-2;nemA1-1;nemA4;nemA3,0.35079873275081014,0.3011885130946984,0.38387221252155135,CC(=O)CC(O)CC(O)C(C)=CC(C)C(O)CCC(CC)C(=O)C(C)=CC=CC(C)C(O)CC(O)C(C)=CC=CC(C)C,(mal-ohmal-ohmal-ccmmal)(ohmmal-redmal)(emal-ccmmal)(ccmal-ohmmal-ohmal)(ccmmal-ccmal-redmmal)
87,nemA2;nemA1-2;nemA1-1;nemA3;nemA4,0.34867108194490515,0.3659776597888016,0.3371333633823076,CC(=O)CC(O)CC(O)C(C)=CC(C)C(O)CCC(CC)C(=O)C(C)=CC(C)=CC=CC(C)CC=CC(C)C(O)CC(O),(mal-ohmal-ohmal-ccmmal)(ohmmal-redmal)(emal-ccmmal)(ccmmal-ccmal-redmmal)(ccmal-ohmmal-ohmal)
88,nemA3;nemA2;nemA4;nemA1-2;nemA1-1,0.34856796462296014,0.3160639103908056,0.37023733411106313,C(C)=CC=CC(C)CCC(=O)CC(O)CC(O)C(C)=CC=CC(C)C(O)CC(O)C(C)C(O)CCC(CC)C(=O)C(C)=C,(ccmmal-ccmal-redmmal)(mal-ohmal-ohmal-ccmmal)(ccmal-ohmmal-ohmal)(ohmmal-redmal)(emal-ccmmal)
89,nemA1-1;nemA3;nemA1-2;nemA4;nemA2,0.34703935650231293,0.3013541772730819,0.37749614265513365,C(CC)C(=O)C(C)=CC(C)=CC=CC(C)CC(C)C(O)CCC=CC(C)C(O)CC(O)CC(=O)CC(O)CC(O)C(C)=C,(emal-ccmmal)(ccmmal-ccmal-redmmal)(ohmmal-redmal)(ccmal-ohmmal-ohmal)(mal-ohmal-ohmal-ccmmal)
90,nemA4;nemA1-2;nemA2;nemA1-1;nemA3,0.34272704257897035,0.36604058506693055,0.3271846809203302,C=CC(C)C(O)CC(O)C(C)C(O)CCCC(=O)CC(O)CC(O)C(C)=CC(CC)C(=O)C(C)=CC(C)=CC=CC(C)C,(ccmal-ohmmal-ohmal)(ohmmal-redmal)(mal-ohmal-ohmal-ccmmal)(emal-ccmmal)(ccmmal-ccmal-redmmal)
91,nemA4;nemA1-1;nemA3;nemA2;nemA1-2,0.3401045504661257,0.3996166851208671,0.30042979402963144,C=CC(C)C(O)CC(O)C(CC)C(=O)C(C)=CC(C)=CC=CC(C)CCC(=O)CC(O)CC(O)C(C)=CC(C)C(O)CC,(ccmal-ohmmal-ohmal)(emal-ccmmal)(ccmmal-ccmal-redmmal)(mal-ohmal-ohmal-ccmmal)(ohmmal-redmal)
92,nemA2;nemA1-2;nemA3;nemA4;nemA1-1,0.335366826881486,0.4013814572524012,0.29135707330087585,CC(=O)CC(O)CC(O)C(C)=CC(C)C(O)CCC(C)=CC=CC(C)CC=CC(C)C(O)CC(O)C(CC)C(=O)C(C)=C,(mal-ohmal-ohmal-ccmmal)(ohmmal-redmal)(ccmmal-ccmal-redmmal)(ccmal-ohmmal-ohmal)(emal-ccmmal)
93,nemA1-1;nemA3;nemA4;nemA2;nemA1-2,0.33382041774970034,0.36085800819377756,0.31579535745364884,C(CC)C(=O)C(C)=CC(C)=CC=CC(C)CC=CC(C)C(O)CC(O)CC(=O)CC(O)CC(O)C(C)=CC(C)C(O)CC,(emal-ccmmal)(ccmmal-ccmal-redmmal)(ccmal-ohmmal-ohmal)(mal-ohmal-ohmal-ccmmal)(ohmmal-redmal)
94,nemA1-2;nemA1-1;nemA3;nemA4;nemA2,0.3333964135455089,0.2555731099586164,0.3852786159367706,C(C)C(O)CCC(CC)C(=O)C(C)=CC(C)=CC=CC(C)CC=CC(C)C(O)CC(O)CC(=O)CC(O)CC(O)C(C)=C,(ohmmal-redmal)(emal-ccmmal)(ccmmal-ccmal-redmmal)(ccmal-ohmmal-ohmal)(mal-ohmal-ohmal-ccmmal)
95,nemA1-2;nemA1-1;nemA3;nemA2;nemA4,0.33001619022427486,0.3152704118940924,0.3398467091110631,C(C)C(O)CCC(CC)C(=O)C(C)=CC(C)=CC=CC(C)CCC(=O)CC(O)CC(O)C(C)=CC=CC(C)C(O)CC(O),(ohmmal-redmal)(emal-ccmmal)(ccmmal-ccmal-redmmal)(mal-ohmal-ohmal-ccmmal)(ccmal-ohmmal-ohmal)
96,nemA1-1;nemA4;nemA1-2;nemA3;nemA2,0.32996113175407904,0.33350638245419617,0.3275976312873343,C(CC)C(=O)C(C)=CC=CC(C)C(O)CC(O)C(C)C(O)CCC(C)=CC=CC(C)CCC(=O)CC(O)CC(O)C(C)=C,(emal-ccmmal)(ccmal-ohmmal-ohmal)(ohmmal-redmal)(ccmmal-ccmal-redmmal)(mal-ohmal-ohmal-ccmmal)
97,nemA1-2;nemA3;nemA1-1;nemA2;nemA4,0.3252542393867966,0.3194868894245717,0.3290991393616131,C(C)C(O)CCC(C)=CC=CC(C)CC(CC)C(=O)C(C)=CCC(=O)CC(O)CC(O)C(C)=CC=CC(C)C(O)CC(O),(ohmmal-redmal)(ccmmal-ccmal-redmmal)(emal-ccmmal)(mal-ohmal-ohmal-ccmmal)(ccmal-ohmmal-ohmal)
98,nemA1-2;nemA3;nemA4;nemA2;nemA1-1,0.3234059104473872,0.2706689533807392,0.35856388182515264,C(C)C(O)CCC(C)=CC=CC(C)CC=CC(C)C(O)CC(O)CC(=O)CC(O)CC(O)C(C)=CC(CC)C(=O)C(C)=C,(ohmmal-redmal)(ccmmal-ccmal-redmmal)(ccmal-ohmmal-ohmal)(mal-ohmal-ohmal-ccmmal)(emal-ccmmal)
99,nemA2;nemA1-2;nemA3;nemA1-1;nemA4,0.32111532653062114,0.32087665987878755,0.3212744376318436,CC(=O)CC(O)CC(O)C(C)=CC(C)C(O)CCC(C)=CC=CC(C)CC(CC)C(=O)C(C)=CC=CC(C)C(O)CC(O),(mal-ohmal-ohmal-ccmmal)(ohmmal-redmal)(ccmmal-ccmal-redmmal)(emal-ccmmal)(ccmal-ohmmal-ohmal)
100,nemA1-2;nemA3;nemA2;nemA4;nemA1-1,0.31671193516085566,0.350674209357692,0.29407041902963144,C(C)C(O)CCC(C)=CC=CC(C)CCC(=O)CC(O)CC(O)C(C)=CC=CC(C)C(O)CC(O)C(CC)C(=O)C(C)=C,(ohmmal-redmal)(ccmmal-ccmal-redmmal)(mal-ohmal-ohmal-ccmmal)(ccmal-ohmmal-ohmal)(emal-ccmmal)
101,nemA4;nemA2;nemA1-1;nemA3;nemA1-2,0.31651384624971224,0.275198694563064,0.34405728070747776,C=CC(C)C(O)CC(O)CC(=O)CC(O)CC(O)C(C)=CC(CC)C(=O)C(C)=CC(C)=CC=CC(C)CC(C)C(O)CC,(ccmal-ohmmal-ohmal)(mal-ohmal-ohmal-ccmmal)(emal-ccmmal)(ccmmal-ccmal-redmmal)(ohmmal-redmal)
102,nemA2;nemA4;nemA1-1;nemA3;nemA1-2,0.31612174185687564,0.3795286463673876,0.273850472183201,CC(=O)CC(O)CC(O)C(C)=CC=CC(C)C(O)CC(O)C(CC)C(=O)C(C)=CC(C)=CC=CC(C)CC(C)C(O)CC,(mal-ohmal-ohmal-ccmmal)(ccmal-ohmmal-ohmal)(emal-ccmmal)(ccmmal-ccmal-redmmal)(ohmmal-redmal)
103,nemA4;nemA2;nemA1-1;nemA1-2;nemA3,0.3158267345792054,0.21913089012761255,0.3802906308802673,C=CC(C)C(O)CC(O)CC(=O)CC(O)CC(O)C(C)=CC(CC)C(=O)C(C)=CC(C)C(O)CCC(C)=CC=CC(C)C,(ccmal-ohmmal-ohmal)(mal-ohmal-ohmal-ccmmal)(emal-ccmmal)(ohmmal-redmal)(ccmmal-ccmal-redmmal)
104,nemA2;nemA4;nemA1-1;nemA1-2;nemA3,0.3154346301863688,0.3234608419319361,0.3100838223559906,CC(=O)CC(O)CC(O)C(C)=CC=CC(C)C(O)CC(O)C(CC)C(=O)C(C)=CC(C)C(O)CCC(C)=CC=CC(C)C,(mal-ohmal-ohmal-ccmmal)(ccmal-ohmmal-ohmal)(emal-ccmmal)(ohmmal-redmal)(ccmmal-ccmal-redmmal)
105,nemA4;nemA1-1;nemA2;nemA1-2;nemA3,0.3153940065380758,0.37124025801605337,0.27816317221942405,C=CC(C)C(O)CC(O)C(CC)C(=O)C(C)=CCC(=O)CC(O)CC(O)C(C)=CC(C)C(O)CCC(C)=CC=CC(C)C,(ccmal-ohmmal-ohmal)(emal-ccmmal)(mal-ohmal-ohmal-ccmmal)(ohmmal-redmal)(ccmmal-ccmal-redmmal)
106,nemA2;nemA1-1;nemA3;nemA4;nemA1-2,0.31280806745236206,0.3062638765105851,0.31717086141354667,CC(=O)CC(O)CC(O)C(C)=CC(CC)C(=O)C(C)=CC(C)=CC=CC(C)CC=CC(C)C(O)CC(O)C(C)C(O)CC,(mal-ohmal-ohmal-ccmmal)(emal-ccmmal)(ccmmal-ccmal-redmmal)(ccmal-ohmmal-ohmal)(ohmmal-redmal)
107,nemA2;nemA1-2;nemA4;nemA1-1;nemA3,0.3059726479121538,0.3208357573419669,0.2960639082922783,CC(=O)CC(O)CC(O)C(C)=CC(C)C(O)CCC=CC(C)C(O)CC(O)C(CC)C(=O)C(C)=CC(C)=CC=CC(C)C,(mal-ohmal-ohmal-ccmmal)(ohmmal-redmal)(ccmal-ohmmal-ohmal)(emal-ccmmal)(ccmmal-ccmal-redmmal)
108,nemA1-2;nemA3;nemA1-1;nemA4;nemA2,0.3058406581312249,0.21047211004860236,0.3694196901863066,C(C)C(O)CCC(C)=CC=CC(C)CC(CC)C(=O)C(C)=CC=CC(C)C(O)CC(O)CC(=O)CC(O)CC(O)C(C)=C,(ohmmal-redmal)(ccmmal-ccmal-redmmal)(emal-ccmmal)(ccmal-ohmmal-ohmal)(mal-ohmal-ohmal-ccmmal)
109,nemA4;nemA1-2;nemA1-1;nemA3;nemA2,0.3054571051784541,0.24428341356525485,0.3462395662539203,C=CC(C)C(O)CC(O)C(C)C(O)CCC(CC)C(=O)C(C)=CC(C)=CC=CC(C)CCC(=O)CC(O)CC(O)C(C)=C,(ccmal-ohmmal-ohmal)(ohmmal-redmal)(emal-ccmmal)(ccmmal-ccmal-redmmal)(mal-ohmal-ohmal-ccmmal)
110,nemA4;nemA1-2;nemA3;nemA1-1;nemA2,0.3006951543409758,0.24849989109573417,0.3354919965044703,C=CC(C)C(O)CC(O)C(C)C(O)CCC(C)=CC=CC(C)CC(CC)C(=O)C(C)=CCC(=O)CC(O)CC(O)C(C)=C,(ccmal-ohmmal-ohmal)(ohmmal-redmal)(ccmmal-ccmal-redmmal)(emal-ccmmal)(mal-ohmal-ohmal-ccmmal)
111,nemA4;nemA1-2;nemA3;nemA2;nemA1-1,0.2954666020803324,0.2593792569873777,0.31952483214230226,C=CC(C)C(O)CC(O)C(C)C(O)CCC(C)=CC=CC(C)CCC(=O)CC(O)CC(O)C(C)=CC(CC)C(=O)C(C)=C,(ccmal-ohmmal-ohmal)(ohmmal-redmal)(ccmmal-ccmal-redmmal)(mal-ohmal-ohmal-ccmmal)(emal-ccmmal)
112,nemA1-2;nemA4;nemA2;nemA1-1;nemA3,0.29401173147805504,0.19012325347030484,0.36327071681655504,C(C)C(O)CCC=CC(C)C(O)CC(O)CC(=O)CC(O)CC(O)C(C)=CC(CC)C(=O)C(C)=CC(C)=CC=CC(C)C,(ohmmal-redmal)(ccmal-ohmmal-ohmal)(mal-ohmal-ohmal-ccmmal)(emal-ccmmal)(ccmmal-ccmal-redmmal)
113,nemA1-1;nemA3;nemA2;nemA4;nemA1-2,0.29352808855571016,0.32318575973307767,0.27375630777079846,C(CC)C(=O)C(C)=CC(C)=CC=CC(C)CCC(=O)CC(O)CC(O)C(C)=CC=CC(C)C(O)CC(O)C(C)C(O)CC,(emal-ccmmal)(ccmmal-ccmal-redmmal)(mal-ohmal-ohmal-ccmmal)(ccmal-ohmmal-ohmal)(ohmmal-redmal)
114,nemA1-1;nemA4;nemA2;nemA1-2;nemA3,0.2863160692448447,0.2831641036484705,0.2884173796424275,C(CC)C(=O)C(C)=CC=CC(C)C(O)CC(O)CC(=O)CC(O)CC(O)C(C)=CC(C)C(O)CCC(C)=CC=CC(C)C,(emal-ccmmal)(ccmal-ohmmal-ohmal)(mal-ohmal-ohmal-ccmmal)(ohmmal-redmal)(ccmmal-ccmal-redmmal)
115,nemA4;nemA2;nemA1-2;nemA3;nemA1-1,0.2707210412814567,0.20397411569898555,0.3152189916697708,C=CC(C)C(O)CC(O)CC(=O)CC(O)CC(O)C(C)=CC(C)C(O)CCC(C)=CC=CC(C)CC(CC)C(=O)C(C)=C,(ccmal-ohmmal-ohmal)(mal-ohmal-ohmal-ccmmal)(ohmmal-redmal)(ccmmal-ccmal-redmmal)(emal-ccmmal)
116,nemA1-1;nemA2;nemA4;nemA1-2;nemA3,0.2688175446276603,0.29480933262826386,0.2514896859605911,C(CC)C(=O)C(C)=CCC(=O)CC(O)CC(O)C(C)=CC=CC(C)C(O)CC(O)C(C)C(O)CCC(C)=CC=CC(C)C,(emal-ccmmal)(mal-ohmal-ohmal-ccmmal)(ccmal-ohmmal-ohmal)(ohmmal-redmal)(ccmmal-ccmal-redmmal)
117,nemA2;nemA1-1;nemA4;nemA1-2;nemA3,0.2653037189475064,0.22856997196527798,0.28979288360232536,CC(=O)CC(O)CC(O)C(C)=CC(CC)C(=O)C(C)=CC=CC(C)C(O)CC(O)C(C)C(O)CCC(C)=CC=CC(C)C,(mal-ohmal-ohmal-ccmmal)(emal-ccmmal)(ccmal-ohmmal-ohmal)(ohmmal-redmal)(ccmmal-ccmal-redmmal)
118,nemA4;nemA2;nemA1-2;nemA1-1;nemA3,0.26181204266921976,0.19394113475952918,0.3070593146090135,C=CC(C)C(O)CC(O)CC(=O)CC(O)CC(O)C(C)=CC(C)C(O)CCC(CC)C(=O)C(C)=CC(C)=CC=CC(C)C,(ccmal-ohmmal-ohmal)(mal-ohmal-ohmal-ccmmal)(ohmmal-redmal)(emal-ccmmal)(ccmmal-ccmal-redmmal)
119,nemA2;nemA4;nemA1-2;nemA3;nemA1-1,0.23673058298116145,0.19062656306565634,0.2674665962581648,CC(=O)CC(O)CC(O)C(C)=CC=CC(C)C(O)CC(O)C(C)C(O)CCC(C)=CC=CC(C)CC(CC)C(=O)C(C)=C,(mal-ohmal-ohmal-ccmmal)(ccmal-ohmmal-ohmal)(ohmmal-redmal)(ccmmal-ccmal-redmmal)(emal-ccmmal)
120,nemA2;nemA4;nemA1-2;nemA1-1;nemA3,0.2278215843689245,0.18059358212619997,0.2593069191974075,CC(=O)CC(O)CC(O)C(C)=CC=CC(C)C(O)CC(O)C(C)C(O)CCC(CC)C(=O)C(C)=CC(C)=CC=CC(C)C,(mal-ohmal-ohmal-ccmmal)(ccmal-ohmmal-ohmal)(ohmmal-redmal)(emal-ccmmal)(ccmmal-ccmal-redmmal)
