PathwayID,Pathway,Score,Score2,Score3,ProductSMILES,Polymer
1,AQT01384.1;AQT01382.1;AQT01393.1;AQT01394.1;AQT01395.1,0.8276625664200334,0.7217969912967561,0.8982396165022184,CC(=O)CC(O)C=CC=CC=CC=CCC(O)C(C)C(O)CC(O)CC(O)CC(O)C=CC=C,(mal-X)(ohmal-ccmal-ccmal-ccmal)(ccmal-ohmal-ohmmal-ohmal-ohmal-ohmal)(ccmal)(ccmal)
2,AQT01382.1;AQT01393.1;AQT01394.1;AQT01395.1;AQT01384.1,0.748860097137405,0.6760940037452654,0.7973708260654981,CC(O)C=CC=CC=CC=CCC(O)C(C)C(O)CC(O)CC(O)CC(O)C=CC=CCC(=O),(ohmal-ccmal-ccmal-ccmal)(ccmal-ohmal-ohmmal-ohmal-ohmal-ohmal)(ccmal)(ccmal)(mal-X)
3,AQT01395.1;AQT01384.1;AQT01382.1;AQT01393.1;AQT01394.1,0.7316348276447574,0.6760940037452654,0.7686620435777519,C=CCC(=O)CC(O)C=CC=CC=CC=CCC(O)C(C)C(O)CC(O)CC(O)CC(O)C=C,(ccmal)(mal-X)(ohmal-ccmal-ccmal-ccmal)(ccmal-ohmal-ohmmal-ohmal-ohmal-ohmal)(ccmal)
4,AQT01393.1;AQT01394.1;AQT01395.1;AQT01384.1;AQT01382.1,0.7280924298019509,0.6810940037452653,0.7594247138397414,C=CCC(O)C(C)C(O)CC(O)CC(O)CC(O)C=CC=CCC(=O)CC(O)C=CC=CC=C,(ccmal-ohmal-ohmmal-ohmal-ohmal-ohmal)(ccmal)(ccmal)(mal-X)(ohmal-ccmal-ccmal-ccmal)
5,AQT01394.1;AQT01395.1;AQT01384.1;AQT01382.1;AQT01393.1,0.6943201079179563,0.5866245986554057,0.76611711409299,C=CC=CCC(=O)CC(O)C=CC=CC=CC=CCC(O)C(C)C(O)CC(O)CC(O)CC(O),(ccmal)(ccmal)(mal-X)(ohmal-ccmal-ccmal-ccmal)(ccmal-ohmal-ohmmal-ohmal-ohmal-ohmal)
6,AQT01382.1;AQT01384.1;AQT01393.1;AQT01394.1;AQT01395.1,0.6482692321935228,0.5688762453927194,0.7011978900607252,CC(O)C=CC=CC=CCC(=O)C=CCC(O)C(C)C(O)CC(O)CC(O)CC(O)C=CC=C,(ohmal-ccmal-ccmal-ccmal)(mal-X)(ccmal-ohmal-ohmmal-ohmal-ohmal-ohmal)(ccmal)(ccmal)
7,AQT01384.1;AQT01393.1;AQT01394.1;AQT01395.1;AQT01382.1,0.6181645858358173,0.5268191944090272,0.6790615134536774,CC(=O)C=CCC(O)C(C)C(O)CC(O)CC(O)CC(O)C=CC=CCC(O)C=CC=CC=C,(mal-X)(ccmal-ohmal-ohmmal-ohmal-ohmal-ohmal)(ccmal)(ccmal)(ohmal-ccmal-ccmal-ccmal)
8,AQT01384.1;AQT01395.1;AQT01382.1;AQT01393.1;AQT01394.1,0.6090733327657817,0.5154256677092603,0.6715051094701292,CC(=O)C=CCC(O)C=CC=CC=CC=CCC(O)C(C)C(O)CC(O)CC(O)CC(O)C=C,(mal-X)(ccmal)(ohmal-ccmal-ccmal-ccmal)(ccmal-ohmal-ohmmal-ohmal-ohmal-ohmal)(ccmal)
9,AQT01393.1;AQT01394.1;AQT01395.1;AQT01382.1;AQT01384.1,0.5987981145386675,0.5185832678469,0.6522746789998458,C=CCC(O)C(C)C(O)CC(O)CC(O)CC(O)C=CC=CCC(O)C=CC=CC=CCC(=O),(ccmal-ohmal-ohmmal-ohmal-ohmal-ohmal)(ccmal)(ccmal)(ohmal-ccmal-ccmal-ccmal)(mal-X)
10,AQT01382.1;AQT01393.1;AQT01394.1;AQT01384.1;AQT01395.1,0.5948223822796841,0.5097648207420742,0.6515274233047572,CC(O)C=CC=CC=CC=CCC(O)C(C)C(O)CC(O)CC(O)CC(O)C=CCC(=O)C=C,(ohmal-ccmal-ccmal-ccmal)(ccmal-ohmal-ohmmal-ohmal-ohmal-ohmal)(ccmal)(mal-X)(ccmal)
11,AQT01384.1;AQT01382.1;AQT01395.1;AQT01393.1;AQT01394.1,0.5756824719762111,0.5073562818484767,0.6212332653947006,CC(=O)CC(O)C=CC=CC=CC=CC=CCC(O)C(C)C(O)CC(O)CC(O)CC(O)C=C,(mal-X)(ohmal-ccmal-ccmal-ccmal)(ccmal)(ccmal-ohmal-ohmmal-ohmal-ohmal-ohmal)(ccmal)
12,AQT01395.1;AQT01382.1;AQT01393.1;AQT01394.1;AQT01384.1,0.5579849155376706,0.4658653698960218,0.6193979459654366,C=CCC(O)C=CC=CC=CC=CCC(O)C(C)C(O)CC(O)CC(O)CC(O)C=CCC(=O),(ccmal)(ohmal-ccmal-ccmal-ccmal)(ccmal-ohmal-ohmmal-ohmal-ohmal-ohmal)(ccmal)(mal-X)
13,AQT01394.1;AQT01395.1;AQT01382.1;AQT01393.1;AQT01384.1,0.552974137108605,0.38340260030775725,0.6660218283091701,C=CC=CCC(O)C=CC=CC=CC=CCC(O)C(C)C(O)CC(O)CC(O)CC(O)CC(=O),(ccmal)(ccmal)(ohmal-ccmal-ccmal-ccmal)(ccmal-ohmal-ohmmal-ohmal-ohmal-ohmal)(mal-X)
14,AQT01395.1;AQT01393.1;AQT01394.1;AQT01384.1;AQT01382.1,0.5523121628975465,0.46192608336535607,0.6125695492523401,C=CC=CCC(O)C(C)C(O)CC(O)CC(O)CC(O)C=CCC(=O)CC(O)C=CC=CC=C,(ccmal)(ccmal-ohmal-ohmmal-ohmal-ohmal-ohmal)(ccmal)(mal-X)(ohmal-ccmal-ccmal-ccmal)
15,AQT01394.1;AQT01395.1;AQT01393.1;AQT01384.1;AQT01382.1,0.5473013844684809,0.3794633137770915,0.6591934315960737,C=CC=CC=CCC(O)C(C)C(O)CC(O)CC(O)CC(O)CC(=O)CC(O)C=CC=CC=C,(ccmal)(ccmal)(ccmal-ohmal-ohmmal-ohmal-ohmal-ohmal)(mal-X)(ohmal-ccmal-ccmal-ccmal)
16,AQT01393.1;AQT01394.1;AQT01384.1;AQT01382.1;AQT01395.1,0.5463366067947835,0.5106347214119563,0.5701378637166682,C=CCC(O)C(C)C(O)CC(O)CC(O)CC(O)C=CCC(=O)CC(O)C=CC=CC=CC=C,(ccmal-ohmal-ohmmal-ohmal-ohmal-ohmal)(ccmal)(mal-X)(ohmal-ccmal-ccmal-ccmal)(ccmal)
17,AQT01395.1;AQT01384.1;AQT01393.1;AQT01394.1;AQT01382.1,0.5432592287184429,0.47037710082102235,0.59184731398339,C=CCC(=O)C=CCC(O)C(C)C(O)CC(O)CC(O)CC(O)C=CCC(O)C=CC=CC=C,(ccmal)(mal-X)(ccmal-ohmal-ohmmal-ohmal-ohmal-ohmal)(ccmal)(ohmal-ccmal-ccmal-ccmal)
18,AQT01382.1;AQT01395.1;AQT01384.1;AQT01393.1;AQT01394.1,0.531256205653108,0.5208855583734711,0.5381699705061993,CC(O)C=CC=CC=CC=CCC(=O)C=CCC(O)C(C)C(O)CC(O)CC(O)CC(O)C=C,(ohmal-ccmal-ccmal-ccmal)(ccmal)(mal-X)(ccmal-ohmal-ohmmal-ohmal-ohmal-ohmal)(ccmal)
19,AQT01382.1;AQT01393.1;AQT01384.1;AQT01394.1;AQT01395.1,0.5224644908815137,0.3574858623580095,0.6324502432305166,CC(O)C=CC=CC=CC=CCC(O)C(C)C(O)CC(O)CC(O)CC(O)CC(=O)C=CC=C,(ohmal-ccmal-ccmal-ccmal)(ccmal-ohmal-ohmmal-ohmal-ohmal-ohmal)(mal-X)(ccmal)(ccmal)
20,AQT01393.1;AQT01394.1;AQT01382.1;AQT01384.1;AQT01395.1,0.5204319779941262,0.42660822543966415,0.5829811463637675,C=CCC(O)C(C)C(O)CC(O)CC(O)CC(O)C=CCC(O)C=CC=CC=CCC(=O)C=C,(ccmal-ohmal-ohmmal-ohmal-ohmal-ohmal)(ccmal)(ohmal-ccmal-ccmal-ccmal)(mal-X)(ccmal)
21,AQT01382.1;AQT01384.1;AQT01395.1;AQT01393.1;AQT01394.1,0.5144045110315544,0.42840804494551254,0.5717354884222489,CC(O)C=CC=CC=CCC(=O)C=CC=CCC(O)C(C)C(O)CC(O)CC(O)CC(O)C=C,(ohmal-ccmal-ccmal-ccmal)(mal-X)(ccmal)(ccmal-ohmal-ohmmal-ohmal-ohmal-ohmal)(ccmal)
22,AQT01384.1;AQT01393.1;AQT01394.1;AQT01382.1;AQT01395.1,0.5120803411418295,0.43071405267167356,0.5663245334552668,CC(=O)C=CCC(O)C(C)C(O)CC(O)CC(O)CC(O)C=CCC(O)C=CC=CC=CC=C,(mal-X)(ccmal-ohmal-ohmmal-ohmal-ohmal-ohmal)(ccmal)(ohmal-ccmal-ccmal-ccmal)(ccmal)
23,AQT01395.1;AQT01382.1;AQT01384.1;AQT01393.1;AQT01394.1,0.5119432472490664,0.4437408581759452,0.5574115066311472,C=CCC(O)C=CC=CC=CCC(=O)C=CCC(O)C(C)C(O)CC(O)CC(O)CC(O)C=C,(ccmal)(ohmal-ccmal-ccmal-ccmal)(mal-X)(ccmal-ohmal-ohmmal-ohmal-ohmal-ohmal)(ccmal)
24,AQT01384.1;AQT01395.1;AQT01393.1;AQT01394.1;AQT01382.1,0.5054222463317505,0.3756118879253063,0.59196248526938,CC(=O)C=CC=CCC(O)C(C)C(O)CC(O)CC(O)CC(O)C=CCC(O)C=CC=CC=C,(mal-X)(ccmal)(ccmal-ohmal-ohmmal-ohmal-ohmal-ohmal)(ccmal)(ohmal-ccmal-ccmal-ccmal)
25,AQT01384.1;AQT01394.1;AQT01395.1;AQT01382.1;AQT01393.1,0.504411500069876,0.35614007382360047,0.603259117567393,CC(=O)C=CC=CCC(O)C=CC=CC=CC=CCC(O)C(C)C(O)CC(O)CC(O)CC(O),(mal-X)(ccmal)(ccmal)(ohmal-ccmal-ccmal-ccmal)(ccmal-ohmal-ohmmal-ohmal-ohmal-ohmal)
26,AQT01393.1;AQT01394.1;AQT01382.1;AQT01395.1;AQT01384.1,0.5029074696561544,0.4598534747911376,0.531610132899499,C=CCC(O)C(C)C(O)CC(O)CC(O)CC(O)C=CCC(O)C=CC=CC=CC=CCC(=O),(ccmal-ohmal-ohmmal-ohmal-ohmal-ohmal)(ccmal)(ohmal-ccmal-ccmal-ccmal)(ccmal)(mal-X)
27,AQT01395.1;AQT01393.1;AQT01394.1;AQT01382.1;AQT01384.1,0.49868942594744275,0.37376948806294596,0.5819693845371072,C=CC=CCC(O)C(C)C(O)CC(O)CC(O)CC(O)C=CCC(O)C=CC=CC=CCC(=O),(ccmal)(ccmal-ohmal-ohmmal-ohmal-ohmal-ohmal)(ccmal)(ohmal-ccmal-ccmal-ccmal)(mal-X)
28,AQT01393.1;AQT01384.1;AQT01382.1;AQT01394.1;AQT01395.1,0.4970483891239395,0.41475900707193986,0.551907977158606,C=CCC(O)C(C)C(O)CC(O)CC(O)CC(O)CC(=O)CC(O)C=CC=CC=CC=CC=C,(ccmal-ohmal-ohmmal-ohmal-ohmal-ohmal)(mal-X)(ohmal-ccmal-ccmal-ccmal)(ccmal)(ccmal)
29,AQT01384.1;AQT01382.1;AQT01394.1;AQT01395.1;AQT01393.1,0.4940903130076317,0.4044739320068651,0.5538345670081427,CC(=O)CC(O)C=CC=CC=CC=CC=CC=CCC(O)C(C)C(O)CC(O)CC(O)CC(O),(mal-X)(ohmal-ccmal-ccmal-ccmal)(ccmal)(ccmal)(ccmal-ohmal-ohmmal-ohmal-ohmal-ohmal)
30,AQT01394.1;AQT01393.1;AQT01384.1;AQT01382.1;AQT01395.1,0.48607637610331833,0.31855593088981005,0.5977566729123238,C=CC=CCC(O)C(C)C(O)CC(O)CC(O)CC(O)CC(=O)CC(O)C=CC=CC=CC=C,(ccmal)(ccmal-ohmal-ohmmal-ohmal-ohmal-ohmal)(mal-X)(ohmal-ccmal-ccmal-ccmal)(ccmal)
31,AQT01395.1;AQT01394.1;AQT01384.1;AQT01382.1;AQT01393.1,0.48578063066045746,0.37349295293008106,0.5606390824807084,C=CC=CCC(=O)CC(O)C=CC=CC=CC=CCC(O)C(C)C(O)CC(O)CC(O)CC(O),(ccmal)(ccmal)(mal-X)(ohmal-ccmal-ccmal-ccmal)(ccmal-ohmal-ohmmal-ohmal-ohmal-ohmal)
32,AQT01394.1;AQT01384.1;AQT01382.1;AQT01393.1;AQT01395.1,0.4818792153232544,0.35042630418692444,0.5695144894141411,C=CCC(=O)CC(O)C=CC=CC=CC=CCC(O)C(C)C(O)CC(O)CC(O)CC(O)C=C,(ccmal)(mal-X)(ohmal-ccmal-ccmal-ccmal)(ccmal-ohmal-ohmmal-ohmal-ohmal-ohmal)(ccmal)
33,AQT01384.1;AQT01382.1;AQT01393.1;AQT01395.1;AQT01394.1,0.4784658701515877,0.3531841392780296,0.5619870240672931,CC(=O)CC(O)C=CC=CC=CC=CCC(O)C(C)C(O)CC(O)CC(O)CC(O)C=CC=C,(mal-X)(ohmal-ccmal-ccmal-ccmal)(ccmal-ohmal-ohmmal-ohmal-ohmal-ohmal)(ccmal)(ccmal)
34,AQT01394.1;AQT01393.1;AQT01395.1;AQT01384.1;AQT01382.1,0.4776365618733264,0.3309035298855121,0.575458583198536,C=CC=CCC(O)C(C)C(O)CC(O)CC(O)CC(O)C=CCC(=O)CC(O)C=CC=CC=C,(ccmal)(ccmal-ohmal-ohmmal-ohmal-ohmal-ohmal)(ccmal)(mal-X)(ohmal-ccmal-ccmal-ccmal)
35,AQT01394.1;AQT01395.1;AQT01382.1;AQT01384.1;AQT01393.1,0.47462852752226536,0.35427145308608554,0.5548665771463852,C=CC=CCC(O)C=CC=CC=CCC(=O)C=CCC(O)C(C)C(O)CC(O)CC(O)CC(O),(ccmal)(ccmal)(ohmal-ccmal-ccmal-ccmal)(mal-X)(ccmal-ohmal-ohmmal-ohmal-ohmal-ohmal)
36,AQT01394.1;AQT01382.1;AQT01393.1;AQT01384.1;AQT01395.1,0.47460800056406366,0.2914275579005214,0.5967282956730918,C=CCC(O)C=CC=CC=CC=CCC(O)C(C)C(O)CC(O)CC(O)CC(O)CC(=O)C=C,(ccmal)(ohmal-ccmal-ccmal-ccmal)(ccmal-ohmal-ohmmal-ohmal-ohmal-ohmal)(mal-X)(ccmal)
37,AQT01394.1;AQT01395.1;AQT01384.1;AQT01393.1;AQT01382.1,0.47034806131644896,0.3653133971512624,0.5403711707599066,C=CC=CCC(=O)C=CCC(O)C(C)C(O)CC(O)CC(O)CC(O)CC(O)C=CC=CC=C,(ccmal)(ccmal)(mal-X)(ccmal-ohmal-ohmmal-ohmal-ohmal-ohmal)(ohmal-ccmal-ccmal-ccmal)
38,AQT01395.1;AQT01384.1;AQT01382.1;AQT01394.1;AQT01393.1,0.46404419221908255,0.38322959726893235,0.517920588852516,C=CCC(=O)CC(O)C=CC=CC=CC=CC=CCC(O)C(C)C(O)CC(O)CC(O)CC(O),(ccmal)(mal-X)(ohmal-ccmal-ccmal-ccmal)(ccmal)(ccmal-ohmal-ohmmal-ohmal-ohmal-ohmal)
39,AQT01395.1;AQT01394.1;AQT01393.1;AQT01384.1;AQT01382.1,0.45929272185298703,0.2758835674977944,0.5815654914231154,C=CC=CC=CCC(O)C(C)C(O)CC(O)CC(O)CC(O)CC(=O)CC(O)C=CC=CC=C,(ccmal)(ccmal)(ccmal-ohmal-ohmmal-ohmal-ohmal-ohmal)(mal-X)(ohmal-ccmal-ccmal-ccmal)
40,AQT01393.1;AQT01394.1;AQT01384.1;AQT01395.1;AQT01382.1,0.4549539994924211,0.3896294335253,0.4985037101371686,C=CCC(O)C(C)C(O)CC(O)CC(O)CC(O)C=CCC(=O)C=CCC(O)C=CC=CC=C,(ccmal-ohmal-ohmmal-ohmal-ohmal-ohmal)(ccmal)(mal-X)(ccmal)(ohmal-ccmal-ccmal-ccmal)
41,AQT01384.1;AQT01382.1;AQT01395.1;AQT01394.1;AQT01393.1,0.45035908963391624,0.31430713047932,0.5410603957369803,CC(=O)CC(O)C=CC=CC=CC=CC=CC=CCC(O)C(C)C(O)CC(O)CC(O)CC(O),(mal-X)(ohmal-ccmal-ccmal-ccmal)(ccmal)(ccmal)(ccmal-ohmal-ohmmal-ohmal-ohmal-ohmal)
42,AQT01382.1;AQT01394.1;AQT01395.1;AQT01384.1;AQT01393.1,0.44966404668452864,0.4180032085318594,0.47077127211964154,CC(O)C=CC=CC=CC=CC=CCC(=O)C=CCC(O)C(C)C(O)CC(O)CC(O)CC(O),(ohmal-ccmal-ccmal-ccmal)(ccmal)(ccmal)(mal-X)(ccmal-ohmal-ohmmal-ohmal-ohmal-ohmal)
43,AQT01382.1;AQT01395.1;AQT01393.1;AQT01394.1;AQT01384.1,0.44233080603830466,0.37656004766451645,0.4861779782874967,CC(O)C=CC=CC=CC=CC=CCC(O)C(C)C(O)CC(O)CC(O)CC(O)C=CCC(=O),(ohmal-ccmal-ccmal-ccmal)(ccmal)(ccmal-ohmal-ohmmal-ohmal-ohmal-ohmal)(ccmal)(mal-X)
44,AQT01384.1;AQT01395.1;AQT01394.1;AQT01382.1;AQT01393.1,0.4388907140946615,0.28717875749003136,0.5400320184977483,CC(=O)C=CC=CCC(O)C=CC=CC=CC=CCC(O)C(C)C(O)CC(O)CC(O)CC(O),(mal-X)(ccmal)(ccmal)(ohmal-ccmal-ccmal-ccmal)(ccmal-ohmal-ohmmal-ohmal-ohmal-ohmal)
45,AQT01394.1;AQT01382.1;AQT01393.1;AQT01395.1;AQT01384.1,0.43845007818462534,0.2996450575661056,0.5309867585969719,C=CCC(O)C=CC=CC=CC=CCC(O)C(C)C(O)CC(O)CC(O)CC(O)C=CCC(=O),(ccmal)(ohmal-ccmal-ccmal-ccmal)(ccmal-ohmal-ohmmal-ohmal-ohmal-ohmal)(ccmal)(mal-X)
46,AQT01382.1;AQT01393.1;AQT01384.1;AQT01395.1;AQT01394.1,0.43582132324839756,0.2992636520609545,0.5268597707066929,CC(O)C=CC=CC=CC=CCC(O)C(C)C(O)CC(O)CC(O)CC(O)CC(=O)C=CC=C,(ohmal-ccmal-ccmal-ccmal)(ccmal-ohmal-ohmmal-ohmal-ohmal-ohmal)(mal-X)(ccmal)(ccmal)
47,AQT01395.1;AQT01384.1;AQT01394.1;AQT01382.1;AQT01393.1,0.4295061429525016,0.2996979802355956,0.5160449180971056,C=CCC(=O)C=CCC(O)C=CC=CC=CC=CCC(O)C(C)C(O)CC(O)CC(O)CC(O),(ccmal)(mal-X)(ccmal)(ohmal-ccmal-ccmal-ccmal)(ccmal-ohmal-ohmmal-ohmal-ohmal-ohmal)
48,AQT01394.1;AQT01395.1;AQT01393.1;AQT01382.1;AQT01384.1,0.4257782585454488,0.26870578439318604,0.5304932413136239,C=CC=CC=CCC(O)C(C)C(O)CC(O)CC(O)CC(O)CC(O)C=CC=CC=CCC(=O),(ccmal)(ccmal)(ccmal-ohmal-ohmmal-ohmal-ohmal-ohmal)(ohmal-ccmal-ccmal-ccmal)(mal-X)
49,AQT01394.1;AQT01384.1;AQT01395.1;AQT01382.1;AQT01393.1,0.4211816776084265,0.2951600284354403,0.5051961103904172,C=CCC(=O)C=CCC(O)C=CC=CC=CC=CCC(O)C(C)C(O)CC(O)CC(O)CC(O),(ccmal)(mal-X)(ccmal)(ohmal-ccmal-ccmal-ccmal)(ccmal-ohmal-ohmmal-ohmal-ohmal-ohmal)
50,AQT01395.1;AQT01394.1;AQT01382.1;AQT01393.1;AQT01384.1,0.42010623816428594,0.24462509517838793,0.5370936668215512,C=CC=CCC(O)C=CC=CC=CC=CCC(O)C(C)C(O)CC(O)CC(O)CC(O)CC(=O),(ccmal)(ccmal)(ohmal-ccmal-ccmal-ccmal)(ccmal-ohmal-ohmmal-ohmal-ohmal-ohmal)(mal-X)
51,AQT01382.1;AQT01384.1;AQT01394.1;AQT01395.1;AQT01393.1,0.40974267833564865,0.2691224510598527,0.5034894965195127,CC(O)C=CC=CC=CCC(=O)C=CC=CC=CCC(O)C(C)C(O)CC(O)CC(O)CC(O),(ohmal-ccmal-ccmal-ccmal)(mal-X)(ccmal)(ccmal)(ccmal-ohmal-ohmmal-ohmal-ohmal-ohmal)
52,AQT01384.1;AQT01382.1;AQT01394.1;AQT01393.1;AQT01395.1,0.4021802350549348,0.27782753698441137,0.4850820337686171,CC(=O)CC(O)C=CC=CC=CC=CC=CCC(O)C(C)C(O)CC(O)CC(O)CC(O)C=C,(mal-X)(ohmal-ccmal-ccmal-ccmal)(ccmal)(ccmal-ohmal-ohmmal-ohmal-ohmal-ohmal)(ccmal)
53,AQT01384.1;AQT01393.1;AQT01382.1;AQT01394.1;AQT01395.1,0.39489173449805726,0.31223740425016167,0.4499946213299877,CC(=O)C=CCC(O)C(C)C(O)CC(O)CC(O)CC(O)CC(O)C=CC=CC=CC=CC=C,(mal-X)(ccmal-ohmal-ohmmal-ohmal-ohmal-ohmal)(ohmal-ccmal-ccmal-ccmal)(ccmal)(ccmal)
54,AQT01394.1;AQT01393.1;AQT01384.1;AQT01395.1;AQT01382.1,0.3946937688009561,0.1975506430031537,0.5261225193328243,C=CC=CCC(O)C(C)C(O)CC(O)CC(O)CC(O)CC(=O)C=CCC(O)C=CC=CC=C,(ccmal)(ccmal-ohmal-ohmmal-ohmal-ohmal-ohmal)(mal-X)(ccmal)(ohmal-ccmal-ccmal-ccmal)
55,AQT01382.1;AQT01394.1;AQT01395.1;AQT01393.1;AQT01384.1,0.39304258836746064,0.28068433332449994,0.4679480917294345,CC(O)C=CC=CC=CC=CC=CC=CCC(O)C(C)C(O)CC(O)CC(O)CC(O)CC(=O),(ohmal-ccmal-ccmal-ccmal)(ccmal)(ccmal)(ccmal-ohmal-ohmmal-ohmal-ohmal-ohmal)(mal-X)
56,AQT01394.1;AQT01393.1;AQT01382.1;AQT01384.1;AQT01395.1,0.3922713583297327,0.21192850083602238,0.5124999299922063,C=CC=CCC(O)C(C)C(O)CC(O)CC(O)CC(O)CC(O)C=CC=CC=CCC(=O)C=C,(ccmal)(ccmal-ohmal-ohmmal-ohmal-ohmal-ohmal)(ohmal-ccmal-ccmal-ccmal)(mal-X)(ccmal)
57,AQT01382.1;AQT01384.1;AQT01395.1;AQT01394.1;AQT01393.1,0.3890811286892595,0.23535889357635578,0.49156261876452856,CC(O)C=CC=CC=CCC(=O)C=CC=CC=CCC(O)C(C)C(O)CC(O)CC(O)CC(O),(ohmal-ccmal-ccmal-ccmal)(mal-X)(ccmal)(ccmal)(ccmal-ohmal-ohmmal-ohmal-ohmal-ohmal)
58,AQT01394.1;AQT01384.1;AQT01382.1;AQT01395.1;AQT01393.1,0.3877908168188559,0.2870906425746568,0.4549242663149886,C=CCC(=O)CC(O)C=CC=CC=CC=CC=CCC(O)C(C)C(O)CC(O)CC(O)CC(O),(ccmal)(mal-X)(ohmal-ccmal-ccmal-ccmal)(ccmal)(ccmal-ohmal-ohmmal-ohmal-ohmal-ohmal)
59,AQT01393.1;AQT01384.1;AQT01382.1;AQT01395.1;AQT01394.1,0.387335547763497,0.3001335527308367,0.44547021111860374,C=CCC(O)C(C)C(O)CC(O)CC(O)CC(O)CC(=O)CC(O)C=CC=CC=CC=CC=C,(ccmal-ohmal-ohmmal-ohmal-ohmal-ohmal)(mal-X)(ohmal-ccmal-ccmal-ccmal)(ccmal)(ccmal)
60,AQT01382.1;AQT01393.1;AQT01395.1;AQT01384.1;AQT01394.1,0.38681805029963234,0.28446742565287203,0.45505180006413926,CC(O)C=CC=CC=CC=CCC(O)C(C)C(O)CC(O)CC(O)CC(O)C=CCC(=O)C=C,(ohmal-ccmal-ccmal-ccmal)(ccmal-ohmal-ohmmal-ohmal-ohmal-ohmal)(ccmal)(mal-X)(ccmal)
61,AQT01395.1;AQT01382.1;AQT01393.1;AQT01384.1;AQT01394.1,0.38613850593705723,0.23235047514123536,0.4886638598009387,C=CCC(O)C=CC=CC=CC=CCC(O)C(C)C(O)CC(O)CC(O)CC(O)CC(=O)C=C,(ccmal)(ohmal-ccmal-ccmal-ccmal)(ccmal-ohmal-ohmmal-ohmal-ohmal-ohmal)(mal-X)(ccmal)
62,AQT01393.1;AQT01382.1;AQT01394.1;AQT01395.1;AQT01384.1,0.3857188630123821,0.34137682636962563,0.4152802207742199,C=CCC(O)C(C)C(O)CC(O)CC(O)CC(O)CC(O)C=CC=CC=CC=CC=CCC(=O),(ccmal-ohmal-ohmmal-ohmal-ohmal-ohmal)(ohmal-ccmal-ccmal-ccmal)(ccmal)(ccmal)(mal-X)
63,AQT01393.1;AQT01384.1;AQT01394.1;AQT01395.1;AQT01382.1,0.38259610809425093,0.23735047514123533,0.479426530062928,C=CCC(O)C(C)C(O)CC(O)CC(O)CC(O)CC(=O)C=CC=CCC(O)C=CC=CC=C,(ccmal-ohmal-ohmmal-ohmal-ohmal-ohmal)(mal-X)(ccmal)(ccmal)(ohmal-ccmal-ccmal-ccmal)
64,AQT01393.1;AQT01382.1;AQT01384.1;AQT01394.1;AQT01395.1,0.3801736976230276,0.251728332974104,0.46580394072231,C=CCC(O)C(C)C(O)CC(O)CC(O)CC(O)CC(O)C=CC=CC=CCC(=O)C=CC=C,(ccmal-ohmal-ohmmal-ohmal-ohmal-ohmal)(ohmal-ccmal-ccmal-ccmal)(mal-X)(ccmal)(ccmal)
65,AQT01394.1;AQT01382.1;AQT01395.1;AQT01384.1;AQT01393.1,0.3787378826397523,0.2955416600303231,0.4342020310460384,C=CCC(O)C=CC=CC=CC=CCC(=O)C=CCC(O)C(C)C(O)CC(O)CC(O)CC(O),(ccmal)(ohmal-ccmal-ccmal-ccmal)(ccmal)(mal-X)(ccmal-ohmal-ohmmal-ohmal-ohmal-ohmal)
66,AQT01395.1;AQT01393.1;AQT01384.1;AQT01382.1;AQT01394.1,0.37581731887481296,0.28068433332449994,0.43923930924168836,C=CC=CCC(O)C(C)C(O)CC(O)CC(O)CC(O)CC(=O)CC(O)C=CC=CC=CC=C,(ccmal)(ccmal-ohmal-ohmmal-ohmal-ohmal-ohmal)(mal-X)(ohmal-ccmal-ccmal-ccmal)(ccmal)
67,AQT01394.1;AQT01393.1;AQT01382.1;AQT01395.1;AQT01384.1,0.374746849991761,0.24517375018749582,0.46112891652793775,C=CC=CCC(O)C(C)C(O)CC(O)CC(O)CC(O)CC(O)C=CC=CC=CC=CCC(=O),(ccmal)(ccmal-ohmal-ohmmal-ohmal-ohmal-ohmal)(ohmal-ccmal-ccmal-ccmal)(ccmal)(mal-X)
68,AQT01384.1;AQT01394.1;AQT01382.1;AQT01393.1;AQT01395.1,0.36764218578835384,0.19429591995107456,0.4832063630132067,CC(=O)C=CCC(O)C=CC=CC=CC=CCC(O)C(C)C(O)CC(O)CC(O)CC(O)C=C,(mal-X)(ccmal)(ohmal-ccmal-ccmal-ccmal)(ccmal-ohmal-ohmmal-ohmal-ohmal-ohmal)(ccmal)
69,AQT01384.1;AQT01394.1;AQT01395.1;AQT01393.1;AQT01382.1,0.365163965960652,0.2007319954597462,0.4747852796279225,CC(=O)C=CC=CC=CCC(O)C(C)C(O)CC(O)CC(O)CC(O)CC(O)C=CC=CC=C,(mal-X)(ccmal)(ccmal)(ccmal-ohmal-ohmmal-ohmal-ohmal-ohmal)(ohmal-ccmal-ccmal-ccmal)
70,AQT01394.1;AQT01382.1;AQT01384.1;AQT01395.1;AQT01393.1,0.36188618801819855,0.20306414660236458,0.46776754896208783,C=CCC(O)C=CC=CC=CCC(=O)C=CC=CCC(O)C(C)C(O)CC(O)CC(O)CC(O),(ccmal)(ohmal-ccmal-ccmal-ccmal)(mal-X)(ccmal)(ccmal-ohmal-ohmmal-ohmal-ohmal-ohmal)
71,AQT01393.1;AQT01395.1;AQT01384.1;AQT01382.1;AQT01394.1,0.3614019485420581,0.3417405703668024,0.3745095339922286,C=CCC(O)C(C)C(O)CC(O)CC(O)CC(O)C=CCC(=O)CC(O)C=CC=CC=CC=C,(ccmal-ohmal-ohmmal-ohmal-ohmal-ohmal)(ccmal)(mal-X)(ohmal-ccmal-ccmal-ccmal)(ccmal)
72,AQT01382.1;AQT01394.1;AQT01393.1;AQT01384.1;AQT01395.1,0.3595356881517446,0.22390704976733627,0.44995478040801684,CC(O)C=CC=CC=CC=CC=CCC(O)C(C)C(O)CC(O)CC(O)CC(O)CC(=O)C=C,(ohmal-ccmal-ccmal-ccmal)(ccmal)(ccmal-ohmal-ohmmal-ohmal-ohmal-ohmal)(mal-X)(ccmal)
73,AQT01382.1;AQT01395.1;AQT01384.1;AQT01394.1;AQT01393.1,0.3587112697819609,0.24559041685416247,0.4341251717338265,CC(O)C=CC=CC=CC=CCC(=O)C=CC=CCC(O)C(C)C(O)CC(O)CC(O)CC(O),(ohmal-ccmal-ccmal-ccmal)(ccmal)(mal-X)(ccmal)(ccmal-ohmal-ohmmal-ohmal-ohmal-ohmal)
74,AQT01382.1;AQT01395.1;AQT01394.1;AQT01393.1;AQT01384.1,0.34931136499374515,0.1905175317969549,0.45517392045827204,CC(O)C=CC=CC=CC=CC=CC=CCC(O)C(C)C(O)CC(O)CC(O)CC(O)CC(=O),(ohmal-ccmal-ccmal-ccmal)(ccmal)(ccmal)(ccmal-ohmal-ohmmal-ohmal-ohmal-ohmal)(mal-X)
75,AQT01394.1;AQT01393.1;AQT01395.1;AQT01382.1;AQT01384.1,0.34834224661004304,0.1683927939871467,0.4683085483586405,C=CC=CCC(O)C(C)C(O)CC(O)CC(O)CC(O)C=CCC(O)C=CC=CC=CCC(=O),(ccmal)(ccmal-ohmal-ohmmal-ohmal-ohmal-ohmal)(ccmal)(ohmal-ccmal-ccmal-ccmal)(mal-X)
76,AQT01382.1;AQT01393.1;AQT01395.1;AQT01394.1;AQT01384.1,0.3451142042136813,0.22238790509406928,0.4269317369600892,CC(O)C=CC=CC=CC=CCC(O)C(C)C(O)CC(O)CC(O)CC(O)C=CC=CCC(=O),(ohmal-ccmal-ccmal-ccmal)(ccmal-ohmal-ohmmal-ohmal-ohmal-ohmal)(ccmal)(ccmal)(mal-X)
77,AQT01384.1;AQT01395.1;AQT01394.1;AQT01393.1;AQT01382.1,0.34450241631426276,0.16696843797624927,0.46285840187293836,CC(=O)C=CC=CC=CCC(O)C(C)C(O)CC(O)CC(O)CC(O)CC(O)C=CC=CC=C,(mal-X)(ccmal)(ccmal)(ccmal-ohmal-ohmmal-ohmal-ohmal-ohmal)(ohmal-ccmal-ccmal-ccmal)
78,AQT01395.1;AQT01394.1;AQT01382.1;AQT01384.1;AQT01393.1,0.3417606285779463,0.21549394795671628,0.4259384156587662,C=CC=CCC(O)C=CC=CC=CCC(=O)C=CCC(O)C(C)C(O)CC(O)CC(O)CC(O),(ccmal)(ccmal)(ohmal-ccmal-ccmal-ccmal)(mal-X)(ccmal-ohmal-ohmmal-ohmal-ohmal-ohmal)
79,AQT01384.1;AQT01395.1;AQT01382.1;AQT01394.1;AQT01393.1,0.34148269734010683,0.22256126123292727,0.42076365474489325,CC(=O)C=CCC(O)C=CC=CC=CC=CC=CCC(O)C(C)C(O)CC(O)CC(O)CC(O),(mal-X)(ccmal)(ohmal-ccmal-ccmal-ccmal)(ccmal)(ccmal-ohmal-ohmmal-ohmal-ohmal-ohmal)
80,AQT01395.1;AQT01382.1;AQT01384.1;AQT01394.1;AQT01393.1,0.3393983113779192,0.16844571665663663,0.4533667078587743,C=CCC(O)C=CC=CC=CCC(=O)C=CC=CCC(O)C(C)C(O)CC(O)CC(O)CC(O),(ccmal)(ohmal-ccmal-ccmal-ccmal)(mal-X)(ccmal)(ccmal-ohmal-ohmmal-ohmal-ohmal-ohmal)
81,AQT01394.1;AQT01382.1;AQT01384.1;AQT01393.1;AQT01395.1,0.3378592132407432,0.1924272992135596,0.43481382259219886,C=CCC(O)C=CC=CC=CCC(=O)C=CCC(O)C(C)C(O)CC(O)CC(O)CC(O)C=C,(ccmal)(ohmal-ccmal-ccmal-ccmal)(mal-X)(ccmal-ohmal-ohmmal-ohmal-ohmal-ohmal)(ccmal)
82,AQT01395.1;AQT01394.1;AQT01393.1;AQT01382.1;AQT01384.1,0.337769595929955,0.16512603811388898,0.45286530114066564,C=CC=CC=CCC(O)C(C)C(O)CC(O)CC(O)CC(O)CC(O)C=CC=CC=CCC(=O),(ccmal)(ccmal)(ccmal-ohmal-ohmmal-ohmal-ohmal-ohmal)(ohmal-ccmal-ccmal-ccmal)(mal-X)
83,AQT01395.1;AQT01384.1;AQT01394.1;AQT01393.1;AQT01382.1,0.33511784517210286,0.17948766072181346,0.4388713014722957,C=CCC(=O)C=CC=CCC(O)C(C)C(O)CC(O)CC(O)CC(O)CC(O)C=CC=CC=C,(ccmal)(mal-X)(ccmal)(ccmal-ohmal-ohmmal-ohmal-ohmal-ohmal)(ohmal-ccmal-ccmal-ccmal)
84,AQT01393.1;AQT01395.1;AQT01394.1;AQT01384.1;AQT01382.1,0.3243465368782271,0.22738790509406925,0.3889856247343324,C=CCC(O)C(C)C(O)CC(O)CC(O)CC(O)C=CC=CCC(=O)CC(O)C=CC=CC=C,(ccmal-ohmal-ohmmal-ohmal-ohmal-ohmal)(ccmal)(ccmal)(mal-X)(ohmal-ccmal-ccmal-ccmal)
85,AQT01382.1;AQT01394.1;AQT01393.1;AQT01395.1;AQT01384.1,0.32337776577230626,0.23212454943292055,0.38421324333189677,CC(O)C=CC=CC=CC=CC=CCC(O)C(C)C(O)CC(O)CC(O)CC(O)C=CCC(=O),(ohmal-ccmal-ccmal-ccmal)(ccmal)(ccmal-ohmal-ohmmal-ohmal-ohmal-ohmal)(ccmal)(mal-X)
86,AQT01395.1;AQT01382.1;AQT01394.1;AQT01393.1;AQT01384.1,0.32269822140973126,0.18000759892128387,0.4178253030686962,C=CCC(O)C=CC=CC=CC=CC=CCC(O)C(C)C(O)CC(O)CC(O)CC(O)CC(=O),(ccmal)(ohmal-ccmal-ccmal-ccmal)(ccmal)(ccmal-ohmal-ohmmal-ohmal-ohmal-ohmal)(mal-X)
87,AQT01394.1;AQT01382.1;AQT01395.1;AQT01393.1;AQT01384.1,0.3221164243226843,0.15822278482296367,0.4313788506558314,C=CCC(O)C=CC=CC=CC=CC=CCC(O)C(C)C(O)CC(O)CC(O)CC(O)CC(=O),(ccmal)(ohmal-ccmal-ccmal-ccmal)(ccmal)(ccmal-ohmal-ohmmal-ohmal-ohmal-ohmal)(mal-X)
88,AQT01382.1;AQT01384.1;AQT01394.1;AQT01393.1;AQT01395.1,0.31783260038295175,0.142476056037399,0.43473696327998695,CC(O)C=CC=CC=CCC(=O)C=CC=CCC(O)C(C)C(O)CC(O)CC(O)CC(O)C=C,(ohmal-ccmal-ccmal-ccmal)(mal-X)(ccmal)(ccmal-ohmal-ohmmal-ohmal-ohmal-ohmal)(ccmal)
89,AQT01393.1;AQT01384.1;AQT01395.1;AQT01394.1;AQT01382.1,0.31707532211903644,0.16838915880766622,0.41619943099328327,C=CCC(O)C(C)C(O)CC(O)CC(O)CC(O)CC(=O)C=CC=CCC(O)C=CC=CC=C,(ccmal-ohmal-ohmmal-ohmal-ohmal-ohmal)(mal-X)(ccmal)(ccmal)(ohmal-ccmal-ccmal-ccmal)
90,AQT01384.1;AQT01394.1;AQT01393.1;AQT01382.1;AQT01395.1,0.3039389575954895,0.13982461257246476,0.4133485209441726,CC(=O)C=CC=CCC(O)C(C)C(O)CC(O)CC(O)CC(O)CC(O)C=CC=CC=CC=C,(mal-X)(ccmal)(ccmal-ohmal-ohmmal-ohmal-ohmal-ohmal)(ohmal-ccmal-ccmal-ccmal)(ccmal)
91,AQT01382.1;AQT01384.1;AQT01393.1;AQT01395.1;AQT01394.1,0.29907253592507704,0.20026339337399274,0.36494529762579986,CC(O)C=CC=CC=CCC(=O)C=CCC(O)C(C)C(O)CC(O)CC(O)CC(O)C=CC=C,(ohmal-ccmal-ccmal-ccmal)(mal-X)(ccmal-ohmal-ohmmal-ohmal-ohmal-ohmal)(ccmal)(ccmal)
92,AQT01395.1;AQT01384.1;AQT01393.1;AQT01382.1;AQT01394.1,0.2988639957227811,0.26653441669867084,0.32041704840552127,C=CCC(=O)C=CCC(O)C(C)C(O)CC(O)CC(O)CC(O)CC(O)C=CC=CC=CC=C,(ccmal)(mal-X)(ccmal-ohmal-ohmmal-ohmal-ohmal-ohmal)(ohmal-ccmal-ccmal-ccmal)(ccmal)
93,AQT01393.1;AQT01382.1;AQT01384.1;AQT01395.1;AQT01394.1,0.29353052998991136,0.19350612267704903,0.3602134681984862,C=CCC(O)C(C)C(O)CC(O)CC(O)CC(O)CC(O)C=CC=CC=CCC(=O)C=CC=C,(ccmal-ohmal-ohmmal-ohmal-ohmal-ohmal)(ohmal-ccmal-ccmal-ccmal)(mal-X)(ccmal)(ccmal)
94,AQT01384.1;AQT01393.1;AQT01395.1;AQT01394.1;AQT01382.1,0.29009027122527326,0.1474672363537865,0.3851722944729311,CC(=O)C=CCC(O)C(C)C(O)CC(O)CC(O)CC(O)C=CC=CCC(O)C=CC=CC=C,(mal-X)(ccmal-ohmal-ohmmal-ohmal-ohmal-ohmal)(ccmal)(ccmal)(ohmal-ccmal-ccmal-ccmal)
95,AQT01394.1;AQT01384.1;AQT01393.1;AQT01382.1;AQT01395.1,0.28859223830928143,0.19485411481795334,0.3510843206368335,C=CCC(=O)C=CCC(O)C(C)C(O)CC(O)CC(O)CC(O)CC(O)C=CC=CC=CC=C,(ccmal)(mal-X)(ccmal-ohmal-ohmmal-ohmal-ohmal-ohmal)(ohmal-ccmal-ccmal-ccmal)(ccmal)
96,AQT01384.1;AQT01394.1;AQT01393.1;AQT01395.1;AQT01382.1,0.2877279540252462,0.10041900505370688,0.4126005866729391,CC(=O)C=CC=CCC(O)C(C)C(O)CC(O)CC(O)CC(O)C=CCC(O)C=CC=CC=C,(mal-X)(ccmal)(ccmal-ohmal-ohmmal-ohmal-ohmal-ohmal)(ccmal)(ohmal-ccmal-ccmal-ccmal)
97,AQT01382.1;AQT01395.1;AQT01394.1;AQT01384.1;AQT01393.1,0.28540200866880816,0.21828450755828674,0.33014700940915576,CC(O)C=CC=CC=CC=CC=CCC(=O)C=CCC(O)C(C)C(O)CC(O)CC(O)CC(O),(ohmal-ccmal-ccmal-ccmal)(ccmal)(ccmal)(mal-X)(ccmal-ohmal-ohmmal-ohmal-ohmal-ohmal)
98,AQT01384.1;AQT01393.1;AQT01382.1;AQT01395.1;AQT01394.1,0.28517889313761474,0.1976119499090585,0.3435568552899856,CC(=O)C=CCC(O)C(C)C(O)CC(O)CC(O)CC(O)CC(O)C=CC=CC=CC=CC=C,(mal-X)(ccmal-ohmal-ohmmal-ohmal-ohmal-ohmal)(ohmal-ccmal-ccmal-ccmal)(ccmal)(ccmal)
99,AQT01395.1;AQT01393.1;AQT01384.1;AQT01394.1;AQT01382.1,0.28248741950302614,0.09253669535728132,0.4091212356001894,C=CC=CCC(O)C(C)C(O)CC(O)CC(O)CC(O)CC(=O)C=CCC(O)C=CC=CC=C,(ccmal)(ccmal-ohmal-ohmmal-ohmal-ohmal-ohmal)(mal-X)(ccmal)(ohmal-ccmal-ccmal-ccmal)
100,AQT01394.1;AQT01384.1;AQT01395.1;AQT01393.1;AQT01382.1,0.2819341434992025,0.13975195007158603,0.3767222724509467,C=CCC(=O)C=CC=CCC(O)C(C)C(O)CC(O)CC(O)CC(O)CC(O)C=CC=CC=C,(ccmal)(mal-X)(ccmal)(ccmal-ohmal-ohmmal-ohmal-ohmal-ohmal)(ohmal-ccmal-ccmal-ccmal)
101,AQT01393.1;AQT01384.1;AQT01395.1;AQT01382.1;AQT01394.1,0.27845915546968764,0.20838768348444395,0.3251734701265168,C=CCC(O)C(C)C(O)CC(O)CC(O)CC(O)CC(=O)C=CCC(O)C=CC=CC=CC=C,(ccmal-ohmal-ohmmal-ohmal-ohmal-ohmal)(mal-X)(ccmal)(ohmal-ccmal-ccmal-ccmal)(ccmal)
102,AQT01393.1;AQT01384.1;AQT01394.1;AQT01382.1;AQT01395.1,0.2765118634002631,0.14124533340388168,0.3666895500645174,C=CCC(O)C(C)C(O)CC(O)CC(O)CC(O)CC(=O)C=CCC(O)C=CC=CC=CC=C,(ccmal-ohmal-ohmmal-ohmal-ohmal-ohmal)(mal-X)(ccmal)(ohmal-ccmal-ccmal-ccmal)(ccmal)
103,AQT01384.1;AQT01394.1;AQT01382.1;AQT01395.1;AQT01393.1,0.27355378728395535,0.13096025833880692,0.3686161399140543,CC(=O)C=CCC(O)C=CC=CC=CC=CC=CCC(O)C(C)C(O)CC(O)CC(O)CC(O),(mal-X)(ccmal)(ohmal-ccmal-ccmal-ccmal)(ccmal)(ccmal-ohmal-ohmmal-ohmal-ohmal-ohmal)
104,AQT01394.1;AQT01384.1;AQT01393.1;AQT01395.1;AQT01382.1,0.2723812347390382,0.15544850729919546,0.3503363863656,C=CCC(=O)C=CCC(O)C(C)C(O)CC(O)CC(O)CC(O)C=CCC(O)C=CC=CC=C,(ccmal)(mal-X)(ccmal-ohmal-ohmmal-ohmal-ohmal-ohmal)(ccmal)(ohmal-ccmal-ccmal-ccmal)
105,AQT01393.1;AQT01395.1;AQT01394.1;AQT01382.1;AQT01384.1,0.2707237999281234,0.13923130979165924,0.3583854600190995,C=CCC(O)C(C)C(O)CC(O)CC(O)CC(O)C=CC=CCC(O)C=CC=CC=CCC(=O),(ccmal-ohmal-ohmmal-ohmal-ohmal-ohmal)(ccmal)(ccmal)(ohmal-ccmal-ccmal-ccmal)(mal-X)
106,AQT01382.1;AQT01395.1;AQT01393.1;AQT01384.1;AQT01394.1,0.2704843964376913,0.14304515290973008,0.3554438921229988,CC(O)C=CC=CC=CC=CC=CCC(O)C(C)C(O)CC(O)CC(O)CC(O)CC(=O)C=C,(ohmal-ccmal-ccmal-ccmal)(ccmal)(ccmal-ohmal-ohmmal-ohmal-ohmal-ohmal)(mal-X)(ccmal)
107,AQT01393.1;AQT01395.1;AQT01384.1;AQT01394.1;AQT01382.1,0.2680720491702713,0.15359293239958371,0.34439146035072965,C=CCC(O)C(C)C(O)CC(O)CC(O)CC(O)C=CCC(=O)C=CCC(O)C=CC=CC=C,(ccmal-ohmal-ohmmal-ohmal-ohmal-ohmal)(ccmal)(mal-X)(ccmal)(ohmal-ccmal-ccmal-ccmal)
108,AQT01393.1;AQT01382.1;AQT01395.1;AQT01384.1;AQT01394.1,0.26316067108261276,0.20373764595485572,0.3027760211677841,C=CCC(O)C(C)C(O)CC(O)CC(O)CC(O)CC(O)C=CC=CC=CC=CCC(=O)C=C,(ccmal-ohmal-ohmmal-ohmal-ohmal-ohmal)(ohmal-ccmal-ccmal-ccmal)(ccmal)(mal-X)(ccmal)
109,AQT01395.1;AQT01394.1;AQT01384.1;AQT01393.1;AQT01382.1,0.2618085840589502,0.1521817514259377,0.3348931391476251,C=CC=CCC(=O)C=CCC(O)C(C)C(O)CC(O)CC(O)CC(O)CC(O)C=CC=CC=C,(ccmal)(ccmal)(mal-X)(ccmal-ohmal-ohmmal-ohmal-ohmal-ohmal)(ohmal-ccmal-ccmal-ccmal)
110,AQT01382.1;AQT01394.1;AQT01384.1;AQT01395.1;AQT01393.1,0.26125012886728216,0.19244176145218303,0.3071223738106815,CC(O)C=CC=CC=CC=CCC(=O)C=CC=CCC(O)C(C)C(O)CC(O)CC(O)CC(O),(ohmal-ccmal-ccmal-ccmal)(ccmal)(mal-X)(ccmal)(ccmal-ohmal-ohmmal-ohmal-ohmal-ohmal)
111,AQT01384.1;AQT01395.1;AQT01393.1;AQT01382.1;AQT01394.1,0.26102701333608874,0.1717692038029548,0.3205322196915113,CC(=O)C=CC=CCC(O)C(C)C(O)CC(O)CC(O)CC(O)CC(O)C=CC=CC=CC=C,(mal-X)(ccmal)(ccmal-ohmal-ohmmal-ohmal-ohmal-ohmal)(ohmal-ccmal-ccmal-ccmal)(ccmal)
112,AQT01395.1;AQT01393.1;AQT01382.1;AQT01384.1;AQT01394.1,0.25894262737390106,0.11765365922666415,0.3531352728053924,C=CC=CCC(O)C(C)C(O)CC(O)CC(O)CC(O)CC(O)C=CC=CC=CCC(=O)C=C,(ccmal)(ccmal-ohmal-ohmmal-ohmal-ohmal-ohmal)(ohmal-ccmal-ccmal-ccmal)(mal-X)(ccmal)
113,AQT01395.1;AQT01382.1;AQT01394.1;AQT01384.1;AQT01393.1,0.25878886508479426,0.2077745746826157,0.2927983920195799,C=CCC(O)C=CC=CC=CC=CCC(=O)C=CCC(O)C(C)C(O)CC(O)CC(O)CC(O),(ccmal)(ohmal-ccmal-ccmal-ccmal)(ccmal)(mal-X)(ccmal-ohmal-ohmmal-ohmal-ohmal-ohmal)
114,AQT01384.1;AQT01393.1;AQT01395.1;AQT01382.1;AQT01394.1,0.25147410457592445,0.18746576103056423,0.29414633360616466,CC(=O)C=CCC(O)C(C)C(O)CC(O)CC(O)CC(O)C=CCC(O)C=CC=CC=CC=C,(mal-X)(ccmal-ohmal-ohmmal-ohmal-ohmal-ohmal)(ccmal)(ohmal-ccmal-ccmal-ccmal)(ccmal)
115,AQT01382.1;AQT01394.1;AQT01384.1;AQT01393.1;AQT01395.1,0.23722315408982678,0.18180491406337806,0.2741686474407926,CC(O)C=CC=CC=CC=CCC(=O)C=CCC(O)C(C)C(O)CC(O)CC(O)CC(O)C=C,(ohmal-ccmal-ccmal-ccmal)(ccmal)(mal-X)(ccmal-ohmal-ohmmal-ohmal-ohmal-ohmal)(ccmal)
116,AQT01393.1;AQT01395.1;AQT01382.1;AQT01384.1;AQT01394.1,0.23675606770089477,0.12695668975450664,0.30995565299848693,C=CCC(O)C(C)C(O)CC(O)CC(O)CC(O)C=CCC(O)C=CC=CC=CCC(=O)C=C,(ccmal-ohmal-ohmmal-ohmal-ohmal-ohmal)(ccmal)(ohmal-ccmal-ccmal-ccmal)(mal-X)(ccmal)
117,AQT01393.1;AQT01382.1;AQT01394.1;AQT01384.1;AQT01395.1,0.2316811481546611,0.17504764336643436,0.2694368180134789,C=CCC(O)C(C)C(O)CC(O)CC(O)CC(O)CC(O)C=CC=CC=CC=CCC(=O)C=C,(ccmal-ohmal-ohmmal-ohmal-ohmal-ohmal)(ohmal-ccmal-ccmal-ccmal)(ccmal)(mal-X)(ccmal)
118,AQT01393.1;AQT01382.1;AQT01395.1;AQT01394.1;AQT01384.1,0.22145682499666164,0.14165812539605296,0.2746559580637341,C=CCC(O)C(C)C(O)CC(O)CC(O)CC(O)CC(O)C=CC=CC=CC=CC=CCC(=O),(ccmal-ohmal-ohmmal-ohmal-ohmal-ohmal)(ohmal-ccmal-ccmal-ccmal)(ccmal)(ccmal)(mal-X)
119,AQT01395.1;AQT01393.1;AQT01382.1;AQT01394.1;AQT01384.1,0.20993859610797766,0.1222089059897162,0.26842505618681867,C=CC=CCC(O)C(C)C(O)CC(O)CC(O)CC(O)CC(O)C=CC=CC=CC=CCC(=O),(ccmal)(ccmal-ohmal-ohmmal-ohmal-ohmal-ohmal)(ohmal-ccmal-ccmal-ccmal)(ccmal)(mal-X)
120,AQT01393.1;AQT01395.1;AQT01382.1;AQT01394.1;AQT01384.1,0.18775203643497135,0.1315119365175587,0.22524543637991318,C=CCC(O)C(C)C(O)CC(O)CC(O)CC(O)C=CCC(O)C=CC=CC=CC=CCC(=O),(ccmal-ohmal-ohmmal-ohmal-ohmal-ohmal)(ccmal)(ohmal-ccmal-ccmal-ccmal)(ccmal)(mal-X)
