PathwayID,Pathway,Score,Score2,Score3,ProductSMILES,Polymer
1,ARE67853.1;ARE67852.1;ARE67851.1,0.5432454142357244,0.51237842164665,0.5638234092951073,CC(=O)C(C)=CC=CC=CC(C)C(=O)C(C)CCC(=O),(mal-ccmmal-ccmal-ccmal)(mmal-redmmal)(mal)
2,ARE67851.1;ARE67853.1;ARE67852.1,0.5412542089009393,0.5314711686560463,0.547776235730868,CC(=O)CC(=O)C(C)=CC=CC=CC(C)C(=O)C(C)C,(mal)(mal-ccmmal-ccmal-ccmal)(mmal-redmmal)
3,ARE67852.1;ARE67851.1;ARE67853.1,0.5115903681100462,0.4422609663357604,0.5578099692929035,C(C)C(=O)C(C)CCC(=O)CC(=O)C(C)=CC=CC=C,(mmal-redmmal)(mal)(mal-ccmmal-ccmal-ccmal)
4,ARE67853.1;ARE67851.1;ARE67852.1,0.49531768416596345,0.46863613063413306,0.513105386520517,CC(=O)C(C)=CC=CC=CCC(=O)C(C)C(=O)C(C)C,(mal-ccmmal-ccmal-ccmal)(mal)(mmal-redmmal)
5,ARE67851.1;ARE67852.1;ARE67853.1,0.45557967750396133,0.4996949185501308,0.42616951680651494,CC(=O)C(C)C(=O)C(C)CCC(=O)C(C)=CC=CC=C,(mal)(mmal-redmmal)(mal-ccmmal-ccmal-ccmal)
6,ARE67852.1;ARE67853.1;ARE67851.1,0.42241744259652647,0.4106584500233581,0.4302567709786387,C(C)C(=O)C(C)CCC(=O)C(C)=CC=CC=CCC(=O),(mmal-redmmal)(mal-ccmmal-ccmal-ccmal)(mal)
