PathwayID,Pathway,Score,Score2,Score3,ProductSMILES,Polymer
1,lobA5;lobA4;lobA3;lobA1;lobA2,0.6516112291352966,0.6950269679212905,0.6226674032779672,C(C)=CC([*])C(-O)C(C)=CC([*])C(-O)C=CC=CC(C)=CC=CC(C)=CC(C)=CC([*])C(-O)CC(O),(ccmmal-pk-ccmmal-pk)(ccmal-ccmal-ccmmal-ccmal)(ccmmal)(ccmmal-pk)(ohmal)
2,lobA2;lobA5;lobA4;lobA3;lobA1,0.618537896891652,0.6740248137597458,0.5815466189795894,CC(O)C(C)=CC([*])C(-O)C(C)=CC([*])C(-O)C=CC=CC(C)=CC=CC(C)=CC(C)=CC([*])C(-O),(ohmal)(ccmmal-pk-ccmmal-pk)(ccmal-ccmal-ccmmal-ccmal)(ccmmal)(ccmmal-pk)
3,lobA3;lobA1;lobA2;lobA5;lobA4,0.5851853701377735,0.619283408777054,0.5624533443782532,C(C)=CC(C)=CC([*])C(-O)CC(O)C(C)=CC([*])C(-O)C(C)=CC([*])C(-O)C=CC=CC(C)=CC=C,(ccmmal)(ccmmal-pk)(ohmal)(ccmmal-pk-ccmmal-pk)(ccmal-ccmal-ccmmal-ccmal)
4,lobA5;lobA4;lobA2;lobA3;lobA1,0.5662822819921165,0.5581701923209885,0.5716903417728684,C(C)=CC([*])C(-O)C(C)=CC([*])C(-O)C=CC=CC(C)=CC=CCC(O)C(C)=CC(C)=CC([*])C(-O),(ccmmal-pk-ccmmal-pk)(ccmal-ccmal-ccmmal-ccmal)(ohmal)(ccmmal)(ccmmal-pk)
5,lobA1;lobA2;lobA5;lobA4;lobA3,0.5602805725607303,0.5798386786668802,0.5472418351566302,C(C)=CC([*])C(-O)CC(O)C(C)=CC([*])C(-O)C(C)=CC([*])C(-O)C=CC=CC(C)=CC=CC(C)=C,(ccmmal-pk)(ohmal)(ccmmal-pk-ccmmal-pk)(ccmal-ccmal-ccmmal-ccmal)(ccmmal)
6,lobA2;lobA3;lobA1;lobA5;lobA4,0.5555752689502055,0.5658469647190332,0.548727471770987,CC(O)C(C)=CC(C)=CC([*])C(-O)C(C)=CC([*])C(-O)C(C)=CC([*])C(-O)C=CC=CC(C)=CC=C,(ohmal)(ccmmal)(ccmmal-pk)(ccmmal-pk-ccmmal-pk)(ccmal-ccmal-ccmmal-ccmal)
7,lobA4;lobA3;lobA1;lobA2;lobA5,0.5521964512121231,0.5307462096083548,0.5664966122813022,C=CC=CC(C)=CC=CC(C)=CC(C)=CC([*])C(-O)CC(O)C(C)=CC([*])C(-O)C(C)=CC([*])C(-O),(ccmal-ccmal-ccmmal-ccmal)(ccmmal)(ccmmal-pk)(ohmal)(ccmmal-pk-ccmmal-pk)
8,lobA3;lobA1;lobA5;lobA4;lobA2,0.5466099762087323,0.5051566086590776,0.5742455545751687,C(C)=CC(C)=CC([*])C(-O)C(C)=CC([*])C(-O)C(C)=CC([*])C(-O)C=CC=CC(C)=CC=CCC(O),(ccmmal)(ccmmal-pk)(ccmmal-pk-ccmmal-pk)(ccmal-ccmal-ccmmal-ccmal)(ohmal)
9,lobA5;lobA2;lobA4;lobA3;lobA1,0.5316454104055055,0.5510132759949652,0.5187335000125323,C(C)=CC([*])C(-O)C(C)=CC([*])C(-O)CC(O)C=CC=CC(C)=CC=CC(C)=CC(C)=CC([*])C(-O),(ccmmal-pk-ccmmal-pk)(ohmal)(ccmal-ccmal-ccmmal-ccmal)(ccmmal)(ccmmal-pk)
10,lobA2;lobA4;lobA3;lobA1;lobA5,0.5299625484023188,0.5337154516813949,0.5274606128829349,CC(O)C=CC=CC(C)=CC=CC(C)=CC(C)=CC([*])C(-O)C(C)=CC([*])C(-O)C(C)=CC([*])C(-O),(ohmal)(ccmal-ccmal-ccmmal-ccmal)(ccmmal)(ccmmal-pk)(ccmmal-pk-ccmmal-pk)
11,lobA5;lobA1;lobA2;lobA4;lobA3,0.5229927592268389,0.5045981469374569,0.5352558340864269,C(C)=CC([*])C(-O)C(C)=CC([*])C(-O)C(C)=CC([*])C(-O)CC(O)C=CC=CC(C)=CC=CC(C)=C,(ccmmal-pk-ccmmal-pk)(ccmmal-pk)(ohmal)(ccmal-ccmal-ccmmal-ccmal)(ccmmal)
12,lobA3;lobA1;lobA2;lobA4;lobA5,0.5145474959423171,0.5336351143342235,0.5018224170143796,C(C)=CC(C)=CC([*])C(-O)CC(O)C=CC=CC(C)=CC=CC(C)=CC([*])C(-O)C(C)=CC([*])C(-O),(ccmmal)(ccmmal-pk)(ohmal)(ccmal-ccmal-ccmmal-ccmal)(ccmmal-pk-ccmmal-pk)
13,lobA2;lobA1;lobA5;lobA4;lobA3,0.5137947602998876,0.5648249493417851,0.4797746342719558,CC(O)C(C)=CC([*])C(-O)C(C)=CC([*])C(-O)C(C)=CC([*])C(-O)C=CC=CC(C)=CC=CC(C)=C,(ohmal)(ccmmal-pk)(ccmmal-pk-ccmmal-pk)(ccmal-ccmal-ccmmal-ccmal)(ccmmal)
14,lobA5;lobA4;lobA3;lobA2;lobA1,0.505213763133949,0.5387140771245817,0.48288022047352713,C(C)=CC([*])C(-O)C(C)=CC([*])C(-O)C=CC=CC(C)=CC=CC(C)=CCC(O)C(C)=CC([*])C(-O),(ccmmal-pk-ccmmal-pk)(ccmal-ccmal-ccmmal-ccmal)(ccmmal)(ohmal)(ccmmal-pk)
15,lobA4;lobA3;lobA1;lobA5;lobA2,0.5045969062443576,0.44159400620199346,0.5465988396059338,C=CC=CC(C)=CC=CC(C)=CC(C)=CC([*])C(-O)C(C)=CC([*])C(-O)C(C)=CC([*])C(-O)CC(O),(ccmal-ccmal-ccmmal-ccmal)(ccmmal)(ccmmal-pk)(ccmmal-pk-ccmmal-pk)(ohmal)
16,lobA5;lobA3;lobA1;lobA2;lobA4,0.5029538045282783,0.49206001922381154,0.5102163280645895,C(C)=CC([*])C(-O)C(C)=CC([*])C(-O)C(C)=CC(C)=CC([*])C(-O)CC(O)C=CC=CC(C)=CC=C,(ccmmal-pk-ccmmal-pk)(ccmmal)(ccmmal-pk)(ohmal)(ccmal-ccmal-ccmmal-ccmal)
17,lobA1;lobA5;lobA4;lobA3;lobA2,0.5024171684238394,0.4472777787297452,0.5391767615532356,C(C)=CC([*])C(-O)C(C)=CC([*])C(-O)C(C)=CC([*])C(-O)C=CC=CC(C)=CC=CC(C)=CCC(O),(ccmmal-pk)(ccmmal-pk-ccmmal-pk)(ccmal-ccmal-ccmmal-ccmal)(ccmmal)(ohmal)
18,lobA5;lobA4;lobA2;lobA1;lobA3,0.5008915958650013,0.528661789366537,0.4823781335306442,C(C)=CC([*])C(-O)C(C)=CC([*])C(-O)C=CC=CC(C)=CC=CCC(O)C(C)=CC([*])C(-O)C(C)=C,(ccmmal-pk-ccmmal-pk)(ccmal-ccmal-ccmmal-ccmal)(ohmal)(ccmmal-pk)(ccmmal)
19,lobA4;lobA5;lobA3;lobA1;lobA2,0.4938427746610071,0.4373018170663603,0.5315367463907718,C=CC=CC(C)=CC=CC(C)=CC([*])C(-O)C(C)=CC([*])C(-O)C(C)=CC(C)=CC([*])C(-O)CC(O),(ccmal-ccmal-ccmmal-ccmal)(ccmmal-pk-ccmmal-pk)(ccmmal)(ccmmal-pk)(ohmal)
20,lobA1;lobA3;lobA2;lobA5;lobA4,0.4869115283106962,0.4615153279317352,0.5038423285633368,C(C)=CC([*])C(-O)C(C)=CCC(O)C(C)=CC([*])C(-O)C(C)=CC([*])C(-O)C=CC=CC(C)=CC=C,(ccmmal-pk)(ccmmal)(ohmal)(ccmmal-pk-ccmmal-pk)(ccmal-ccmal-ccmmal-ccmal)
21,lobA1;lobA3;lobA5;lobA4;lobA2,0.48405379271204524,0.4361765784371938,0.5159719355619462,C(C)=CC([*])C(-O)C(C)=CC(C)=CC([*])C(-O)C(C)=CC([*])C(-O)C=CC=CC(C)=CC=CCC(O),(ccmmal-pk)(ccmmal)(ccmmal-pk-ccmmal-pk)(ccmal-ccmal-ccmmal-ccmal)(ohmal)
22,lobA1;lobA2;lobA3;lobA5;lobA4,0.4832767361764372,0.47061191709166117,0.49171994889962134,C(C)=CC([*])C(-O)CC(O)C(C)=CC(C)=CC([*])C(-O)C(C)=CC([*])C(-O)C=CC=CC(C)=CC=C,(ccmmal-pk)(ohmal)(ccmmal)(ccmmal-pk-ccmmal-pk)(ccmal-ccmal-ccmmal-ccmal)
23,lobA4;lobA3;lobA5;lobA1;lobA2,0.48190304662284444,0.3941299646099786,0.5404184346314218,C=CC=CC(C)=CC=CC(C)=CC(C)=CC([*])C(-O)C(C)=CC([*])C(-O)C(C)=CC([*])C(-O)CC(O),(ccmal-ccmal-ccmmal-ccmal)(ccmmal)(ccmmal-pk-ccmmal-pk)(ccmmal-pk)(ohmal)
24,lobA2;lobA4;lobA5;lobA3;lobA1,0.47971340921485656,0.4829949959185938,0.47752568474569845,CC(O)C=CC=CC(C)=CC=CC(C)=CC([*])C(-O)C(C)=CC([*])C(-O)C(C)=CC(C)=CC([*])C(-O),(ohmal)(ccmal-ccmal-ccmmal-ccmal)(ccmmal-pk-ccmmal-pk)(ccmmal)(ccmmal-pk)
25,lobA2;lobA1;lobA3;lobA5;lobA4,0.4761433743802438,0.535289649230075,0.43671252448035636,CC(O)C(C)=CC([*])C(-O)C(C)=CC(C)=CC([*])C(-O)C(C)=CC([*])C(-O)C=CC=CC(C)=CC=C,(ohmal)(ccmmal-pk)(ccmmal)(ccmmal-pk-ccmmal-pk)(ccmal-ccmal-ccmmal-ccmal)
26,lobA2;lobA4;lobA5;lobA1;lobA3,0.47614218643662,0.46704673605503566,0.482205820024343,CC(O)C=CC=CC(C)=CC=CC(C)=CC([*])C(-O)C(C)=CC([*])C(-O)C(C)=CC([*])C(-O)C(C)=C,(ohmal)(ccmal-ccmal-ccmmal-ccmal)(ccmmal-pk-ccmmal-pk)(ccmmal-pk)(ccmmal)
27,lobA2;lobA4;lobA3;lobA5;lobA1,0.46777368117669393,0.4398231434622122,0.48640737298634845,CC(O)C=CC=CC(C)=CC=CC(C)=CC(C)=CC([*])C(-O)C(C)=CC([*])C(-O)C(C)=CC([*])C(-O),(ohmal)(ccmal-ccmal-ccmmal-ccmal)(ccmmal)(ccmmal-pk-ccmmal-pk)(ccmmal-pk)
28,lobA4;lobA5;lobA2;lobA3;lobA1,0.46767628996044164,0.4308011615759948,0.4922597088834062,C=CC=CC(C)=CC=CC(C)=CC([*])C(-O)C(C)=CC([*])C(-O)CC(O)C(C)=CC(C)=CC([*])C(-O),(ccmal-ccmal-ccmmal-ccmal)(ccmmal-pk-ccmmal-pk)(ohmal)(ccmmal)(ccmmal-pk)
29,lobA1;lobA5;lobA4;lobA2;lobA3,0.4668470880538963,0.4002579662873848,0.5112398358982373,C(C)=CC([*])C(-O)C(C)=CC([*])C(-O)C(C)=CC([*])C(-O)C=CC=CC(C)=CC=CCC(O)C(C)=C,(ccmmal-pk)(ccmmal-pk-ccmmal-pk)(ccmal-ccmal-ccmmal-ccmal)(ohmal)(ccmmal)
30,lobA2;lobA3;lobA1;lobA4;lobA5,0.46260860018858296,0.43907984499641406,0.47829443698336216,CC(O)C(C)=CC(C)=CC([*])C(-O)C=CC=CC(C)=CC=CC(C)=CC([*])C(-O)C(C)=CC([*])C(-O),(ohmal)(ccmmal)(ccmmal-pk)(ccmal-ccmal-ccmmal-ccmal)(ccmmal-pk-ccmmal-pk)
31,lobA5;lobA4;lobA1;lobA2;lobA3,0.4602045601291606,0.4568394236463619,0.4624479844510265,C(C)=CC([*])C(-O)C(C)=CC([*])C(-O)C=CC=CC(C)=CC=CC(C)=CC([*])C(-O)CC(O)C(C)=C,(ccmmal-pk-ccmmal-pk)(ccmal-ccmal-ccmmal-ccmal)(ccmmal-pk)(ohmal)(ccmmal)
32,lobA2;lobA5;lobA1;lobA4;lobA3,0.45948609505337434,0.39975323071693003,0.49930800461100383,CC(O)C(C)=CC([*])C(-O)C(C)=CC([*])C(-O)C(C)=CC([*])C(-O)C=CC=CC(C)=CC=CC(C)=C,(ohmal)(ccmmal-pk-ccmmal-pk)(ccmmal-pk)(ccmal-ccmal-ccmmal-ccmal)(ccmmal)
33,lobA4;lobA5;lobA1;lobA2;lobA3,0.4590236387817751,0.38438603251848646,0.5087820429573008,C=CC=CC(C)=CC=CC(C)=CC([*])C(-O)C(C)=CC([*])C(-O)C(C)=CC([*])C(-O)CC(O)C(C)=C,(ccmal-ccmal-ccmmal-ccmal)(ccmmal-pk-ccmmal-pk)(ccmmal-pk)(ohmal)(ccmmal)
34,lobA4;lobA2;lobA3;lobA1;lobA5,0.4587629667052893,0.35116549722885937,0.5304946130229092,C=CC=CC(C)=CC=CCC(O)C(C)=CC(C)=CC([*])C(-O)C(C)=CC([*])C(-O)C(C)=CC([*])C(-O),(ccmal-ccmal-ccmmal-ccmal)(ohmal)(ccmmal)(ccmmal-pk)(ccmmal-pk-ccmmal-pk)
35,lobA2;lobA5;lobA4;lobA1;lobA3,0.45837914098651156,0.4728047941691327,0.44876203886476407,CC(O)C(C)=CC([*])C(-O)C(C)=CC([*])C(-O)C=CC=CC(C)=CC=CC(C)=CC([*])C(-O)C(C)=C,(ohmal)(ccmmal-pk-ccmmal-pk)(ccmal-ccmal-ccmmal-ccmal)(ccmmal-pk)(ccmmal)
36,lobA1;lobA2;lobA4;lobA3;lobA5,0.4576640156285505,0.4384804040540227,0.47045309001156915,C(C)=CC([*])C(-O)CC(O)C=CC=CC(C)=CC=CC(C)=CC(C)=CC([*])C(-O)C(C)=CC([*])C(-O),(ccmmal-pk)(ohmal)(ccmal-ccmal-ccmmal-ccmal)(ccmmal)(ccmmal-pk-ccmmal-pk)
37,lobA3;lobA1;lobA5;lobA2;lobA4,0.45711501404432864,0.4325457800715352,0.47349450335952425,C(C)=CC(C)=CC([*])C(-O)C(C)=CC([*])C(-O)C(C)=CC([*])C(-O)CC(O)C=CC=CC(C)=CC=C,(ccmmal)(ccmmal-pk)(ccmmal-pk-ccmmal-pk)(ohmal)(ccmal-ccmal-ccmmal-ccmal)
38,lobA4;lobA3;lobA2;lobA5;lobA1,0.45428992565610793,0.34806585076573715,0.5251059755830219,C=CC=CC(C)=CC=CC(C)=CCC(O)C(C)=CC([*])C(-O)C(C)=CC([*])C(-O)C(C)=CC([*])C(-O),(ccmal-ccmal-ccmmal-ccmal)(ccmmal)(ohmal)(ccmmal-pk-ccmmal-pk)(ccmmal-pk)
39,lobA4;lobA2;lobA5;lobA3;lobA1,0.45353898116539676,0.35396182287125044,0.5199237533614943,C=CC=CC(C)=CC=CCC(O)C(C)=CC([*])C(-O)C(C)=CC([*])C(-O)C(C)=CC(C)=CC([*])C(-O),(ccmal-ccmal-ccmmal-ccmal)(ohmal)(ccmmal-pk-ccmmal-pk)(ccmmal)(ccmmal-pk)
40,lobA4;lobA2;lobA5;lobA1;lobA3,0.4499677583871603,0.33801356300769225,0.524603888640139,C=CC=CC(C)=CC=CCC(O)C(C)=CC([*])C(-O)C(C)=CC([*])C(-O)C(C)=CC([*])C(-O)C(C)=C,(ccmal-ccmal-ccmmal-ccmal)(ohmal)(ccmmal-pk-ccmmal-pk)(ccmmal-pk)(ccmmal)
41,lobA5;lobA1;lobA3;lobA2;lobA4,0.44962371497680476,0.38627479620231187,0.49185632749313346,C(C)=CC([*])C(-O)C(C)=CC([*])C(-O)C(C)=CC([*])C(-O)C(C)=CCC(O)C=CC=CC(C)=CC=C,(ccmmal-pk-ccmmal-pk)(ccmmal-pk)(ccmmal)(ohmal)(ccmal-ccmal-ccmmal-ccmal)
42,lobA5;lobA2;lobA3;lobA1;lobA4,0.4463539878978928,0.401716601674464,0.4761122453801787,C(C)=CC([*])C(-O)C(C)=CC([*])C(-O)CC(O)C(C)=CC(C)=CC([*])C(-O)C=CC=CC(C)=CC=C,(ccmmal-pk-ccmmal-pk)(ohmal)(ccmmal)(ccmmal-pk)(ccmal-ccmal-ccmmal-ccmal)
43,lobA3;lobA1;lobA4;lobA5;lobA2,0.4446191564083854,0.4033640856480735,0.47212253691525996,C(C)=CC(C)=CC([*])C(-O)C=CC=CC(C)=CC=CC(C)=CC([*])C(-O)C(C)=CC([*])C(-O)CC(O),(ccmmal)(ccmmal-pk)(ccmal-ccmal-ccmmal-ccmal)(ccmmal-pk-ccmmal-pk)(ohmal)
44,lobA5;lobA1;lobA3;lobA4;lobA2,0.4445969719574776,0.2872529811049905,0.5494929658591358,C(C)=CC([*])C(-O)C(C)=CC([*])C(-O)C(C)=CC([*])C(-O)C(C)=CC=CC=CC(C)=CC=CCC(O),(ccmmal-pk-ccmmal-pk)(ccmmal-pk)(ccmmal)(ccmal-ccmal-ccmmal-ccmal)(ohmal)
45,lobA5;lobA1;lobA2;lobA3;lobA4,0.4438199154218696,0.3216883197594577,0.5252409791968109,C(C)=CC([*])C(-O)C(C)=CC([*])C(-O)C(C)=CC([*])C(-O)CC(O)C(C)=CC=CC=CC(C)=CC=C,(ccmmal-pk-ccmmal-pk)(ccmmal-pk)(ohmal)(ccmmal)(ccmal-ccmal-ccmmal-ccmal)
46,lobA3;lobA1;lobA4;lobA2;lobA5,0.4438103705168869,0.36645235808013155,0.495382378808057,C(C)=CC(C)=CC([*])C(-O)C=CC=CC(C)=CC=CCC(O)C(C)=CC([*])C(-O)C(C)=CC([*])C(-O),(ccmmal)(ccmmal-pk)(ccmal-ccmal-ccmmal-ccmal)(ohmal)(ccmmal-pk-ccmmal-pk)
47,lobA5;lobA1;lobA4;lobA3;lobA2,0.44280056052378197,0.33091842172053326,0.5173886530592812,C(C)=CC([*])C(-O)C(C)=CC([*])C(-O)C(C)=CC([*])C(-O)C=CC=CC(C)=CC=CC(C)=CCC(O),(ccmmal-pk-ccmmal-pk)(ccmmal-pk)(ccmal-ccmal-ccmmal-ccmal)(ccmmal)(ohmal)
48,lobA3;lobA4;lobA5;lobA1;lobA2,0.4420850839323621,0.32333580373306725,0.521251270731892,C(C)=CC=CC=CC(C)=CC=CC(C)=CC([*])C(-O)C(C)=CC([*])C(-O)C(C)=CC([*])C(-O)CC(O),(ccmmal)(ccmal-ccmal-ccmmal-ccmal)(ccmmal-pk-ccmmal-pk)(ccmmal-pk)(ohmal)
49,lobA5;lobA3;lobA1;lobA4;lobA2,0.44204961603307086,0.3368143938260466,0.5122064308377537,C(C)=CC([*])C(-O)C(C)=CC([*])C(-O)C(C)=CC(C)=CC([*])C(-O)C=CC=CC(C)=CC=CCC(O),(ccmmal-pk-ccmmal-pk)(ccmmal)(ccmmal-pk)(ccmal-ccmal-ccmmal-ccmal)(ohmal)
50,lobA2;lobA5;lobA1;lobA3;lobA4,0.4419944962792205,0.3376536902822286,0.5115550336105484,CC(O)C(C)=CC([*])C(-O)C(C)=CC([*])C(-O)C(C)=CC([*])C(-O)C(C)=CC=CC=CC(C)=CC=C,(ohmal)(ccmmal-pk-ccmmal-pk)(ccmmal-pk)(ccmmal)(ccmal-ccmal-ccmmal-ccmal)
51,lobA5;lobA4;lobA1;lobA3;lobA2,0.44169360645691913,0.40396998517273597,0.46684268731304135,C(C)=CC([*])C(-O)C(C)=CC([*])C(-O)C=CC=CC(C)=CC=CC(C)=CC([*])C(-O)C(C)=CCC(O),(ccmmal-pk-ccmmal-pk)(ccmal-ccmal-ccmmal-ccmal)(ccmmal-pk)(ccmmal)(ohmal)
52,lobA4;lobA5;lobA1;lobA3;lobA2,0.4405126851095336,0.33151659404486056,0.5131767458193157,C=CC=CC(C)=CC=CC(C)=CC([*])C(-O)C(C)=CC([*])C(-O)C(C)=CC([*])C(-O)C(C)=CCC(O),(ccmal-ccmal-ccmmal-ccmal)(ccmmal-pk-ccmmal-pk)(ccmmal-pk)(ccmmal)(ohmal)
53,lobA2;lobA5;lobA3;lobA1;lobA4,0.4394471403548137,0.3872151030032847,0.4742684985891664,CC(O)C(C)=CC([*])C(-O)C(C)=CC([*])C(-O)C(C)=CC(C)=CC([*])C(-O)C=CC=CC(C)=CC=C,(ohmal)(ccmmal-pk-ccmmal-pk)(ccmmal)(ccmmal-pk)(ccmal-ccmal-ccmmal-ccmal)
54,lobA3;lobA5;lobA4;lobA2;lobA1,0.4359301685377751,0.4376317684858039,0.4347957685724226,C(C)=CC(C)=CC([*])C(-O)C(C)=CC([*])C(-O)C=CC=CC(C)=CC=CCC(O)C(C)=CC([*])C(-O),(ccmmal)(ccmmal-pk-ccmmal-pk)(ccmal-ccmal-ccmmal-ccmal)(ohmal)(ccmmal-pk)
55,lobA3;lobA5;lobA1;lobA2;lobA4,0.43442115442281554,0.3850817384795203,0.46731409838501237,C(C)=CC(C)=CC([*])C(-O)C(C)=CC([*])C(-O)C(C)=CC([*])C(-O)CC(O)C=CC=CC(C)=CC=C,(ccmmal)(ccmmal-pk-ccmmal-pk)(ccmmal-pk)(ohmal)(ccmal-ccmal-ccmmal-ccmal)
56,lobA1;lobA5;lobA2;lobA4;lobA3,0.4322102164672853,0.3931010499613614,0.45828299413790125,C(C)=CC([*])C(-O)C(C)=CC([*])C(-O)C(C)=CC([*])C(-O)CC(O)C=CC=CC(C)=CC=CC(C)=C,(ccmmal-pk)(ccmmal-pk-ccmmal-pk)(ohmal)(ccmal-ccmal-ccmmal-ccmal)(ccmmal)
57,lobA3;lobA2;lobA1;lobA5;lobA4,0.4306833667727722,0.42024658120115177,0.43764122382051907,C(C)=CCC(O)C(C)=CC([*])C(-O)C(C)=CC([*])C(-O)C(C)=CC([*])C(-O)C=CC=CC(C)=CC=C,(ccmmal)(ohmal)(ccmmal-pk)(ccmmal-pk-ccmmal-pk)(ccmal-ccmal-ccmmal-ccmal)
58,lobA3;lobA5;lobA4;lobA1;lobA2,0.4264910459029299,0.4027769274499444,0.44230045820492025,C(C)=CC(C)=CC([*])C(-O)C(C)=CC([*])C(-O)C=CC=CC(C)=CC=CC(C)=CC([*])C(-O)CC(O),(ccmmal)(ccmmal-pk-ccmmal-pk)(ccmal-ccmal-ccmmal-ccmal)(ccmmal-pk)(ohmal)
59,lobA1;lobA2;lobA4;lobA5;lobA3,0.4214560848839348,0.38880886082572824,0.44322090092273925,C(C)=CC([*])C(-O)CC(O)C=CC=CC(C)=CC=CC(C)=CC([*])C(-O)C(C)=CC([*])C(-O)C(C)=C,(ccmmal-pk)(ohmal)(ccmal-ccmal-ccmmal-ccmal)(ccmmal-pk-ccmmal-pk)(ccmmal)
60,lobA2;lobA3;lobA4;lobA5;lobA1,0.4205795201084479,0.3126232964542399,0.4925503358779198,CC(O)C(C)=CC=CC=CC(C)=CC=CC(C)=CC([*])C(-O)C(C)=CC([*])C(-O)C(C)=CC([*])C(-O),(ohmal)(ccmmal)(ccmal-ccmal-ccmmal-ccmal)(ccmmal-pk-ccmmal-pk)(ccmmal-pk)
61,lobA3;lobA2;lobA4;lobA5;lobA1,0.4166409703863019,0.3509547554916058,0.46043178031609916,C(C)=CCC(O)C=CC=CC(C)=CC=CC(C)=CC([*])C(-O)C(C)=CC([*])C(-O)C(C)=CC([*])C(-O),(ccmmal)(ohmal)(ccmal-ccmal-ccmmal-ccmal)(ccmmal-pk-ccmmal-pk)(ccmmal-pk)
62,lobA1;lobA3;lobA2;lobA4;lobA5,0.4162736541152397,0.3758670334889047,0.443211401199463,C(C)=CC([*])C(-O)C(C)=CCC(O)C=CC=CC(C)=CC=CC(C)=CC([*])C(-O)C(C)=CC([*])C(-O),(ccmmal-pk)(ccmmal)(ohmal)(ccmal-ccmal-ccmmal-ccmal)(ccmmal-pk-ccmmal-pk)
63,lobA1;lobA2;lobA3;lobA4;lobA5,0.4104698545603045,0.31128055704605057,0.47659605290314044,C(C)=CC([*])C(-O)CC(O)C(C)=CC=CC=CC(C)=CC=CC(C)=CC([*])C(-O)C(C)=CC([*])C(-O),(ccmmal-pk)(ohmal)(ccmmal)(ccmal-ccmal-ccmmal-ccmal)(ccmmal-pk-ccmmal-pk)
64,lobA5;lobA1;lobA4;lobA2;lobA3,0.40723048015383884,0.28389860927817284,0.48945172740428283,C(C)=CC([*])C(-O)C(C)=CC([*])C(-O)C(C)=CC([*])C(-O)C=CC=CC(C)=CC=CCC(O)C(C)=C,(ccmmal-pk-ccmmal-pk)(ccmmal-pk)(ccmal-ccmal-ccmmal-ccmal)(ohmal)(ccmmal)
65,lobA2;lobA3;lobA5;lobA4;lobA1,0.40498548207901564,0.39206442017111715,0.4135995233509481,CC(O)C(C)=CC(C)=CC([*])C(-O)C(C)=CC([*])C(-O)C=CC=CC(C)=CC=CC(C)=CC([*])C(-O),(ohmal)(ccmmal)(ccmmal-pk-ccmmal-pk)(ccmal-ccmal-ccmmal-ccmal)(ccmmal-pk)
66,lobA5;lobA2;lobA1;lobA4;lobA3,0.40457347924757486,0.4006945862972158,0.4071594078811476,C(C)=CC([*])C(-O)C(C)=CC([*])C(-O)CC(O)C(C)=CC([*])C(-O)C=CC=CC(C)=CC=CC(C)=C,(ccmmal-pk-ccmmal-pk)(ohmal)(ccmmal-pk)(ccmal-ccmal-ccmmal-ccmal)(ccmmal)
67,lobA2;lobA1;lobA3;lobA4;lobA5,0.4033364927641111,0.3759582891844645,0.42158862848387546,CC(O)C(C)=CC([*])C(-O)C(C)=CC=CC=CC(C)=CC=CC(C)=CC([*])C(-O)C(C)=CC([*])C(-O),(ohmal)(ccmmal-pk)(ccmmal)(ccmal-ccmal-ccmmal-ccmal)(ccmmal-pk-ccmmal-pk)
68,lobA4;lobA5;lobA2;lobA1;lobA3,0.40228560383332646,0.40129275862154323,0.4029475006411821,C=CC=CC(C)=CC=CC(C)=CC([*])C(-O)C(C)=CC([*])C(-O)CC(O)C(C)=CC([*])C(-O)C(C)=C,(ccmal-ccmal-ccmmal-ccmal)(ccmmal-pk-ccmmal-pk)(ohmal)(ccmmal-pk)(ccmmal)
69,lobA1;lobA3;lobA4;lobA5;lobA2,0.4022227600571882,0.3018198151031983,0.4691580566931815,C(C)=CC([*])C(-O)C(C)=CC=CC=CC(C)=CC=CC(C)=CC([*])C(-O)C(C)=CC([*])C(-O)CC(O),(ccmmal-pk)(ccmmal)(ccmal-ccmal-ccmmal-ccmal)(ccmmal-pk-ccmmal-pk)(ohmal)
70,lobA3;lobA4;lobA2;lobA5;lobA1,0.4017812904367518,0.23999580953795746,0.5096382777026147,C(C)=CC=CC=CC(C)=CC=CCC(O)C(C)=CC([*])C(-O)C(C)=CC([*])C(-O)C(C)=CC([*])C(-O),(ccmmal)(ccmal-ccmal-ccmmal-ccmal)(ohmal)(ccmmal-pk-ccmmal-pk)(ccmmal-pk)
71,lobA1;lobA3;lobA4;lobA2;lobA5,0.4014139741656897,0.26490808753525635,0.4924178985859786,C(C)=CC([*])C(-O)C(C)=CC=CC=CC(C)=CC=CCC(O)C(C)=CC([*])C(-O)C(C)=CC([*])C(-O),(ccmmal-pk)(ccmmal)(ccmal-ccmal-ccmmal-ccmal)(ohmal)(ccmmal-pk-ccmmal-pk)
72,lobA1;lobA4;lobA3;lobA2;lobA5,0.39961756273199406,0.30857352815079914,0.46031358578612397,C(C)=CC([*])C(-O)C=CC=CC(C)=CC=CC(C)=CCC(O)C(C)=CC([*])C(-O)C(C)=CC([*])C(-O),(ccmmal-pk)(ccmal-ccmal-ccmmal-ccmal)(ccmmal)(ohmal)(ccmmal-pk-ccmmal-pk)
73,lobA3;lobA2;lobA5;lobA4;lobA1,0.39887792493619334,0.3567128136057029,0.4269879991565203,C(C)=CCC(O)C(C)=CC([*])C(-O)C(C)=CC([*])C(-O)C=CC=CC(C)=CC=CC(C)=CC([*])C(-O),(ccmmal)(ohmal)(ccmmal-pk-ccmmal-pk)(ccmal-ccmal-ccmmal-ccmal)(ccmmal-pk)
74,lobA4;lobA3;lobA2;lobA1;lobA5,0.3976944478471218,0.3317093820324526,0.44168449172356805,C=CC=CC(C)=CC=CC(C)=CCC(O)C(C)=CC([*])C(-O)C(C)=CC([*])C(-O)C(C)=CC([*])C(-O),(ccmal-ccmal-ccmmal-ccmal)(ccmmal)(ohmal)(ccmmal-pk)(ccmmal-pk-ccmmal-pk)
75,lobA4;lobA2;lobA3;lobA5;lobA1,0.3965740994796644,0.25727318900967666,0.4894413731263229,C=CC=CC(C)=CC=CCC(O)C(C)=CC(C)=CC([*])C(-O)C(C)=CC([*])C(-O)C(C)=CC([*])C(-O),(ccmal-ccmal-ccmmal-ccmal)(ohmal)(ccmmal)(ccmmal-pk-ccmmal-pk)(ccmmal-pk)
76,lobA1;lobA3;lobA5;lobA2;lobA4,0.3945588305476416,0.3635657498496514,0.4152208843463018,C(C)=CC([*])C(-O)C(C)=CC(C)=CC([*])C(-O)C(C)=CC([*])C(-O)CC(O)C=CC=CC(C)=CC=C,(ccmmal-pk)(ccmmal)(ccmmal-pk-ccmmal-pk)(ohmal)(ccmal-ccmal-ccmmal-ccmal)
77,lobA4;lobA3;lobA5;lobA2;lobA1,0.3939170985734004,0.37406916602871976,0.40714905360318765,C=CC=CC(C)=CC=CC(C)=CC(C)=CC([*])C(-O)C(C)=CC([*])C(-O)CC(O)C(C)=CC([*])C(-O),(ccmal-ccmal-ccmmal-ccmal)(ccmmal)(ccmmal-pk-ccmmal-pk)(ohmal)(ccmmal-pk)
78,lobA2;lobA1;lobA4;lobA3;lobA5,0.38884940880154173,0.382347849449139,0.39318378170314355,CC(O)C(C)=CC([*])C(-O)C=CC=CC(C)=CC=CC(C)=CC(C)=CC([*])C(-O)C(C)=CC([*])C(-O),(ohmal)(ccmmal-pk)(ccmal-ccmal-ccmmal-ccmal)(ccmmal)(ccmmal-pk-ccmmal-pk)
79,lobA1;lobA4;lobA3;lobA5;lobA2,0.38773567609461884,0.3082093753678728,0.44075320991244954,C(C)=CC([*])C(-O)C=CC=CC(C)=CC=CC(C)=CC(C)=CC([*])C(-O)C(C)=CC([*])C(-O)CC(O),(ccmmal-pk)(ccmal-ccmal-ccmmal-ccmal)(ccmmal)(ccmmal-pk-ccmmal-pk)(ohmal)
80,lobA1;lobA2;lobA5;lobA3;lobA4,0.38730839472653533,0.2594158150529212,0.4725701145089447,C(C)=CC([*])C(-O)CC(O)C(C)=CC([*])C(-O)C(C)=CC([*])C(-O)C(C)=CC=CC=CC(C)=CC=C,(ccmmal-pk)(ohmal)(ccmmal-pk-ccmmal-pk)(ccmmal)(ccmal-ccmal-ccmmal-ccmal)
81,lobA5;lobA2;lobA1;lobA3;lobA4,0.387081880473421,0.33859504586251443,0.4194064368806921,C(C)=CC([*])C(-O)C(C)=CC([*])C(-O)CC(O)C(C)=CC([*])C(-O)C(C)=CC=CC=CC(C)=CC=C,(ccmmal-pk-ccmmal-pk)(ohmal)(ccmmal-pk)(ccmmal)(ccmal-ccmal-ccmmal-ccmal)
82,lobA2;lobA3;lobA5;lobA1;lobA4,0.38248225866908137,0.290526469141711,0.44378611835399495,CC(O)C(C)=CC(C)=CC([*])C(-O)C(C)=CC([*])C(-O)C(C)=CC([*])C(-O)C=CC=CC(C)=CC=C,(ohmal)(ccmmal)(ccmmal-pk-ccmmal-pk)(ccmmal-pk)(ccmal-ccmal-ccmmal-ccmal)
83,lobA4;lobA2;lobA1;lobA3;lobA5,0.37933107213532763,0.32060818173990124,0.4184796657322786,C=CC=CC(C)=CC=CCC(O)C(C)=CC([*])C(-O)C(C)=CC(C)=CC([*])C(-O)C(C)=CC([*])C(-O),(ccmal-ccmal-ccmmal-ccmal)(ohmal)(ccmmal-pk)(ccmmal)(ccmmal-pk-ccmmal-pk)
84,lobA3;lobA2;lobA5;lobA1;lobA4,0.37637470152625896,0.2551748625762968,0.4571745941595672,C(C)=CCC(O)C(C)=CC([*])C(-O)C(C)=CC([*])C(-O)C(C)=CC([*])C(-O)C=CC=CC(C)=CC=C,(ccmmal)(ohmal)(ccmmal-pk-ccmmal-pk)(ccmmal-pk)(ccmal-ccmal-ccmmal-ccmal)
85,lobA3;lobA5;lobA1;lobA4;lobA2,0.37351696592760814,0.2298361130817554,0.4693042011581767,C(C)=CC(C)=CC([*])C(-O)C(C)=CC([*])C(-O)C(C)=CC([*])C(-O)C=CC=CC(C)=CC=CCC(O),(ccmmal)(ccmmal-pk-ccmmal-pk)(ccmmal-pk)(ccmal-ccmal-ccmmal-ccmal)(ohmal)
86,lobA5;lobA2;lobA4;lobA1;lobA3,0.371486654500365,0.3497932564043521,0.38594891989770697,C(C)=CC([*])C(-O)C(C)=CC([*])C(-O)CC(O)C=CC=CC(C)=CC=CC(C)=CC([*])C(-O)C(C)=C,(ccmmal-pk-ccmmal-pk)(ohmal)(ccmal-ccmal-ccmmal-ccmal)(ccmmal-pk)(ccmmal)
87,lobA1;lobA4;lobA5;lobA2;lobA3,0.36485626825354944,0.29846544327638064,0.40911681823832863,C(C)=CC([*])C(-O)C=CC=CC(C)=CC=CC(C)=CC([*])C(-O)C(C)=CC([*])C(-O)CC(O)C(C)=C,(ccmmal-pk)(ccmal-ccmal-ccmmal-ccmal)(ccmmal-pk-ccmmal-pk)(ohmal)(ccmmal)
88,lobA2;lobA4;lobA1;lobA3;lobA5,0.35576258405433187,0.3314465195562753,0.37197329371970295,CC(O)C=CC=CC(C)=CC=CC(C)=CC([*])C(-O)C(C)=CC(C)=CC([*])C(-O)C(C)=CC([*])C(-O),(ohmal)(ccmal-ccmal-ccmmal-ccmal)(ccmmal-pk)(ccmmal)(ccmmal-pk-ccmmal-pk)
89,lobA3;lobA4;lobA5;lobA2;lobA1,0.354099135882918,0.3032750051518084,0.38798188970365793,C(C)=CC=CC=CC(C)=CC=CC(C)=CC([*])C(-O)C(C)=CC([*])C(-O)CC(O)C(C)=CC([*])C(-O),(ccmmal)(ccmal-ccmal-ccmmal-ccmal)(ccmmal-pk-ccmmal-pk)(ohmal)(ccmmal-pk)
90,lobA1;lobA5;lobA3;lobA2;lobA4,0.3537597438168212,0.2443108300322663,0.42672568633985786,C(C)=CC([*])C(-O)C(C)=CC([*])C(-O)C(C)=CC([*])C(-O)C(C)=CCC(O)C=CC=CC(C)=CC=C,(ccmmal-pk)(ccmmal-pk-ccmmal-pk)(ccmmal)(ohmal)(ccmal-ccmal-ccmmal-ccmal)
91,lobA1;lobA5;lobA2;lobA3;lobA4,0.35303737266231605,0.21019122278336227,0.44826813924828524,C(C)=CC([*])C(-O)C(C)=CC([*])C(-O)C(C)=CC([*])C(-O)CC(O)C(C)=CC=CC=CC(C)=CC=C,(ccmmal-pk)(ccmmal-pk-ccmmal-pk)(ohmal)(ccmmal)(ccmal-ccmal-ccmmal-ccmal)
92,lobA2;lobA1;lobA4;lobA5;lobA3,0.352641478056926,0.3326763062208445,0.36595159261431365,CC(O)C(C)=CC([*])C(-O)C=CC=CC(C)=CC=CC(C)=CC([*])C(-O)C(C)=CC([*])C(-O)C(C)=C,(ohmal)(ccmmal-pk)(ccmal-ccmal-ccmmal-ccmal)(ccmmal-pk-ccmmal-pk)(ccmmal)
93,lobA5;lobA3;lobA4;lobA2;lobA1,0.35152959550760354,0.23672531332978142,0.4280657836261516,C(C)=CC([*])C(-O)C(C)=CC([*])C(-O)C(C)=CC=CC=CC(C)=CC=CCC(O)C(C)=CC([*])C(-O),(ccmmal-pk-ccmmal-pk)(ccmmal)(ccmal-ccmal-ccmmal-ccmal)(ohmal)(ccmmal-pk)
94,lobA1;lobA4;lobA2;lobA5;lobA3,0.3507189594585046,0.22162610457163634,0.43678086271641675,C(C)=CC([*])C(-O)C=CC=CC(C)=CC=CCC(O)C(C)=CC([*])C(-O)C(C)=CC([*])C(-O)C(C)=C,(ccmmal-pk)(ccmal-ccmal-ccmmal-ccmal)(ohmal)(ccmmal-pk-ccmmal-pk)(ccmmal)
95,lobA4;lobA2;lobA1;lobA5;lobA3,0.34879584457363233,0.24476195845328974,0.4181517686538608,C=CC=CC(C)=CC=CCC(O)C(C)=CC([*])C(-O)C(C)=CC([*])C(-O)C(C)=CC([*])C(-O)C(C)=C,(ccmal-ccmal-ccmmal-ccmal)(ohmal)(ccmmal-pk)(ccmmal-pk-ccmmal-pk)(ccmmal)
96,lobA1;lobA5;lobA3;lobA4;lobA2,0.34873300079749403,0.1452890149349449,0.48436232470586016,C(C)=CC([*])C(-O)C(C)=CC([*])C(-O)C(C)=CC([*])C(-O)C(C)=CC=CC=CC(C)=CC=CCC(O),(ccmmal-pk)(ccmmal-pk-ccmmal-pk)(ccmmal)(ccmal-ccmal-ccmmal-ccmal)(ohmal)
97,lobA4;lobA1;lobA2;lobA5;lobA3,0.347461259302441,0.25263105419662374,0.4106813960396525,C=CC=CC(C)=CC=CC(C)=CC([*])C(-O)CC(O)C(C)=CC([*])C(-O)C(C)=CC([*])C(-O)C(C)=C,(ccmal-ccmal-ccmmal-ccmal)(ccmmal-pk)(ohmal)(ccmmal-pk-ccmmal-pk)(ccmmal)
98,lobA4;lobA5;lobA3;lobA2;lobA1,0.34744530865965956,0.28098892626965155,0.3917495635863316,C=CC=CC(C)=CC=CC(C)=CC([*])C(-O)C(C)=CC([*])C(-O)C(C)=CCC(O)C(C)=CC([*])C(-O),(ccmal-ccmal-ccmmal-ccmal)(ccmmal-pk-ccmmal-pk)(ccmmal)(ohmal)(ccmmal-pk)
99,lobA3;lobA4;lobA2;lobA1;lobA5,0.3451858126277657,0.22363934080467293,0.42621679384316097,C(C)=CC=CC=CC(C)=CC=CCC(O)C(C)=CC([*])C(-O)C(C)=CC([*])C(-O)C(C)=CC([*])C(-O),(ccmmal)(ccmal-ccmal-ccmmal-ccmal)(ohmal)(ccmmal-pk)(ccmmal-pk-ccmmal-pk)
100,lobA3;lobA4;lobA1;lobA2;lobA5,0.3438512273565743,0.2315084365480069,0.41874642122895267,C(C)=CC=CC=CC(C)=CC=CC(C)=CC([*])C(-O)CC(O)C(C)=CC([*])C(-O)C(C)=CC([*])C(-O),(ccmmal)(ccmal-ccmal-ccmmal-ccmal)(ccmmal-pk)(ohmal)(ccmmal-pk-ccmmal-pk)
101,lobA4;lobA1;lobA3;lobA2;lobA5,0.34227882853374586,0.23968922685980024,0.4106718963163763,C=CC=CC(C)=CC=CC(C)=CC([*])C(-O)C(C)=CCC(O)C(C)=CC([*])C(-O)C(C)=CC([*])C(-O),(ccmal-ccmal-ccmmal-ccmal)(ccmmal-pk)(ccmmal)(ohmal)(ccmmal-pk-ccmmal-pk)
102,lobA5;lobA3;lobA4;lobA1;lobA2,0.34209047287275834,0.20187047229392194,0.4355704732586493,C(C)=CC([*])C(-O)C(C)=CC([*])C(-O)C(C)=CC=CC=CC(C)=CC=CC(C)=CC([*])C(-O)CC(O),(ccmmal-pk-ccmmal-pk)(ccmmal)(ccmal-ccmal-ccmmal-ccmal)(ccmmal-pk)(ohmal)
103,lobA1;lobA4;lobA2;lobA3;lobA5,0.34190173655555056,0.2177808663947387,0.42464898332942513,C(C)=CC([*])C(-O)C=CC=CC(C)=CC=CCC(O)C(C)=CC(C)=CC([*])C(-O)C(C)=CC([*])C(-O),(ccmmal-pk)(ccmal-ccmal-ccmmal-ccmal)(ohmal)(ccmmal)(ccmmal-pk-ccmmal-pk)
104,lobA1;lobA4;lobA5;lobA3;lobA2,0.34126388618087794,0.21512913560880462,0.42535371989559356,C(C)=CC([*])C(-O)C=CC=CC(C)=CC=CC(C)=CC([*])C(-O)C(C)=CC([*])C(-O)C(C)=CCC(O),(ccmmal-pk)(ccmal-ccmal-ccmmal-ccmal)(ccmmal-pk-ccmmal-pk)(ccmmal)(ohmal)
105,lobA2;lobA1;lobA5;lobA3;lobA4,0.34082258246569264,0.24440208572782607,0.4051029136242703,CC(O)C(C)=CC([*])C(-O)C(C)=CC([*])C(-O)C(C)=CC([*])C(-O)C(C)=CC=CC=CC(C)=CC=C,(ohmal)(ccmmal-pk)(ccmmal-pk-ccmmal-pk)(ccmmal)(ccmal-ccmal-ccmmal-ccmal)
106,lobA4;lobA1;lobA2;lobA3;lobA5,0.3386440363994869,0.24878581601972616,0.39854951665266086,C=CC=CC(C)=CC=CC(C)=CC([*])C(-O)CC(O)C(C)=CC(C)=CC([*])C(-O)C(C)=CC([*])C(-O),(ccmal-ccmal-ccmmal-ccmal)(ccmmal-pk)(ohmal)(ccmmal)(ccmmal-pk-ccmmal-pk)
107,lobA3;lobA2;lobA1;lobA4;lobA5,0.3377166980111496,0.29347946147853265,0.36720818903289426,C(C)=CCC(O)C(C)=CC([*])C(-O)C=CC=CC(C)=CC=CC(C)=CC([*])C(-O)C(C)=CC([*])C(-O),(ccmmal)(ohmal)(ccmmal-pk)(ccmal-ccmal-ccmmal-ccmal)(ccmmal-pk-ccmmal-pk)
108,lobA4;lobA1;lobA3;lobA5;lobA2,0.33039694189637064,0.23932507407687387,0.39111152044270187,C=CC=CC(C)=CC=CC(C)=CC([*])C(-O)C(C)=CC(C)=CC([*])C(-O)C(C)=CC([*])C(-O)CC(O),(ccmal-ccmal-ccmmal-ccmal)(ccmmal-pk)(ccmmal)(ccmmal-pk-ccmmal-pk)(ohmal)
109,lobA5;lobA3;lobA2;lobA1;lobA4,0.3261230065971108,0.25190436636812075,0.37560210008310413,C(C)=CC([*])C(-O)C(C)=CC([*])C(-O)C(C)=CCC(O)C(C)=CC([*])C(-O)C=CC=CC(C)=CC=C,(ccmmal-pk-ccmmal-pk)(ccmmal)(ohmal)(ccmmal-pk)(ccmal-ccmal-ccmmal-ccmal)
110,lobA2;lobA4;lobA1;lobA5;lobA3,0.32522735649263657,0.2556002962696638,0.37164539664128515,CC(O)C=CC=CC(C)=CC=CC(C)=CC([*])C(-O)C(C)=CC([*])C(-O)C(C)=CC([*])C(-O)C(C)=C,(ohmal)(ccmal-ccmal-ccmmal-ccmal)(ccmmal-pk)(ccmmal-pk-ccmmal-pk)(ccmmal)
111,lobA5;lobA3;lobA2;lobA4;lobA1,0.31664635932669805,0.22948942405246048,0.37475098284285646,C(C)=CC([*])C(-O)C(C)=CC([*])C(-O)C(C)=CCC(O)C=CC=CC(C)=CC=CC(C)=CC([*])C(-O),(ccmmal-pk-ccmmal-pk)(ccmmal)(ohmal)(ccmal-ccmal-ccmmal-ccmal)(ccmmal-pk)
112,lobA3;lobA5;lobA2;lobA1;lobA4,0.31600187444355154,0.28117817783927934,0.3392176721797331,C(C)=CC(C)=CC([*])C(-O)C(C)=CC([*])C(-O)CC(O)C(C)=CC([*])C(-O)C=CC=CC(C)=CC=C,(ccmmal)(ccmmal-pk-ccmmal-pk)(ohmal)(ccmmal-pk)(ccmal-ccmal-ccmmal-ccmal)
113,lobA5;lobA2;lobA3;lobA4;lobA1,0.31592398817219286,0.19536981680355647,0.39629343575128384,C(C)=CC([*])C(-O)C(C)=CC([*])C(-O)CC(O)C(C)=CC=CC=CC(C)=CC=CC(C)=CC([*])C(-O),(ccmmal-pk-ccmmal-pk)(ohmal)(ccmmal)(ccmal-ccmal-ccmmal-ccmal)(ccmmal-pk)
114,lobA2;lobA3;lobA4;lobA1;lobA5,0.3142411261690063,0.17807199248998615,0.4050205486216864,CC(O)C(C)=CC=CC=CC(C)=CC=CC(C)=CC([*])C(-O)C(C)=CC([*])C(-O)C(C)=CC([*])C(-O),(ohmal)(ccmmal)(ccmal-ccmal-ccmmal-ccmal)(ccmmal-pk)(ccmmal-pk-ccmmal-pk)
115,lobA4;lobA1;lobA5;lobA2;lobA3,0.3131902372382217,0.2034064619270648,0.38637942077899295,C=CC=CC(C)=CC=CC(C)=CC([*])C(-O)C(C)=CC([*])C(-O)C(C)=CC([*])C(-O)CC(O)C(C)=C,(ccmal-ccmal-ccmmal-ccmal)(ccmmal-pk)(ccmmal-pk-ccmmal-pk)(ohmal)(ccmmal)
116,lobA3;lobA2;lobA4;lobA1;lobA5,0.31030257644686027,0.216403451527352,0.37290199305986577,C(C)=CCC(O)C=CC=CC(C)=CC=CC(C)=CC([*])C(-O)C(C)=CC([*])C(-O)C(C)=CC([*])C(-O),(ccmmal)(ohmal)(ccmal-ccmal-ccmmal-ccmal)(ccmmal-pk)(ccmmal-pk-ccmmal-pk)
117,lobA2;lobA5;lobA3;lobA4;lobA1,0.3090171406291138,0.1808683181323772,0.3944496889602715,CC(O)C(C)=CC([*])C(-O)C(C)=CC([*])C(-O)C(C)=CC=CC=CC(C)=CC=CC(C)=CC([*])C(-O),(ohmal)(ccmmal-pk-ccmmal-pk)(ccmmal)(ccmal-ccmal-ccmmal-ccmal)(ccmmal-pk)
118,lobA3;lobA5;lobA2;lobA4;lobA1,0.30652522717313885,0.25876323552361913,0.3383665549394854,C(C)=CC(C)=CC([*])C(-O)C(C)=CC([*])C(-O)CC(O)C=CC=CC(C)=CC=CC(C)=CC([*])C(-O),(ccmmal)(ccmmal-pk-ccmmal-pk)(ohmal)(ccmal-ccmal-ccmmal-ccmal)(ccmmal-pk)
119,lobA3;lobA4;lobA1;lobA5;lobA2,0.2962516823888087,0.14235623314164558,0.3988486485535842,C(C)=CC=CC=CC(C)=CC=CC(C)=CC([*])C(-O)C(C)=CC([*])C(-O)C(C)=CC([*])C(-O)CC(O),(ccmmal)(ccmal-ccmal-ccmmal-ccmal)(ccmmal-pk)(ccmmal-pk-ccmmal-pk)(ohmal)
120,lobA4;lobA1;lobA5;lobA3;lobA2,0.28959785516555026,0.12007015425948878,0.4026163224362579,C=CC=CC(C)=CC=CC(C)=CC([*])C(-O)C(C)=CC([*])C(-O)C(C)=CC([*])C(-O)C(C)=CCC(O),(ccmal-ccmal-ccmmal-ccmal)(ccmmal-pk)(ccmmal-pk-ccmmal-pk)(ccmmal)(ohmal)
