PathwayID,Pathway,Score,Score2,Score3,ProductSMILES,Polymer
1,cxmA;cxmB;cxmC;cxmD;cxmE,0.6561111404229711,0.7000731564829026,0.6268031297163502,C(C)C(O)CC(=O)C(C)=CC(C)=CC(C)=CC(C)=CC(C)=CC(C)=CC=CC=C,(ohmmal-mal-ccmmal)(ccmmal-ccmmal-ccmmal)(ccmmal)(ccmmal)(ccmal-ccmal)
2,cxmA;cxmB;cxmD;cxmE;cxmC,0.6406809661066518,0.5823305161627885,0.6795812660692273,C(C)C(O)CC(=O)C(C)=CC(C)=CC(C)=CC(C)=CC(C)=CC=CC=CC(C)=C,(ohmmal-mal-ccmmal)(ccmmal-ccmmal-ccmmal)(ccmmal)(ccmal-ccmal)(ccmmal)
3,cxmC;cxmD;cxmE;cxmA;cxmB,0.6187634281630447,0.619006174802188,0.6186015970702825,C(C)=CC(C)=CC=CC=CC(C)C(O)CC(=O)C(C)=CC(C)=CC(C)=CC(C)=C,(ccmmal)(ccmmal)(ccmal-ccmal)(ohmmal-mal-ccmmal)(ccmmal-ccmmal-ccmmal)
4,cxmA;cxmB;cxmE;cxmC;cxmD,0.6153705972654737,0.6994388088033919,0.5593251229068615,C(C)C(O)CC(=O)C(C)=CC(C)=CC(C)=CC(C)=CC=CC=CC(C)=CC(C)=C,(ohmmal-mal-ccmmal)(ccmmal-ccmmal-ccmmal)(ccmal-ccmal)(ccmmal)(ccmmal)
5,cxmD;cxmE;cxmC;cxmA;cxmB,0.6041934288279311,0.5744779285645236,0.6240037623368694,C(C)=CC=CC=CC(C)=CC(C)C(O)CC(=O)C(C)=CC(C)=CC(C)=CC(C)=C,(ccmmal)(ccmal-ccmal)(ccmmal)(ohmmal-mal-ccmmal)(ccmmal-ccmmal-ccmmal)
6,cxmB;cxmC;cxmD;cxmE;cxmA,0.6040003579645309,0.6334393448825149,0.584374366685875,C(C)=CC(C)=CC(C)=CC(C)=CC(C)=CC=CC=CC(C)C(O)CC(=O)C(C)=C,(ccmmal-ccmmal-ccmmal)(ccmmal)(ccmmal)(ccmal-ccmal)(ohmmal-mal-ccmmal)
7,cxmD;cxmE;cxmA;cxmB;cxmC,0.6032883267575287,0.5262740932600415,0.654631149089187,C(C)=CC=CC=CC(C)C(O)CC(=O)C(C)=CC(C)=CC(C)=CC(C)=CC(C)=C,(ccmmal)(ccmal-ccmal)(ohmmal-mal-ccmmal)(ccmmal-ccmmal-ccmmal)(ccmmal)
8,cxmC;cxmD;cxmE;cxmB;cxmA,0.5791233578363226,0.6250627947487541,0.5484970665613683,C(C)=CC(C)=CC=CC=CC(C)=CC(C)=CC(C)=CC(C)C(O)CC(=O)C(C)=C,(ccmmal)(ccmmal)(ccmal-ccmal)(ccmmal-ccmmal-ccmmal)(ohmmal-mal-ccmmal)
9,cxmE;cxmA;cxmB;cxmC;cxmD,0.5757910256051829,0.6138217277402501,0.5504372241818047,C=CC=CC(C)C(O)CC(=O)C(C)=CC(C)=CC(C)=CC(C)=CC(C)=CC(C)=C,(ccmal-ccmal)(ohmmal-mal-ccmmal)(ccmmal-ccmmal-ccmmal)(ccmmal)(ccmmal)
10,cxmA;cxmC;cxmD;cxmE;cxmB,0.574850499758209,0.5722268381301394,0.5765996075102554,C(C)C(O)CC(=O)C(C)=CC(C)=CC(C)=CC=CC=CC(C)=CC(C)=CC(C)=C,(ohmmal-mal-ccmmal)(ccmmal)(ccmmal)(ccmal-ccmal)(ccmmal-ccmmal-ccmmal)
11,cxmE;cxmC;cxmD;cxmA;cxmB,0.5734520103392391,0.6271213570125168,0.5376724458903872,C=CC=CC(C)=CC(C)=CC(C)C(O)CC(=O)C(C)=CC(C)=CC(C)=CC(C)=C,(ccmal-ccmal)(ccmmal)(ccmmal)(ohmmal-mal-ccmmal)(ccmmal-ccmmal-ccmmal)
12,cxmB;cxmD;cxmE;cxmC;cxmA,0.5630252120120943,0.5070768391762447,0.6003241272359942,C(C)=CC(C)=CC(C)=CC(C)=CC=CC=CC(C)=CC(C)C(O)CC(=O)C(C)=C,(ccmmal-ccmmal-ccmmal)(ccmmal)(ccmal-ccmal)(ccmmal)(ohmmal-mal-ccmmal)
13,cxmB;cxmA;cxmC;cxmD;cxmE,0.5549203128330653,0.4958859868509759,0.5942765301544584,C(C)=CC(C)=CC(C)=CC(C)C(O)CC(=O)C(C)=CC(C)=CC(C)=CC=CC=C,(ccmmal-ccmmal-ccmmal)(ohmmal-mal-ccmmal)(ccmmal)(ccmmal)(ccmal-ccmal)
14,cxmD;cxmE;cxmC;cxmB;cxmA,0.5523721256727568,0.4511439099141062,0.6198576028451905,C(C)=CC=CC=CC(C)=CC(C)=CC(C)=CC(C)=CC(C)C(O)CC(=O)C(C)=C,(ccmmal)(ccmal-ccmal)(ccmmal)(ccmmal-ccmmal-ccmmal)(ohmmal-mal-ccmmal)
15,cxmC;cxmA;cxmB;cxmD;cxmE,0.5513382085040887,0.43581996840527965,0.6283503685699614,C(C)=CC(C)C(O)CC(=O)C(C)=CC(C)=CC(C)=CC(C)=CC(C)=CC=CC=C,(ccmmal)(ohmmal-mal-ccmmal)(ccmmal-ccmmal-ccmmal)(ccmmal)(ccmal-ccmal)
16,cxmB;cxmA;cxmD;cxmE;cxmC,0.5428264056858833,0.45085013752775427,0.6041439177913026,C(C)=CC(C)=CC(C)=CC(C)C(O)CC(=O)C(C)=CC(C)=CC=CC=CC(C)=C,(ccmmal-ccmmal-ccmmal)(ohmmal-mal-ccmmal)(ccmmal)(ccmal-ccmal)(ccmmal)
17,cxmD;cxmE;cxmB;cxmC;cxmA,0.5418330221914022,0.5255360576865562,0.5526976651946329,C(C)=CC=CC=CC(C)=CC(C)=CC(C)=CC(C)=CC(C)C(O)CC(=O)C(C)=C,(ccmmal)(ccmal-ccmal)(ccmmal-ccmmal-ccmmal)(ccmmal)(ohmmal-mal-ccmmal)
18,cxmA;cxmD;cxmE;cxmB;cxmC,0.5363065189045073,0.47036728811627937,0.5802660060966593,C(C)C(O)CC(=O)C(C)=CC(C)=CC=CC=CC(C)=CC(C)=CC(C)=CC(C)=C,(ohmmal-mal-ccmmal)(ccmmal)(ccmal-ccmal)(ccmmal-ccmmal-ccmmal)(ccmmal)
19,cxmE;cxmC;cxmA;cxmB;cxmD,0.5348158796527465,0.48745922203397996,0.5663869847319241,C=CC=CC(C)=CC(C)C(O)CC(=O)C(C)=CC(C)=CC(C)=CC(C)=CC(C)=C,(ccmal-ccmal)(ccmmal)(ohmmal-mal-ccmmal)(ccmmal-ccmmal-ccmmal)(ccmmal)
20,cxmB;cxmE;cxmC;cxmD;cxmA,0.5344707258345699,0.5892809257846326,0.4979305925345282,C(C)=CC(C)=CC(C)=CC=CC=CC(C)=CC(C)=CC(C)C(O)CC(=O)C(C)=C,(ccmmal-ccmmal-ccmmal)(ccmal-ccmal)(ccmmal)(ccmmal)(ohmmal-mal-ccmmal)
21,cxmD;cxmA;cxmB;cxmE;cxmC,0.5337586946275679,0.4821156741621592,0.5681873749378403,C(C)=CC(C)C(O)CC(=O)C(C)=CC(C)=CC(C)=CC(C)=CC=CC=CC(C)=C,(ccmmal)(ohmmal-mal-ccmmal)(ccmmal-ccmmal-ccmmal)(ccmal-ccmal)(ccmmal)
22,cxmB;cxmA;cxmE;cxmC;cxmD,0.5291892987721416,0.5500745461571439,0.5152658005154733,C(C)=CC(C)=CC(C)=CC(C)C(O)CC(=O)C(C)=CC=CC=CC(C)=CC(C)=C,(ccmmal-ccmmal-ccmmal)(ohmmal-mal-ccmmal)(ccmal-ccmal)(ccmmal)(ccmmal)
23,cxmA;cxmD;cxmE;cxmC;cxmB,0.5250303881464575,0.38918048482377804,0.6155969903615772,C(C)C(O)CC(=O)C(C)=CC(C)=CC=CC=CC(C)=CC(C)=CC(C)=CC(C)=C,(ohmmal-mal-ccmmal)(ccmmal)(ccmal-ccmal)(ccmmal)(ccmmal-ccmmal-ccmmal)
24,cxmC;cxmD;cxmA;cxmB;cxmE,0.5227837223265643,0.5180240550136676,0.5259568338684956,C(C)=CC(C)=CC(C)C(O)CC(=O)C(C)=CC(C)=CC(C)=CC(C)=CC=CC=C,(ccmmal)(ccmmal)(ohmmal-mal-ccmmal)(ccmmal-ccmmal-ccmmal)(ccmal-ccmal)
25,cxmA;cxmE;cxmB;cxmC;cxmD,0.5226694119907657,0.569591696745669,0.4913878888208302,C(C)C(O)CC(=O)C(C)=CC=CC=CC(C)=CC(C)=CC(C)=CC(C)=CC(C)=C,(ohmmal-mal-ccmmal)(ccmal-ccmal)(ccmmal-ccmmal-ccmmal)(ccmmal)(ccmmal)
26,cxmD;cxmE;cxmB;cxmA;cxmC,0.5182979486960538,0.3966025650411734,0.5994282044659742,C(C)=CC=CC=CC(C)=CC(C)=CC(C)=CC(C)C(O)CC(=O)C(C)=CC(C)=C,(ccmmal)(ccmal-ccmal)(ccmmal-ccmmal-ccmmal)(ohmmal-mal-ccmmal)(ccmmal)
27,cxmB;cxmD;cxmE;cxmA;cxmC,0.5167698022069391,0.3231448557063285,0.6458530998740131,C(C)=CC(C)=CC(C)=CC(C)=CC=CC=CC(C)C(O)CC(=O)C(C)=CC(C)=C,(ccmmal-ccmmal-ccmmal)(ccmmal)(ccmal-ccmal)(ohmmal-mal-ccmmal)(ccmmal)
28,cxmA;cxmB;cxmC;cxmE;cxmD,0.5145474167265848,0.5893403678293256,0.46468544932475747,C(C)C(O)CC(=O)C(C)=CC(C)=CC(C)=CC(C)=CC(C)=CC=CC=CC(C)=C,(ohmmal-mal-ccmmal)(ccmmal-ccmmal-ccmmal)(ccmmal)(ccmal-ccmal)(ccmmal)
29,cxmE;cxmC;cxmD;cxmB;cxmA,0.5133594418176674,0.5472242900418625,0.4907828763348706,C=CC=CC(C)=CC(C)=CC(C)=CC(C)=CC(C)=CC(C)C(O)CC(=O)C(C)=C,(ccmal-ccmal)(ccmmal)(ccmmal)(ccmmal-ccmmal-ccmmal)(ohmmal-mal-ccmmal)
30,cxmC;cxmE;cxmA;cxmB;cxmD,0.5121382899435474,0.41369547339641055,0.5777668343083053,C(C)=CC=CC=CC(C)C(O)CC(=O)C(C)=CC(C)=CC(C)=CC(C)=CC(C)=C,(ccmmal)(ccmal-ccmal)(ohmmal-mal-ccmmal)(ccmmal-ccmmal-ccmmal)(ccmmal)
31,cxmE;cxmB;cxmC;cxmD;cxmA,0.5110916037027101,0.5781794861345495,0.4663663487481506,C=CC=CC(C)=CC(C)=CC(C)=CC(C)=CC(C)=CC(C)C(O)CC(=O)C(C)=C,(ccmal-ccmal)(ccmmal-ccmmal-ccmmal)(ccmmal)(ccmmal)(ohmmal-mal-ccmmal)
32,cxmD;cxmA;cxmB;cxmC;cxmE,0.5097543475884068,0.45200566144664456,0.5482534716829149,C(C)=CC(C)C(O)CC(=O)C(C)=CC(C)=CC(C)=CC(C)=CC(C)=CC=CC=C,(ccmmal)(ohmmal-mal-ccmmal)(ccmmal-ccmmal-ccmmal)(ccmmal)(ccmal-ccmal)
33,cxmC;cxmB;cxmD;cxmE;cxmA,0.503246642745627,0.31431115962096706,0.6292036314954006,C(C)=CC(C)=CC(C)=CC(C)=CC(C)=CC=CC=CC(C)C(O)CC(=O)C(C)=C,(ccmmal)(ccmmal-ccmmal-ccmmal)(ccmmal)(ccmal-ccmal)(ohmmal-mal-ccmmal)
34,cxmA;cxmE;cxmC;cxmD;cxmB,0.49987789852997216,0.49693763910071526,0.5018380714828101,C(C)C(O)CC(=O)C(C)=CC=CC=CC(C)=CC(C)=CC(C)=CC(C)=CC(C)=C,(ohmmal-mal-ccmmal)(ccmal-ccmal)(ccmmal)(ccmmal)(ccmmal-ccmmal-ccmmal)
35,cxmA;cxmC;cxmB;cxmD;cxmE,0.49524404727080074,0.2596499931362475,0.6523067500271696,C(C)C(O)CC(=O)C(C)=CC(C)=CC(C)=CC(C)=CC(C)=CC(C)=CC=CC=C,(ohmmal-mal-ccmmal)(ccmmal)(ccmmal-ccmmal-ccmmal)(ccmmal)(ccmal-ccmal)
36,cxmB;cxmC;cxmA;cxmD;cxmE,0.49456109773995927,0.3872317813170646,0.5661139753552223,C(C)=CC(C)=CC(C)=CC(C)=CC(C)C(O)CC(=O)C(C)=CC(C)=CC=CC=C,(ccmmal-ccmmal-ccmmal)(ccmmal)(ohmmal-mal-ccmmal)(ccmmal)(ccmal-ccmal)
37,cxmB;cxmE;cxmA;cxmC;cxmD,0.49145943336576103,0.44025314834693174,0.5255969567116472,C(C)=CC(C)=CC(C)=CC=CC=CC(C)C(O)CC(=O)C(C)=CC(C)=CC(C)=C,(ccmmal-ccmmal-ccmmal)(ccmal-ccmal)(ohmmal-mal-ccmmal)(ccmmal)(ccmmal)
38,cxmE;cxmB;cxmA;cxmC;cxmD,0.4908006475437081,0.48415019952138205,0.4952342795585921,C=CC=CC(C)=CC(C)=CC(C)=CC(C)C(O)CC(=O)C(C)=CC(C)=CC(C)=C,(ccmal-ccmal)(ccmmal-ccmmal-ccmmal)(ohmmal-mal-ccmmal)(ccmmal)(ccmmal)
39,cxmD;cxmE;cxmA;cxmC;cxmB,0.4843014816281972,0.2604172709241386,0.6335576220975696,C(C)=CC=CC=CC(C)C(O)CC(=O)C(C)=CC(C)=CC(C)=CC(C)=CC(C)=C,(ccmmal)(ccmal-ccmal)(ohmmal-mal-ccmmal)(ccmmal)(ccmmal-ccmmal-ccmmal)
40,cxmB;cxmC;cxmD;cxmA;cxmE,0.47767987348987134,0.45155198391423884,0.495098466540293,C(C)=CC(C)=CC(C)=CC(C)=CC(C)=CC(C)C(O)CC(=O)C(C)=CC=CC=C,(ccmmal-ccmmal-ccmmal)(ccmmal)(ccmmal)(ohmmal-mal-ccmmal)(ccmal-ccmal)
41,cxmC;cxmA;cxmD;cxmE;cxmB,0.4734138350084637,0.3806804410494087,0.5352360976478338,C(C)=CC(C)C(O)CC(=O)C(C)=CC(C)=CC=CC=CC(C)=CC(C)=CC(C)=C,(ccmmal)(ohmmal-mal-ccmmal)(ccmmal)(ccmal-ccmal)(ccmmal-ccmmal-ccmmal)
42,cxmA;cxmB;cxmD;cxmC;cxmE,0.47339568037879587,0.3494249090035775,0.5560428612956082,C(C)C(O)CC(=O)C(C)=CC(C)=CC(C)=CC(C)=CC(C)=CC(C)=CC=CC=C,(ohmmal-mal-ccmmal)(ccmmal-ccmmal-ccmmal)(ccmmal)(ccmmal)(ccmal-ccmal)
43,cxmE;cxmD;cxmA;cxmB;cxmC,0.4701831031329916,0.4903092280633269,0.45676568651276805,C=CC=CC(C)=CC(C)C(O)CC(=O)C(C)=CC(C)=CC(C)=CC(C)=CC(C)=C,(ccmal-ccmal)(ccmmal)(ohmmal-mal-ccmmal)(ccmmal-ccmmal-ccmmal)(ccmmal)
44,cxmA;cxmE;cxmC;cxmB;cxmD,0.469513033209877,0.31383855244241543,0.5732960203881847,C(C)C(O)CC(=O)C(C)=CC=CC=CC(C)=CC(C)=CC(C)=CC(C)=CC(C)=C,(ohmmal-mal-ccmmal)(ccmal-ccmal)(ccmmal)(ccmmal-ccmmal-ccmmal)(ccmmal)
45,cxmA;cxmC;cxmE;cxmB;cxmD,0.46822536153871164,0.36691613672436174,0.5357648447482781,C(C)C(O)CC(=O)C(C)=CC(C)=CC=CC=CC(C)=CC(C)=CC(C)=CC(C)=C,(ohmmal-mal-ccmmal)(ccmmal)(ccmal-ccmal)(ccmmal-ccmmal-ccmmal)(ccmmal)
46,cxmC;cxmD;cxmB;cxmE;cxmA,0.46642089120170527,0.43995219790911794,0.4840666867300969,C(C)=CC(C)=CC(C)=CC(C)=CC(C)=CC=CC=CC(C)C(O)CC(=O)C(C)=C,(ccmmal)(ccmmal)(ccmmal-ccmmal-ccmmal)(ccmal-ccmal)(ohmmal-mal-ccmmal)
47,cxmD;cxmC;cxmE;cxmA;cxmB,0.46245311473619233,0.3501921867914686,0.5372937333660082,C(C)=CC(C)=CC=CC=CC(C)C(O)CC(=O)C(C)=CC(C)=CC(C)=CC(C)=C,(ccmmal)(ccmmal)(ccmal-ccmal)(ohmmal-mal-ccmmal)(ccmmal-ccmmal-ccmmal)
48,cxmB;cxmD;cxmA;cxmE;cxmC,0.462249699173552,0.3338093435941249,0.5478766028931701,C(C)=CC(C)=CC(C)=CC(C)=CC(C)C(O)CC(=O)C(C)=CC=CC=CC(C)=C,(ccmmal-ccmmal-ccmmal)(ccmmal)(ohmmal-mal-ccmmal)(ccmal-ccmal)(ccmmal)
49,cxmA;cxmC;cxmD;cxmB;cxmE,0.4584182957268789,0.38529103142439836,0.5071698052618661,C(C)C(O)CC(=O)C(C)=CC(C)=CC(C)=CC(C)=CC(C)=CC(C)=CC=CC=C,(ohmmal-mal-ccmmal)(ccmmal)(ccmmal)(ccmmal-ccmmal-ccmmal)(ccmal-ccmal)
50,cxmE;cxmC;cxmB;cxmD;cxmA,0.45793522492182137,0.32242634183129587,0.5482744803155052,C=CC=CC(C)=CC(C)=CC(C)=CC(C)=CC(C)=CC(C)C(O)CC(=O)C(C)=C,(ccmal-ccmal)(ccmmal)(ccmmal-ccmmal-ccmmal)(ccmmal)(ohmmal-mal-ccmmal)
51,cxmE;cxmA;cxmB;cxmD;cxmC,0.45782045575766617,0.2939178406559502,0.5670888658254768,C=CC=CC(C)C(O)CC(=O)C(C)=CC(C)=CC(C)=CC(C)=CC(C)=CC(C)=C,(ccmal-ccmal)(ohmmal-mal-ccmmal)(ccmmal-ccmmal-ccmmal)(ccmmal)(ccmmal)
52,cxmC;cxmB;cxmA;cxmD;cxmE,0.4575028647832988,0.24946459258632042,0.5961950462479512,C(C)=CC(C)=CC(C)=CC(C)=CC(C)C(O)CC(=O)C(C)=CC(C)=CC=CC=C,(ccmmal)(ccmmal-ccmmal-ccmmal)(ohmmal-mal-ccmmal)(ccmmal)(ccmal-ccmal)
53,cxmC;cxmD;cxmA;cxmE;cxmB,0.4565326107583758,0.4450006436465829,0.4642205888329044,C(C)=CC(C)=CC(C)C(O)CC(=O)C(C)=CC=CC=CC(C)=CC(C)=CC(C)=C,(ccmmal)(ccmmal)(ohmmal-mal-ccmmal)(ccmal-ccmal)(ccmmal-ccmmal-ccmmal)
54,cxmB;cxmC;cxmE;cxmA;cxmD,0.455361179179418,0.3651072863081955,0.5155304410935662,C(C)=CC(C)=CC(C)=CC(C)=CC=CC=CC(C)C(O)CC(=O)C(C)=CC(C)=C,(ccmmal-ccmmal-ccmmal)(ccmmal)(ccmal-ccmal)(ohmmal-mal-ccmmal)(ccmmal)
55,cxmB;cxmE;cxmC;cxmA;cxmD,0.45382055458246173,0.3865974336375539,0.49863596854573367,C(C)=CC(C)=CC(C)=CC=CC=CC(C)=CC(C)C(O)CC(=O)C(C)=CC(C)=C,(ccmmal-ccmmal-ccmmal)(ccmal-ccmal)(ccmmal)(ohmmal-mal-ccmmal)(ccmmal)
56,cxmD;cxmB;cxmC;cxmE;cxmA,0.4533915164635478,0.373933804342095,0.5063633245445164,C(C)=CC(C)=CC(C)=CC(C)=CC(C)=CC=CC=CC(C)C(O)CC(=O)C(C)=C,(ccmmal)(ccmmal-ccmmal-ccmmal)(ccmmal)(ccmal-ccmal)(ohmmal-mal-ccmmal)
57,cxmD;cxmB;cxmE;cxmC;cxmA,0.45185089186659166,0.39542395167145344,0.4894688519966838,C(C)=CC(C)=CC(C)=CC(C)=CC=CC=CC(C)=CC(C)C(O)CC(=O)C(C)=C,(ccmmal)(ccmmal-ccmmal-ccmmal)(ccmal-ccmal)(ccmmal)(ohmmal-mal-ccmmal)
58,cxmC;cxmA;cxmB;cxmE;cxmD,0.4492090061631826,0.4729398327873312,0.43338845508041685,C(C)=CC(C)C(O)CC(=O)C(C)=CC(C)=CC(C)=CC(C)=CC=CC=CC(C)=C,(ccmmal)(ohmmal-mal-ccmmal)(ccmmal-ccmmal-ccmmal)(ccmal-ccmal)(ccmmal)
59,cxmC;cxmE;cxmD;cxmA;cxmB,0.44841061549419486,0.4647493147302395,0.43751814933683175,C(C)=CC=CC=CC(C)=CC(C)C(O)CC(=O)C(C)=CC(C)=CC(C)=CC(C)=C,(ccmmal)(ccmal-ccmal)(ccmmal)(ohmmal-mal-ccmmal)(ccmmal-ccmmal-ccmmal)
60,cxmC;cxmE;cxmB;cxmD;cxmA,0.4474388680410746,0.37805323179070977,0.49369595887465106,C(C)=CC=CC=CC(C)=CC(C)=CC(C)=CC(C)=CC(C)C(O)CC(=O)C(C)=C,(ccmmal)(ccmal-ccmal)(ccmmal-ccmmal-ccmmal)(ccmmal)(ohmmal-mal-ccmmal)
61,cxmA;cxmD;cxmB;cxmE;cxmC,0.44632438857969686,0.34025518210117667,0.5170371928987103,C(C)C(O)CC(=O)C(C)=CC(C)=CC(C)=CC(C)=CC(C)=CC=CC=CC(C)=C,(ohmmal-mal-ccmmal)(ccmmal)(ccmmal-ccmmal-ccmmal)(ccmal-ccmal)(ccmmal)
62,cxmE;cxmA;cxmC;cxmD;cxmB,0.44528879777310776,0.35649765105189485,0.5044828955872497,C=CC=CC(C)C(O)CC(=O)C(C)=CC(C)=CC(C)=CC(C)=CC(C)=CC(C)=C,(ccmal-ccmal)(ohmmal-mal-ccmmal)(ccmmal)(ccmmal)(ccmmal-ccmmal-ccmmal)
63,cxmD;cxmB;cxmA;cxmE;cxmC,0.44332534746781704,0.3213133660117493,0.5246666684385288,C(C)=CC(C)=CC(C)=CC(C)=CC(C)C(O)CC(=O)C(C)=CC=CC=CC(C)=C,(ccmmal)(ccmmal-ccmmal-ccmmal)(ohmmal-mal-ccmmal)(ccmal-ccmal)(ccmmal)
64,cxmD;cxmA;cxmE;cxmB;cxmC,0.44105750935285987,0.35226856210443636,0.5002501408518089,C(C)=CC(C)C(O)CC(=O)C(C)=CC=CC=CC(C)=CC(C)=CC(C)=CC(C)=C,(ccmmal)(ohmmal-mal-ccmmal)(ccmal-ccmal)(ccmmal-ccmmal-ccmmal)(ccmmal)
65,cxmE;cxmC;cxmB;cxmA;cxmD,0.44098053593195663,0.3011038462150208,0.5342316624099137,C=CC=CC(C)=CC(C)=CC(C)=CC(C)=CC(C)C(O)CC(=O)C(C)=CC(C)=C,(ccmal-ccmal)(ccmmal)(ccmmal-ccmmal-ccmmal)(ohmmal-mal-ccmmal)(ccmmal)
66,cxmA;cxmB;cxmE;cxmD;cxmC,0.43601136823454834,0.4172891337806543,0.44849285787047766,C(C)C(O)CC(=O)C(C)=CC(C)=CC(C)=CC(C)=CC=CC=CC(C)=CC(C)=C,(ohmmal-mal-ccmmal)(ccmmal-ccmmal-ccmmal)(ccmal-ccmal)(ccmmal)(ccmmal)
67,cxmD;cxmC;cxmA;cxmB;cxmE,0.4344624164327166,0.3148586334301887,0.5141982717677352,C(C)=CC(C)=CC(C)C(O)CC(=O)C(C)=CC(C)=CC(C)=CC(C)=CC=CC=C,(ccmmal)(ccmmal)(ohmmal-mal-ccmmal)(ccmmal-ccmmal-ccmmal)(ccmal-ccmal)
68,cxmB;cxmC;cxmE;cxmD;cxmA,0.43364754529568106,0.4791824848105663,0.4032909189524241,C(C)=CC(C)=CC(C)=CC(C)=CC=CC=CC(C)=CC(C)C(O)CC(=O)C(C)=C,(ccmmal-ccmmal-ccmmal)(ccmmal)(ccmal-ccmal)(ccmmal)(ohmmal-mal-ccmmal)
69,cxmC;cxmD;cxmB;cxmA;cxmE,0.4323503751668135,0.35722174686325764,0.48243612736918406,C(C)=CC(C)=CC(C)=CC(C)=CC(C)=CC(C)C(O)CC(=O)C(C)=CC=CC=C,(ccmmal)(ccmmal)(ccmmal-ccmmal-ccmmal)(ohmmal-mal-ccmmal)(ccmal-ccmal)
70,cxmC;cxmE;cxmB;cxmA;cxmD,0.4304841790512097,0.35673073617443474,0.4796531409690597,C(C)=CC=CC=CC(C)=CC(C)=CC(C)=CC(C)C(O)CC(=O)C(C)=CC(C)=C,(ccmmal)(ccmal-ccmal)(ccmmal-ccmmal-ccmmal)(ohmmal-mal-ccmmal)(ccmmal)
71,cxmE;cxmB;cxmC;cxmA;cxmD,0.43044143245060196,0.37549599398747074,0.46707172475935604,C=CC=CC(C)=CC(C)=CC(C)=CC(C)=CC(C)C(O)CC(=O)C(C)=CC(C)=C,(ccmal-ccmal)(ccmmal-ccmmal-ccmmal)(ccmmal)(ohmmal-mal-ccmmal)(ccmmal)
72,cxmD;cxmA;cxmE;cxmC;cxmB,0.42978137859480997,0.27108175881193497,0.5355811251167266,C(C)=CC(C)C(O)CC(=O)C(C)=CC=CC=CC(C)=CC(C)=CC(C)=CC(C)=C,(ccmmal)(ohmmal-mal-ccmmal)(ccmal-ccmal)(ccmmal)(ccmmal-ccmmal-ccmmal)
73,cxmD;cxmA;cxmC;cxmE;cxmB,0.42849370692364463,0.3241593430938814,0.4980499494768202,C(C)=CC(C)C(O)CC(=O)C(C)=CC(C)=CC=CC=CC(C)=CC(C)=CC(C)=C,(ccmmal)(ohmmal-mal-ccmmal)(ccmmal)(ccmal-ccmal)(ccmmal-ccmmal-ccmmal)
74,cxmE;cxmB;cxmD;cxmA;cxmC,0.42386104794511853,0.2678849969583631,0.5278450819362888,C=CC=CC(C)=CC(C)=CC(C)=CC(C)=CC(C)C(O)CC(=O)C(C)=CC(C)=C,(ccmal-ccmal)(ccmmal-ccmmal-ccmmal)(ccmmal)(ohmmal-mal-ccmmal)(ccmmal)
75,cxmB;cxmD;cxmA;cxmC;cxmE,0.42323582303781726,0.24887642389293163,0.539475422467741,C(C)=CC(C)=CC(C)=CC(C)=CC(C)C(O)CC(=O)C(C)=CC(C)=CC=CC=C,(ccmmal-ccmmal-ccmmal)(ccmmal)(ohmmal-mal-ccmmal)(ccmmal)(ccmal-ccmal)
76,cxmD;cxmC;cxmE;cxmB;cxmA,0.4228130444094703,0.35624880673803466,0.467189202857094,C(C)=CC(C)=CC=CC=CC(C)=CC(C)=CC(C)=CC(C)C(O)CC(=O)C(C)=C,(ccmmal)(ccmmal)(ccmal-ccmal)(ccmmal-ccmmal-ccmmal)(ohmmal-mal-ccmmal)
77,cxmA;cxmD;cxmB;cxmC;cxmE,0.4223200415405358,0.31014516938566206,0.49710328964378503,C(C)C(O)CC(=O)C(C)=CC(C)=CC(C)=CC(C)=CC(C)=CC(C)=CC=CC=C,(ohmmal-mal-ccmmal)(ccmmal)(ccmmal-ccmmal-ccmmal)(ccmmal)(ccmal-ccmal)
78,cxmB;cxmD;cxmC;cxmE;cxmA,0.4212848979203556,0.2827910974031897,0.5136140982651328,C(C)=CC(C)=CC(C)=CC(C)=CC(C)=CC=CC=CC(C)C(O)CC(=O)C(C)=C,(ccmmal-ccmmal-ccmmal)(ccmmal)(ccmmal)(ccmal-ccmal)(ohmmal-mal-ccmmal)
79,cxmC;cxmA;cxmE;cxmB;cxmD,0.4178964800718832,0.305338508668046,0.4929351276744413,C(C)=CC(C)C(O)CC(=O)C(C)=CC=CC=CC(C)=CC(C)=CC(C)=CC(C)=C,(ccmmal)(ohmmal-mal-ccmmal)(ccmal-ccmal)(ccmmal-ccmmal-ccmmal)(ccmmal)
80,cxmE;cxmA;cxmC;cxmB;cxmD,0.4149239324530125,0.17339856439359502,0.5759408444926242,C=CC=CC(C)C(O)CC(=O)C(C)=CC(C)=CC(C)=CC(C)=CC(C)=CC(C)=C,(ccmal-ccmal)(ohmmal-mal-ccmmal)(ccmmal)(ccmmal-ccmmal-ccmmal)(ccmmal)
81,cxmB;cxmA;cxmC;cxmE;cxmD,0.4133565891366789,0.38515319819739896,0.43215884976286556,C(C)=CC(C)=CC(C)=CC(C)C(O)CC(=O)C(C)=CC(C)=CC=CC=CC(C)=C,(ccmmal-ccmmal-ccmmal)(ohmmal-mal-ccmmal)(ccmmal)(ccmal-ccmal)(ccmmal)
82,cxmE;cxmC;cxmA;cxmD;cxmB,0.40764991898980846,0.302841936342517,0.47752190742133604,C=CC=CC(C)=CC(C)C(O)CC(=O)C(C)=CC(C)=CC(C)=CC(C)=CC(C)=C,(ccmal-ccmal)(ccmmal)(ohmmal-mal-ccmmal)(ccmmal)(ccmmal-ccmmal-ccmmal)
83,cxmE;cxmA;cxmD;cxmB;cxmC,0.40674481691940606,0.2546381010380349,0.5081492941736536,C=CC=CC(C)C(O)CC(=O)C(C)=CC(C)=CC(C)=CC(C)=CC(C)=CC(C)=C,(ccmal-ccmal)(ohmmal-mal-ccmmal)(ccmmal)(ccmmal-ccmmal-ccmmal)(ccmmal)
84,cxmD;cxmB;cxmE;cxmA;cxmC,0.40559548206143653,0.2114919682015372,0.5349978246347027,C(C)=CC(C)=CC(C)=CC(C)=CC=CC=CC(C)C(O)CC(=O)C(C)=CC(C)=C,(ccmmal)(ccmmal-ccmmal-ccmmal)(ccmal-ccmal)(ohmmal-mal-ccmmal)(ccmmal)
85,cxmA;cxmE;cxmB;cxmD;cxmC,0.4046988421432489,0.2496878096613692,0.5080395304645021,C(C)C(O)CC(=O)C(C)=CC=CC=CC(C)=CC(C)=CC(C)=CC(C)=CC(C)=C,(ohmmal-mal-ccmmal)(ccmal-ccmal)(ccmmal-ccmmal-ccmmal)(ccmmal)(ccmmal)
86,cxmD;cxmB;cxmA;cxmC;cxmE,0.40431147133208234,0.2363804463105561,0.5162654880130998,C(C)=CC(C)=CC(C)=CC(C)=CC(C)C(O)CC(=O)C(C)=CC(C)=CC=CC=C,(ccmmal)(ccmmal-ccmmal-ccmmal)(ohmmal-mal-ccmmal)(ccmmal)(ccmal-ccmal)
87,cxmB;cxmC;cxmA;cxmE;cxmD,0.40410515732648966,0.40646776168790255,0.40253008775221427,C(C)=CC(C)=CC(C)=CC(C)=CC(C)C(O)CC(=O)C(C)=CC=CC=CC(C)=C,(ccmmal-ccmmal-ccmmal)(ccmmal)(ohmmal-mal-ccmmal)(ccmal-ccmal)(ccmmal)
88,cxmE;cxmD;cxmC;cxmA;cxmB,0.39733689864465993,0.3798758880219947,0.4089775723931034,C=CC=CC(C)=CC(C)=CC(C)C(O)CC(=O)C(C)=CC(C)=CC(C)=CC(C)=C,(ccmal-ccmal)(ccmmal)(ccmmal)(ohmmal-mal-ccmmal)(ccmmal-ccmmal-ccmmal)
89,cxmA;cxmE;cxmD;cxmB;cxmC,0.39660899132372474,0.3601255101515253,0.420931312105191,C(C)C(O)CC(=O)C(C)=CC=CC=CC(C)=CC(C)=CC(C)=CC(C)=CC(C)=C,(ohmmal-mal-ccmmal)(ccmal-ccmal)(ccmmal)(ccmmal-ccmmal-ccmmal)(ccmmal)
90,cxmE;cxmB;cxmD;cxmC;cxmA,0.39636515119153964,0.293179805082465,0.46515538193092265,C=CC=CC(C)=CC(C)=CC(C)=CC(C)=CC(C)=CC(C)C(O)CC(=O)C(C)=C,(ccmal-ccmal)(ccmmal-ccmmal-ccmmal)(ccmmal)(ccmmal)(ohmmal-mal-ccmmal)
91,cxmA;cxmD;cxmC;cxmE;cxmB,0.3954713068831709,0.29428538164770646,0.4629285903734806,C(C)C(O)CC(=O)C(C)=CC(C)=CC(C)=CC=CC=CC(C)=CC(C)=CC(C)=C,(ohmmal-mal-ccmmal)(ccmmal)(ccmmal)(ccmal-ccmal)(ccmmal-ccmmal-ccmmal)
92,cxmD;cxmB;cxmC;cxmA;cxmE,0.39506003952189306,0.25769500980105964,0.48663672600244856,C(C)=CC(C)=CC(C)=CC(C)=CC(C)=CC(C)C(O)CC(=O)C(C)=CC=CC=C,(ccmmal)(ccmmal-ccmmal-ccmmal)(ccmmal)(ohmmal-mal-ccmmal)(ccmal-ccmal)
93,cxmC;cxmB;cxmE;cxmA;cxmD,0.39404198531599455,0.19383175408227626,0.5275154728051401,C(C)=CC(C)=CC(C)=CC(C)=CC=CC=CC(C)C(O)CC(=O)C(C)=CC(C)=C,(ccmmal)(ccmmal-ccmmal-ccmmal)(ccmal-ccmal)(ohmmal-mal-ccmmal)(ccmmal)
94,cxmA;cxmC;cxmB;cxmE;cxmD,0.3931148449298947,0.29676985751829904,0.4573448365376251,C(C)C(O)CC(=O)C(C)=CC(C)=CC(C)=CC(C)=CC(C)=CC=CC=CC(C)=C,(ohmmal-mal-ccmmal)(ccmmal)(ccmmal-ccmmal-ccmmal)(ccmal-ccmal)(ccmmal)
95,cxmD;cxmA;cxmC;cxmB;cxmE,0.38832177579171673,0.15943515113561807,0.5409128588957826,C(C)=CC(C)C(O)CC(=O)C(C)=CC(C)=CC(C)=CC(C)=CC(C)=CC=CC=C,(ccmmal)(ohmmal-mal-ccmmal)(ccmmal)(ccmmal-ccmmal-ccmmal)(ccmal-ccmal)
96,cxmC;cxmE;cxmD;cxmB;cxmA,0.3883180469726232,0.3848522477595851,0.39062857978131527,C(C)=CC=CC=CC(C)=CC(C)=CC(C)=CC(C)=CC(C)C(O)CC(=O)C(C)=C,(ccmmal)(ccmal-ccmal)(ccmmal)(ccmmal-ccmmal-ccmmal)(ohmmal-mal-ccmmal)
97,cxmE;cxmD;cxmB;cxmC;cxmA,0.3882753003720154,0.4036175055726211,0.37804716357161156,C=CC=CC(C)=CC(C)=CC(C)=CC(C)=CC(C)=CC(C)C(O)CC(=O)C(C)=C,(ccmal-ccmal)(ccmmal)(ccmmal-ccmmal-ccmmal)(ccmmal)(ohmmal-mal-ccmmal)
98,cxmD;cxmC;cxmB;cxmE;cxmA,0.3863708506742551,0.19334982464587613,0.5150515346931743,C(C)=CC(C)=CC(C)=CC(C)=CC(C)=CC=CC=CC(C)C(O)CC(=O)C(C)=C,(ccmmal)(ccmmal)(ccmmal-ccmmal-ccmmal)(ccmal-ccmal)(ohmmal-mal-ccmmal)
99,cxmB;cxmE;cxmD;cxmA;cxmC,0.38585151089356967,0.3167406486700085,0.4319254190426105,C(C)=CC(C)=CC(C)=CC=CC=CC(C)=CC(C)C(O)CC(=O)C(C)=CC(C)=C,(ccmmal-ccmmal-ccmmal)(ccmal-ccmal)(ccmmal)(ohmmal-mal-ccmmal)(ccmmal)
100,cxmC;cxmE;cxmA;cxmD;cxmB,0.38497232928060937,0.22907818770494753,0.4889017569977173,C(C)=CC=CC=CC(C)C(O)CC(=O)C(C)=CC(C)=CC(C)=CC(C)=CC(C)=C,(ccmmal)(ccmal-ccmal)(ohmmal-mal-ccmmal)(ccmmal)(ccmmal-ccmmal-ccmmal)
101,cxmA;cxmC;cxmE;cxmD;cxmB,0.3840451888945095,0.3320162911409703,0.4187311207302023,C(C)C(O)CC(=O)C(C)=CC(C)=CC=CC=CC(C)=CC(C)=CC(C)=CC(C)=C,(ohmmal-mal-ccmmal)(ccmmal)(ccmal-ccmal)(ccmmal)(ccmmal-ccmmal-ccmmal)
102,cxmC;cxmB;cxmD;cxmA;cxmE,0.3769261582709676,0.13242379865269105,0.5399277313498186,C(C)=CC(C)=CC(C)=CC(C)=CC(C)=CC(C)C(O)CC(=O)C(C)=CC=CC=C,(ccmmal)(ccmmal-ccmmal-ccmmal)(ccmmal)(ohmmal-mal-ccmmal)(ccmal-ccmal)
103,cxmB;cxmE;cxmA;cxmD;cxmC,0.3768251306873815,0.19305605225952424,0.49933784963928635,C(C)=CC(C)=CC(C)=CC=CC=CC(C)C(O)CC(=O)C(C)=CC(C)=CC(C)=C,(ccmmal-ccmmal-ccmmal)(ccmal-ccmal)(ohmmal-mal-ccmmal)(ccmmal)(ccmmal)
104,cxmE;cxmB;cxmA;cxmD;cxmC,0.3761663448653286,0.23695310343397455,0.4689751724862312,C=CC=CC(C)=CC(C)=CC(C)=CC(C)C(O)CC(=O)C(C)=CC(C)=CC(C)=C,(ccmal-ccmal)(ccmmal-ccmmal-ccmmal)(ohmmal-mal-ccmmal)(ccmmal)(ccmmal)
105,cxmB;cxmA;cxmD;cxmC;cxmE,0.3755411199580273,0.21794453036854308,0.48060551301768345,C(C)=CC(C)=CC(C)=CC(C)C(O)CC(=O)C(C)=CC(C)=CC(C)=CC=CC=C,(ccmmal-ccmmal-ccmmal)(ohmmal-mal-ccmmal)(ccmmal)(ccmmal)(ccmal-ccmal)
106,cxmC;cxmB;cxmE;cxmD;cxmA,0.3723283514322576,0.30790695258464706,0.415275950663998,C(C)=CC(C)=CC(C)=CC(C)=CC=CC=CC(C)=CC(C)C(O)CC(=O)C(C)=C,(ccmmal)(ccmmal-ccmmal-ccmmal)(ccmal-ccmal)(ccmmal)(ohmmal-mal-ccmmal)
107,cxmD;cxmC;cxmA;cxmE;cxmB,0.36821130486452813,0.24183522206310412,0.4524620267321442,C(C)=CC(C)=CC(C)C(O)CC(=O)C(C)=CC=CC=CC(C)=CC(C)=CC(C)=C,(ccmmal)(ccmmal)(ohmmal-mal-ccmmal)(ccmal-ccmal)(ccmmal-ccmmal-ccmmal)
108,cxmC;cxmB;cxmA;cxmE;cxmD,0.3670469243698292,0.2687005729571584,0.4326111586449431,C(C)=CC(C)=CC(C)=CC(C)=CC(C)C(O)CC(=O)C(C)=CC=CC=CC(C)=C,(ccmmal)(ccmmal-ccmmal-ccmmal)(ohmmal-mal-ccmmal)(ccmal-ccmal)(ccmmal)
109,cxmE;cxmD;cxmB;cxmA;cxmC,0.36474022687666713,0.2746840129272383,0.4247777028429529,C=CC=CC(C)=CC(C)=CC(C)=CC(C)=CC(C)C(O)CC(=O)C(C)=CC(C)=C,(ccmal-ccmal)(ccmmal)(ccmmal-ccmmal-ccmmal)(ohmmal-mal-ccmmal)(ccmmal)
110,cxmB;cxmD;cxmC;cxmA;cxmE,0.3629534209787008,0.1665523028621544,0.493887499723065,C(C)=CC(C)=CC(C)=CC(C)=CC(C)=CC(C)C(O)CC(=O)C(C)=CC=CC=C,(ccmmal-ccmmal-ccmmal)(ccmmal)(ccmmal)(ohmmal-mal-ccmmal)(ccmal-ccmal)
111,cxmB;cxmE;cxmD;cxmC;cxmA,0.35835561413999084,0.3420354567941104,0.3692357190372444,C(C)=CC(C)=CC(C)=CC=CC=CC(C)=CC(C)=CC(C)C(O)CC(=O)C(C)=C,(ccmmal-ccmmal-ccmmal)(ccmal-ccmal)(ccmmal)(ccmmal)(ohmmal-mal-ccmmal)
112,cxmC;cxmA;cxmD;cxmB;cxmE,0.35698163097713365,0.19374463434366762,0.4658062953994444,C(C)=CC(C)C(O)CC(=O)C(C)=CC(C)=CC(C)=CC(C)=CC(C)=CC=CC=C,(ccmmal)(ohmmal-mal-ccmmal)(ccmmal)(ccmmal-ccmmal-ccmmal)(ccmal-ccmal)
113,cxmA;cxmD;cxmC;cxmB;cxmE,0.35529937575124304,0.12956118968944316,0.505791499792443,C(C)C(O)CC(=O)C(C)=CC(C)=CC(C)=CC(C)=CC(C)=CC(C)=CC=CC=C,(ohmmal-mal-ccmmal)(ccmmal)(ccmmal)(ccmmal-ccmmal-ccmmal)(ccmal-ccmal)
114,cxmD;cxmC;cxmB;cxmA;cxmE,0.35230033463936333,0.11061937360001586,0.5134209753322615,C(C)=CC(C)=CC(C)=CC(C)=CC(C)=CC(C)C(O)CC(=O)C(C)=CC=CC=C,(ccmmal)(ccmmal)(ccmmal-ccmmal-ccmmal)(ohmmal-mal-ccmmal)(ccmal-ccmal)
115,cxmE;cxmD;cxmA;cxmC;cxmB,0.35119625800366006,0.224452405727424,0.4356921595211507,C=CC=CC(C)=CC(C)C(O)CC(=O)C(C)=CC(C)=CC(C)=CC(C)=CC(C)=C,(ccmal-ccmal)(ccmmal)(ohmmal-mal-ccmmal)(ccmmal)(ccmmal-ccmmal-ccmmal)
116,cxmB;cxmA;cxmE;cxmD;cxmC,0.3498300697412162,0.26792487113440633,0.40443353547908945,C(C)=CC(C)=CC(C)=CC(C)C(O)CC(=O)C(C)=CC=CC=CC(C)=CC(C)=C,(ccmmal-ccmmal-ccmmal)(ohmmal-mal-ccmmal)(ccmal-ccmal)(ccmmal)(ccmmal)
117,cxmE;cxmD;cxmC;cxmB;cxmA,0.3455155954894856,0.2565418693715773,0.40483141290142455,C=CC=CC(C)=CC(C)=CC(C)=CC(C)=CC(C)=CC(C)C(O)CC(=O)C(C)=C,(ccmal-ccmal)(ccmmal)(ccmmal)(ccmmal-ccmmal-ccmmal)(ohmmal-mal-ccmmal)
118,cxmE;cxmA;cxmD;cxmC;cxmB,0.3421698777974718,0.1007678093169397,0.5031045901178266,C=CC=CC(C)C(O)CC(=O)C(C)=CC(C)=CC(C)=CC(C)=CC(C)=CC(C)=C,(ccmal-ccmal)(ohmmal-mal-ccmmal)(ccmmal)(ccmmal)(ccmmal-ccmmal-ccmmal)
119,cxmC;cxmA;cxmE;cxmD;cxmB,0.3337163074276811,0.2704386630846546,0.37590140365636543,C(C)=CC(C)C(O)CC(=O)C(C)=CC=CC=CC(C)=CC(C)=CC(C)=CC(C)=C,(ccmmal)(ohmmal-mal-ccmmal)(ccmal-ccmal)(ccmmal)(ccmmal-ccmmal-ccmmal)
120,cxmA;cxmE;cxmD;cxmC;cxmB,0.3320340522017905,0.20625521843043013,0.41588660804936406,C(C)C(O)CC(=O)C(C)=CC=CC=CC(C)=CC(C)=CC(C)=CC(C)=CC(C)=C,(ohmmal-mal-ccmmal)(ccmal-ccmal)(ccmmal)(ccmmal)(ccmmal-ccmmal-ccmmal)
