PathwayID,Pathway,Score,Score2,Score3,ProductSMILES,Polymer
1,gonP6;gonP7;gonP8,0.6405285096937704,0.6482799065212804,0.6353609118087638,CC(O)CCCC(O)C(C)C(O)C=CC(C)=C,(ohmal-redmal-ohmal)(ohmmal-ccmal)(ccmmal)
2,gonP8;gonP6;gonP7,0.5960089734960958,0.7814754083144029,0.4723646836172245,C(C)=CCC(O)CCCC(O)C(C)C(O)C=C,(ccmmal)(ohmal-redmal-ohmal)(ohmmal-ccmal)
3,gonP7;gonP8;gonP6,0.3526124014590788,0.43764910936403906,0.2959212628557719,C(C)C(O)C=CC(C)=CCC(O)CCCC(O),(ohmmal-ccmal)(ccmmal)(ohmal-redmal-ohmal)
4,gonP6;gonP8;gonP7,0.27878567308014146,0.4251521383559198,0.18120802956295584,CC(O)CCCC(O)C(C)=CC(C)C(O)C=C,(ohmal-redmal-ohmal)(ccmmal)(ohmmal-ccmal)
5,gonP8;gonP7;gonP6,0.27781724619366266,0.31506189029756265,0.25298748345772937,C(C)=CC(C)C(O)C=CCC(O)CCCC(O),(ccmmal)(ohmmal-ccmal)(ohmal-redmal-ohmal)
6,gonP7;gonP6;gonP8,0.26456403169384163,0.18593141769137758,0.316985774362151,C(C)C(O)C=CCC(O)CCCC(O)C(C)=C,(ohmmal-ccmal)(ohmal-redmal-ohmal)(ccmmal)
