PathwayID,Pathway,Score,Score2,Score3,ProductSMILES,Polymer
1,mbcAI;mbcAII;mbcAIII,0.5901423569322392,0.3611577494358241,0.7427987619298492,C(C)CC([*])C(-O)C(C)C(O)C(C)=CC(C)C(O)CCC(C)=C,(redmmal-pk-ohmmal)(ccmmal-ohmmal)(redmal-ccmmal)
2,mbcAIII;mbcAI;mbcAII,0.4977326510558509,0.3043678136577418,0.6266425426545904,CCC(C)=CC(C)CC([*])C(-O)C(C)C(O)C(C)=CC(C)C(O),(redmal-ccmmal)(redmmal-pk-ohmmal)(ccmmal-ohmmal)
3,mbcAII;mbcAIII;mbcAI,0.4761030851235722,0.3292986568744005,0.5739727039563534,C(C)=CC(C)C(O)CCC(C)=CC(C)CC([*])C(-O)C(C)C(O),(ccmmal-ohmmal)(redmal-ccmmal)(redmmal-pk-ohmmal)
4,mbcAIII;mbcAII;mbcAI,0.3946580134761176,0.3317172752482683,0.4366185056280171,CCC(C)=CC(C)=CC(C)C(O)C(C)CC([*])C(-O)C(C)C(O),(redmal-ccmmal)(ccmmal-ohmmal)(redmmal-pk-ohmmal)
5,mbcAI;mbcAIII;mbcAII,0.27518531649389,0.3505348710726923,0.22495228010802176,C(C)CC([*])C(-O)C(C)C(O)CCC(C)=CC(C)=CC(C)C(O),(redmmal-pk-ohmmal)(redmal-ccmmal)(ccmmal-ohmmal)
6,mbcAII;mbcAI;mbcAIII,0.2374689671534837,0.22254515580337864,0.2474181747202204,C(C)=CC(C)C(O)C(C)CC([*])C(-O)C(C)C(O)CCC(C)=C,(ccmmal-ohmmal)(redmmal-pk-ohmmal)(redmal-ccmmal)
